train/loss,epoch,step,timestamp
2.270404613018036,0,10,1786955019.9142342
1.505384960770607,0,20,1786955020.239579
1.173742127418518,0,30,1786955020.5647252
1.0034808382391929,0,40,1786955020.896488
0.8948255580663681,0,50,1786955021.2087502
0.8200526051223278,0,60,1786955021.5232584
0.7620555445551872,0,70,1786955021.8654404
0.7136797802522779,0,80,1786955022.2177281
0.6745355842841996,0,90,1786955022.5521822
0.6449927526712418,0,100,1786955022.8983872
0.6195422324267301,0,110,1786955023.2345235
0.5983920129636924,0,120,1786955023.57628
0.5869008040198913,0,130,1786955023.9079208
0.5772273705473968,0,140,1786955024.2427268
0.5669608238339424,0,150,1786955024.5675433
0.5551647708751262,0,160,1786955024.89003
0.5438251149128465,0,170,1786955025.2161076
0.5353779227369362,0,180,1786955025.5462692
0.5286402836441993,0,190,1786955025.878125
0.5216593147069216,0,200,1786955026.2071726
0.5160955242457844,0,210,1786955026.5338397
0.5098641002042728,0,220,1786955026.865538
0.5024944870368294,0,230,1786955027.1978056
0.4972775184859832,0,240,1786955027.5244393
0.49111433416604994,0,250,1786955027.8504825
0.4878155865921424,0,260,1786955028.1848826
0.4837245531104229,0,270,1786955028.525092
0.47897696239607673,0,280,1786955028.8629017
0.4751386379887318,0,290,1786955029.1932662
0.47120922336975735,0,300,1786955029.5327814
0.4680469345661902,0,310,1786955029.878132
0.4647351762279868,0,320,1786955030.2196033
0.46129033421025134,0,330,1786955030.56579
0.4580589953590842,0,340,1786955030.9025927
0.45610787451267243,0,350,1786955031.2478383
0.45326754661897817,0,360,1786955031.6008155
0.45094787752306137,0,370,1786955031.9484868
0.4490491341211294,0,380,1786955032.321854
0.4473010725317857,0,390,1786955032.6628351
0.4452791884914041,0,400,1786955033.014241
0.442689058220968,0,410,1786955033.363974
0.4399630310634772,0,420,1786955033.7137783
0.43845193989055103,0,430,1786955034.0606284
0.4364021453329108,0,440,1786955034.4022825
0.43454587224457,0,450,1786955034.7466404
0.43231168450868646,0,460,1786955035.0835538
0.43000749026207213,0,470,1786955035.4238794
0.42809343499441943,0,480,1786955035.76342
0.42668723640393236,0,490,1786955036.0938706
0.4251448347270489,0,500,1786955036.4325643
0.4245409959671544,0,510,1786955036.7634068
0.4233759951706116,0,520,1786955037.0948946
0.42158824005779233,0,530,1786955037.4253707
0.41916721060320183,0,540,1786955037.7709417
0.41771735142577776,0,550,1786955038.1217494
0.41626597940921783,0,560,1786955038.4558659
0.41488231200920905,0,570,1786955038.7845876
0.41465630634077666,0,580,1786955039.1142766
0.4129525789264905,0,590,1786955039.4388306
0.41101189983387787,0,600,1786955039.7599702
0.4092594463805683,0,610,1786955040.08382
0.4080858775444569,0,620,1786955040.4068851
0.4073019389358778,0,630,1786955040.7247021
0.4065607793862,0,640,1786955041.0513415
0.4057065971310322,0,650,1786955041.368419
0.4047428567978469,0,660,1786955041.6845126
0.4038663444234364,0,670,1786955041.9931753
0.40240127155009436,0,680,1786955042.3262486
0.4011450375335804,0,690,1786955042.631965
0.40061365178653174,0,700,1786955042.9368818
0.39992117705479474,0,710,1786955043.2411063
0.39855352354546386,0,720,1786955043.5457454
0.3985299629299608,0,730,1786955043.848411
0.3969676758389215,0,740,1786955044.1541276
0.3962128088474274,0,750,1786955044.4730945
0.39491491966733805,0,760,1786955044.789963
0.3942630950700153,0,770,1786955045.1011448
0.3930727445544341,0,780,1786955045.4202242
0.3922884301482877,0,790,1786955045.729489
0.39184969129040836,0,800,1786955046.041459
0.39038624509617137,0,810,1786955046.3536077
0.3895657959689454,0,820,1786955046.673416
0.3891369038497109,0,830,1786955047.0198684
0.38818808724837645,0,840,1786955047.341468
0.38813261167091484,0,850,1786955047.6627288
0.38839692870198295,0,860,1786955047.9782403
0.3879351572058667,0,870,1786955048.299748
0.3884962991896001,0,880,1786955048.61679
0.38930841948878897,0,890,1786955048.941827
0.38948196884658604,0,900,1786955049.2768059
0.38950411682273006,0,910,1786955049.6102521
0.38992299669138764,0,920,1786955049.9458954
0.390980400721873,0,930,1786955050.276341
0.39117566875003756,0,940,1786955050.602028
0.3919119329358402,0,950,1786955050.92721
0.392210693207259,0,960,1786955051.2504904
0.39191357636267377,0,970,1786955051.580972
0.39159796669775127,0,980,1786955051.9072733
0.39138374599543485,0,990,1786955052.2549217
0.3914836258739233,0,1000,1786955052.5744686
0.3913168701057387,0,1010,1786955052.8981943
0.39105358046351696,0,1020,1786955053.2248712
0.39065451331219625,0,1030,1786955053.551421
0.3906266706924026,0,1040,1786955053.8847804
0.3905315722596078,0,1050,1786955054.2111526
0.3906328994851067,0,1060,1786955054.5447948
0.39012965738216293,0,1070,1786955054.87247
0.38921156308993143,0,1080,1786955055.1944642
0.38890436808450507,0,1090,1786955055.5156653
0.3888990630344911,0,1100,1786955055.8286443
0.3882125239651482,0,1110,1786955056.138007
0.3881989005287843,0,1120,1786955056.4530962
0.3880817868145166,0,1130,1786955056.7696905
0.3870350920317466,0,1140,1786955057.085852
0.38659964216792064,0,1150,1786955057.407195
0.38596654508005956,0,1160,1786955057.7259912
0.3856224954574027,0,1170,1786955058.0430694
0.38567208195010483,0,1180,1786955058.358102
0.3854048476937939,0,1190,1786955058.6740005
0.3851740824741622,0,1200,1786955058.9982643
0.38471214931981623,0,1210,1786955059.3182561
0.38454506346558937,0,1220,1786955059.630226
0.3848214392679009,0,1230,1786955059.944393
0.3840793279930949,0,1240,1786955060.2585926
0.3830107128560543,0,1250,1786955060.5707936
0.38341184009517,0,1260,1786955060.8873637
0.3837559670151219,0,1270,1786955061.1989372
0.3837596918165218,0,1280,1786955061.514283
0.3834863526356775,0,1290,1786955061.842425
0.38353543089559444,0,1300,1786955062.1847262
0.383335864924975,0,1310,1786955062.5028155
0.3834457882030895,0,1320,1786955062.824405
0.3833518668729112,0,1330,1786955063.1306655
0.3831977404376019,0,1340,1786955063.4377732
0.3829592951414762,0,1350,1786955063.7467363
0.38290766436497076,0,1360,1786955064.0555856
0.3828360925245024,0,1370,1786955064.3785439
0.3824521830278462,0,1380,1786955064.688621
0.38291516526461505,0,1390,1786955065.0036442
0.3830181171159659,0,1400,1786955065.3155947
0.38318613274617397,0,1410,1786955065.6441734
0.3831762088803758,0,1420,1786955065.9520824
0.3836025363029717,0,1430,1786955066.2658787
0.3834969831785808,0,1440,1786955066.5816884
0.38333036424270994,0,1450,1786955066.8959827
0.3830381222018232,0,1460,1786955067.2133627
0.38215404067213843,0,1470,1786955067.5290248
0.3816561456417312,0,1480,1786955067.840334
0.3814925978797794,0,1490,1786955068.1569266
0.3814629935771227,0,1500,1786955068.470116
0.3812430320739351,0,1510,1786955068.7801478
0.3809495124916889,0,1520,1786955069.0991476
0.38058646073430974,0,1530,1786955069.411486
0.3799850108997001,0,1540,1786955069.724732
0.37982927143093076,0,1550,1786955070.0362504
0.35620175004005433,1,1569,1786955070.654603
0.40533464401960373,1,1579,1786955070.9803593
0.4093285242716471,1,1589,1786955071.287394
0.42007621191442013,1,1599,1786955071.590491
0.40663900345563886,1,1609,1786955071.9040205
0.4086634134252866,1,1619,1786955072.2373672
0.43958245260374884,1,1629,1786955072.5470653
0.45440651588141917,1,1639,1786955072.8551524
0.45227821667989093,1,1649,1786955073.1687064
0.4458957013487816,1,1659,1786955073.476761
0.4357096964662725,1,1669,1786955073.7890596
0.4324578476448854,1,1679,1786955074.1029248
0.4302142604039266,1,1689,1786955074.4226272
0.4230441853404045,1,1699,1786955074.7385824
0.41447706838448845,1,1709,1786955075.0484555
0.40823188992217185,1,1719,1786955075.3646214
0.4042966261506081,1,1729,1786955075.6943269
0.40274798605177137,1,1739,1786955076.0105963
0.40083276982370175,1,1749,1786955076.3280277
0.4009987798333168,1,1759,1786955076.6456866
0.40002521077791847,1,1769,1786955076.9581473
0.3982750864191489,1,1779,1786955077.265793
0.3965623667706614,1,1789,1786955077.5824077
0.39829131041963894,1,1799,1786955077.893863
0.39617315965890887,1,1809,1786955078.2035284
0.39514108311671475,1,1819,1786955078.5131793
0.3935356823382554,1,1829,1786955078.8260603
0.3916209572127887,1,1839,1786955079.1400895
0.3896873715622672,1,1849,1786955079.463798
0.38956053843100863,1,1859,1786955079.7814314
0.3876883524079477,1,1869,1786955080.0970507
0.3883877732791007,1,1879,1786955080.4163384
0.38769053577473667,1,1889,1786955080.7303803
0.388367719772984,1,1899,1786955081.0394495
0.38805392082248413,1,1909,1786955081.3488336
0.3866035190721353,1,1919,1786955081.6601555
0.386296213438382,1,1929,1786955081.9837353
0.38468688824459124,1,1939,1786955082.3205836
0.3822392252011177,1,1949,1786955082.6304944
0.38143525820225477,1,1959,1786955082.9449072
0.37922694653999517,1,1969,1786955083.255178
0.37830721324398403,1,1979,1786955083.5696962
0.3773191047615783,1,1989,1786955083.888952
0.37602278204126793,1,1999,1786955084.2073126
0.37738452176253,1,2009,1786955084.527523
0.3769145219222359,1,2019,1786955084.8428206
0.3763464302141616,1,2029,1786955085.1606598
0.3755838046160837,1,2039,1786955085.4890525
0.37471888591440355,1,2049,1786955085.8065224
0.3736019291877747,1,2059,1786955086.1169116
0.3723490472663851,1,2069,1786955086.4326093
0.3713141969620035,1,2079,1786955086.747603
0.37210447803701996,1,2089,1786955087.0623324
0.3715652562815834,1,2099,1786955087.373706
0.37103935064239935,1,2109,1786955087.6814525
0.37064848990578736,1,2119,1786955087.9896605
0.3705075903550575,1,2129,1786955088.2997727
0.37002690607874555,1,2139,1786955088.6226947
0.3698565297081309,1,2149,1786955088.9605668
0.3689355865245064,1,2159,1786955089.2957647
0.3678863378211123,1,2169,1786955089.6176224
0.3672443804841849,1,2179,1786955089.9329576
0.3661912606940383,1,2189,1786955090.2381196
0.36521077604265884,1,2199,1786955090.5529773
0.3648521607999618,1,2209,1786955090.8643885
0.36476396957807466,1,2219,1786955091.1721945
0.36397543492824286,1,2229,1786955091.4882154
0.36401076723328407,1,2239,1786955091.8033383
0.3645551286853742,1,2249,1786955092.1446178
0.36391861054514135,1,2259,1786955092.4673722
0.3639057200874241,1,2269,1786955092.7761238
0.3632706548087299,1,2279,1786955093.0953844
0.3622102506662885,1,2289,1786955093.4122698
0.3613654078563323,1,2299,1786955093.723615
0.36087841444214186,1,2309,1786955094.0327637
0.3600687645277695,1,2319,1786955094.348947
0.359837305555483,1,2329,1786955094.669632
0.3595068634798129,1,2339,1786955094.9785268
0.3586073523929602,1,2349,1786955095.2958968
0.3583513488713652,1,2359,1786955095.626394
0.3577471619678868,1,2369,1786955095.9449353
0.3573713128068825,1,2379,1786955096.2527382
0.35725355405943937,1,2389,1786955096.5614812
0.35647324214556386,1,2399,1786955096.8743494
0.3560154433022527,1,2409,1786955097.188875
0.35583121644029786,1,2419,1786955097.5094347
0.3552530636133134,1,2429,1786955097.8130286
0.3546291933733631,1,2439,1786955098.1139512
0.3545077022206917,1,2449,1786955098.4297295
0.3541051993601852,1,2459,1786955098.7339396
0.35367122341643326,1,2469,1786955099.0396242
0.3529945177714462,1,2479,1786955099.3579755
0.35300302686550283,1,2489,1786955099.6639724
0.352698581808425,1,2499,1786955099.9669363
0.3524342517162624,1,2509,1786955100.2751586
0.35194704754588507,1,2519,1786955100.5925467
0.3511076441514738,1,2529,1786955100.8941774
0.35065189547532677,1,2539,1786955101.200886
0.35019685090942815,1,2549,1786955101.5137455
0.34985582195967435,1,2559,1786955101.826669
0.34973214605804714,1,2569,1786955102.156973
0.34921837652869087,1,2579,1786955102.4751854
0.34883361063101914,1,2589,1786955102.794979
0.34853400686182656,1,2599,1786955103.1152468
0.3481690926991758,1,2609,1786955103.437058
0.34823422935914317,1,2619,1786955103.7634158
0.3479034817734054,1,2629,1786955104.105776
0.34747090566627403,1,2639,1786955104.4404113
0.3472145564580729,1,2649,1786955104.751948
0.34685797235505145,1,2659,1786955105.0649607
0.34687736816368664,1,2669,1786955105.3787682
0.3469336175559355,1,2679,1786955105.6902082
0.34669351598198433,1,2689,1786955105.9950945
0.346527322427484,1,2699,1786955106.2987683
0.346088352650404,1,2709,1786955106.6082604
0.3461271206430834,1,2719,1786955106.9255302
0.3461401167652036,1,2729,1786955107.2471335
0.34588070218214545,1,2739,1786955107.5613818
0.34621013765450287,1,2749,1786955107.8757546
0.3460087160083155,1,2759,1786955108.1902251
0.34568358473171873,1,2769,1786955108.5037906
0.3455511118117415,1,2779,1786955108.812005
0.34548516415847025,1,2789,1786955109.1303942
0.3449697368267563,1,2799,1786955109.4608831
0.3448192296206951,1,2809,1786955109.7746983
0.34468387520857274,1,2819,1786955110.080712
0.34469424616985433,1,2829,1786955110.3986547
0.34440580363734624,1,2839,1786955110.7159956
0.3442817235582097,1,2849,1786955111.0271637
0.34373537591443615,1,2859,1786955111.342172
0.3434773329730707,1,2869,1786955111.6468961
0.34330678713705504,1,2879,1786955111.9577072
0.3431604782833641,1,2889,1786955112.2936409
0.34365775285483297,1,2899,1786955112.6062818
0.34347761135962274,1,2909,1786955112.9128218
0.34350419374840224,1,2919,1786955113.2206006
0.34343293537079855,1,2929,1786955113.5345516
0.34313667413873084,1,2939,1786955113.8424037
0.34309333368278233,1,2949,1786955114.1509676
0.3430385792627931,1,2959,1786955114.4648151
0.3428754505060666,1,2969,1786955114.7781847
0.3426698735639663,1,2979,1786955115.096198
0.342671386287971,1,2989,1786955115.4076056
0.34244401146036885,1,2999,1786955115.7226527
0.3420667237711364,1,3009,1786955116.0347161
0.3417096590495681,1,3019,1786955116.3466609
0.34175877741911787,1,3029,1786955116.6543314
0.3413287408700263,1,3039,1786955116.9635446
0.3412027694284916,1,3049,1786955117.271421
0.3407326176216205,1,3059,1786955117.587127
0.3403395750220643,1,3069,1786955117.9007504
0.3406925342339826,1,3079,1786955118.2054663
0.34063691039587934,1,3089,1786955118.52352
0.3400883005254648,1,3099,1786955118.8463697
0.33978246421823577,1,3109,1786955119.1665127
0.3144870147109032,2,3128,1786955119.7842548
0.3045855641365051,2,3138,1786955120.101634
0.29608865827322006,2,3148,1786955120.4130554
0.2977826066315174,2,3158,1786955120.7209494
0.3071050029993057,2,3168,1786955121.0295045
0.3093027241528034,2,3178,1786955121.3447626
0.3103039341313498,2,3188,1786955121.6598947
0.31167892422527077,2,3198,1786955121.9809437
0.31173543284336724,2,3208,1786955122.3213632
0.3098628704249859,2,3218,1786955122.6332655
0.31303467425433074,2,3228,1786955122.9464827
0.3150185932715734,2,3238,1786955123.2547386
0.3144365056202962,2,3248,1786955123.5672088
0.31606802344322205,2,3258,1786955123.8733196
0.31790416926145554,2,3268,1786955124.178446
0.3192531860433519,2,3278,1786955124.488704
0.3198288992923849,2,3288,1786955124.8002117
0.31837594252493645,2,3298,1786955125.1039832
0.319376729820904,2,3308,1786955125.4206524
0.3184052672982216,2,3318,1786955125.7398105
0.318032007699921,2,3328,1786955126.048277
0.3157463105564768,2,3338,1786955126.3565414
0.31738485454217247,2,3348,1786955126.6586964
0.3157489556198319,2,3358,1786955126.972717
0.31593274974823,2,3368,1786955127.2858555
0.31526636269230107,2,3378,1786955127.5985408
0.31569490670054046,2,3388,1786955127.9106755
0.3163800407733236,2,3398,1786955128.2198887
0.31745564228501816,2,3408,1786955128.537088
0.3181351319452127,2,3418,1786955128.8492422
0.31739531923686304,2,3428,1786955129.1512551
0.3163881876505911,2,3438,1786955129.457806
0.31703836394078805,2,3448,1786955129.7682471
0.3168878179700936,2,3458,1786955130.0739932
0.31624931961297986,2,3468,1786955130.3909883
0.31650662169688276,2,3478,1786955130.6992848
0.31597376103336744,2,3488,1786955131.0135558
0.31762913794893965,2,3498,1786955131.3334346
0.31788512903910415,2,3508,1786955131.6510484
0.3181858861073852,2,3518,1786955131.9701123
0.3207381245203135,2,3528,1786955132.3111436
0.32461314808045116,2,3538,1786955132.6276367
0.3395173247123873,2,3548,1786955132.9465418
0.34366097727959805,2,3558,1786955133.2630193
0.3470569133758545,2,3568,1786955133.581905
0.3507296836570553,2,3578,1786955133.8901157
0.3539046678454318,2,3588,1786955134.1980042
0.35672202076142034,2,3598,1786955134.5100842
0.3600782816203273,2,3608,1786955134.8225045
0.36442039141058924,2,3618,1786955135.1298156
0.37010951705423056,2,3628,1786955135.4446285
0.3744407434589588,2,3638,1786955135.7601805
0.37564960917774237,2,3648,1786955136.0724142
0.37677733829175986,2,3658,1786955136.3893251
0.3762818949872797,2,3668,1786955136.7009635
0.3764895819659744,2,3678,1786955137.045395
0.37720284278978383,2,3688,1786955137.3557456
0.3773027404115118,2,3698,1786955137.6755867
0.3767657625473152,2,3708,1786955137.981522
0.3767360386500756,2,3718,1786955138.2877905
0.37622045339619525,2,3728,1786955138.6029181
0.37582262768860786,2,3738,1786955138.9112842
0.375543798435302,2,3748,1786955139.221631
0.37522126724943516,2,3758,1786955139.5323515
0.3755685754464223,2,3768,1786955139.845238
0.3747991083472064,2,3778,1786955140.1519854
0.3741963294015002,2,3788,1786955140.4582615
0.3727377172997769,2,3798,1786955140.7704828
0.3720816362379254,2,3808,1786955141.0786057
0.3720306093139308,2,3818,1786955141.3935597
0.37150647806029924,2,3828,1786955141.7028346
0.37146435394469235,2,3838,1786955142.0262282
0.37099003114112433,2,3848,1786955142.3701453
0.37042409759518263,2,3858,1786955142.6854916
0.37025214431683223,2,3868,1786955143.0004387
0.36992079005821754,2,3878,1786955143.3106856
0.3692514409686064,2,3888,1786955143.6248386
0.36954004128391926,2,3898,1786955143.9409506
0.36844765393039847,2,3908,1786955144.2549734
0.36878675140440464,2,3918,1786955144.5674627
0.36837720655732686,2,3928,1786955144.879664
0.3678108591313769,2,3938,1786955145.1867728
0.36778433816619666,2,3948,1786955145.4948413
0.36748811604366416,2,3958,1786955145.8011875
0.3675097340695998,2,3968,1786955146.1047397
0.36729403197072275,2,3978,1786955146.419008
0.36793414833901944,2,3988,1786955146.7254481
0.36786881261928517,2,3998,1786955147.028664
0.3678275381413738,2,4008,1786955147.336426
0.3674095997048749,2,4018,1786955147.6478322
0.36697457069224054,2,4028,1786955147.9585083
0.36614419991231484,2,4038,1786955148.2688603
0.36602839079274924,2,4048,1786955148.5797741
0.36613379428361326,2,4058,1786955148.8918948
0.36693576003375805,2,4068,1786955149.2103655
0.36702291754384836,2,4078,1786955149.5260267
0.3675613691819083,2,4088,1786955149.845858
0.36814170887275616,2,4098,1786955150.153832
0.3676723955857633,2,4108,1786955150.465718
0.36784188041090965,2,4118,1786955150.7831736
0.36805771429940026,2,4128,1786955151.1046078
0.3680527207898159,2,4138,1786955151.4257886
0.36776964716540955,2,4148,1786955151.7456753
0.3673589792389136,2,4158,1786955152.0862343
0.36719224127985184,2,4168,1786955152.4099336
0.3666428618414222,2,4178,1786955152.7239966
0.36658322703894053,2,4188,1786955153.0368083
0.36647818934310367,2,4198,1786955153.3587708
0.3665906454581733,2,4208,1786955153.6812274
0.3662141554193063,2,4218,1786955154.002022
0.36590240517178096,2,4228,1786955154.3224728
0.3655649489856192,2,4238,1786955154.6440759
0.36512391097777713,2,4248,1786955154.9587555
0.36467605140386966,2,4258,1786955155.270352
0.3640833624549534,2,4268,1786955155.600645
0.3637464006270828,2,4278,1786955155.913973
0.3635460572747084,2,4288,1786955156.219673
0.3628713325865693,2,4298,1786955156.5400295
0.36244655274668663,2,4308,1786955156.8532727
0.36218571334456406,2,4318,1786955157.1724746
0.3620361928789576,2,4328,1786955157.4949434
0.36219047622480355,2,4338,1786955157.8114994
0.36194639053892314,2,4348,1786955158.1229424
0.3613852963632634,2,4358,1786955158.4297485
0.36118567245602606,2,4368,1786955158.7438078
0.3612545507826975,2,4378,1786955159.0574908
0.3614379840866318,2,4388,1786955159.3697722
0.36136115093831905,2,4398,1786955159.687207
0.36091567045149875,2,4408,1786955159.992631
0.3609548673434899,2,4418,1786955160.3051775
0.36059307614696845,2,4428,1786955160.6237504
0.3606152848255905,2,4438,1786955160.943705
0.36031050584033913,2,4448,1786955161.2679715
0.3601031647967314,2,4458,1786955161.5896387
0.3596515955582813,2,4468,1786955161.91464
0.35930707289782515,2,4478,1786955162.258487
0.3595997816182836,2,4488,1786955162.577539
0.3594759241340385,2,4498,1786955162.8965137
0.3594636633616986,2,4508,1786955163.2159593
0.35934260438063315,2,4518,1786955163.5328724
0.35988642205054877,2,4528,1786955163.8493721
0.3600737225684062,2,4538,1786955164.1643064
0.36002548059279266,2,4548,1786955164.484379
0.35993568337936366,2,4558,1786955164.7987537
0.3594876975180774,2,4568,1786955165.1134336
0.3593356278916336,2,4578,1786955165.4256241
0.35894536498148427,2,4588,1786955165.7363467
0.3585740923428455,2,4598,1786955166.0414767
0.3582079221588253,2,4608,1786955166.3531415
0.3582194725225369,2,4618,1786955166.674404
0.35792978250526436,2,4628,1786955166.989724
0.35783285552047583,2,4638,1786955167.3174999
0.35788148060635805,2,4648,1786955167.6262023
0.3577096476086548,2,4658,1786955167.93573
0.3576360683191207,2,4668,1786955168.255113
0.3805482596158981,3,4687,1786955168.8489397
0.42048358023166654,3,4697,1786955169.1695669
0.4107827986280123,3,4707,1786955169.4905183
0.41763634495437146,3,4717,1786955169.8119507
0.44443185716867445,3,4727,1786955170.1266654
0.45934525355696676,3,4737,1786955170.4380765
0.46779422525848663,3,4747,1786955170.7447681
0.4737950900569558,3,4757,1786955171.051917
0.4808497423926989,3,4767,1786955171.3636386
0.4860631863772869,3,4777,1786955171.689606
0.4812158090147105,3,4787,1786955172.0243325
0.47975592451790966,3,4797,1786955172.3638692
0.48081999524281577,3,4807,1786955172.673294
0.4790527285209724,3,4817,1786955172.9869738
0.47545327494541806,3,4827,1786955173.2997959
0.465751217212528,3,4837,1786955173.6061513
0.45546921579276817,3,4847,1786955173.923183
0.45635309798849955,3,4857,1786955174.2444572
0.4549902407746566,3,4867,1786955174.5599303
0.45802681863307954,3,4877,1786955174.8855488
0.46485468319484163,3,4887,1786955175.198315
0.467672067203305,3,4897,1786955175.509162
0.46876507019219193,3,4907,1786955175.8416963
0.46763278003782033,3,4917,1786955176.1609554
0.46575061851739885,3,4927,1786955176.4727626
0.4658193504007963,3,4937,1786955176.7829924
0.4614970552148642,3,4947,1786955177.098796
0.460081173107028,3,4957,1786955177.409955
0.45625178664922716,3,4967,1786955177.7222166
0.4518998329838117,3,4977,1786955178.0338562
0.4483948237472965,3,4987,1786955178.3494852
0.4461735351011157,3,4997,1786955178.675707
0.44163992553949355,3,5007,1786955179.0057895
0.43931111969492015,3,5017,1786955179.328133
0.43911547375576837,3,5027,1786955179.6544168
0.4373528553793828,3,5037,1786955179.9772124
0.43620650272917105,3,5047,1786955180.294369
0.4350324147233838,3,5057,1786955180.6114187
0.43172720831174116,3,5067,1786955180.92784
0.42916149690747263,3,5077,1786955181.239681
0.42776808909526687,3,5087,1786955181.556901
0.4259069994446777,3,5097,1786955181.8927903
0.42431954966728075,3,5107,1786955182.2336984
0.4220631844279441,3,5117,1786955182.565055
0.4200770984424485,3,5127,1786955182.894996
0.4180282444409702,3,5137,1786955183.2192535
0.41628566476258827,3,5147,1786955183.5402312
0.4163654661116501,3,5157,1786955183.8631024
0.4138567822928331,3,5167,1786955184.1788168
0.4124156455993652,3,5177,1786955184.4979696
0.41121408094962436,3,5187,1786955184.8187013
0.4089316425128625,3,5197,1786955185.1384022
0.4082452858112893,3,5207,1786955185.45575
0.4070368839910737,3,5217,1786955185.7845843
0.40541296062144366,3,5227,1786955186.1035144
0.40380440170743637,3,5237,1786955186.4203746
0.4028360318457871,3,5247,1786955186.736284
0.4014226278097465,3,5257,1786955187.050327
0.3996424144354917,3,5267,1786955187.3760989
0.3982566009958585,3,5277,1786955187.7019908
0.397791062319865,3,5287,1786955188.0390592
0.39829216746072615,3,5297,1786955188.367962
0.3979918041163021,3,5307,1786955188.6880407
0.39750406187959014,3,5317,1786955189.0069435
0.39736444959273703,3,5327,1786955189.3273714
0.3980326754125682,3,5337,1786955189.6468291
0.3969167062706912,3,5347,1786955189.9689162
0.3959516719312352,3,5357,1786955190.2831588
0.39521795540400173,3,5367,1786955190.6016881
0.39451129922909395,3,5377,1786955190.913721
0.39348426363627675,3,5387,1786955191.2261338
0.3928922725530962,3,5397,1786955191.5450864
0.39190605790035365,3,5407,1786955191.8578086
0.39131574651880846,3,5417,1786955192.195725
0.3907136462430159,3,5427,1786955192.5200512
0.389637906643513,3,5437,1786955192.84327
0.3887770984950778,3,5447,1786955193.1652226
0.38802595370664045,3,5457,1786955193.4823236
0.38744527174136306,3,5467,1786955193.8015504
0.3871844161953777,3,5477,1786955194.1169865
0.38614912403770435,3,5487,1786955194.4361794
0.3854409370571375,3,5497,1786955194.7644536
0.384526855031769,3,5507,1786955195.081352
0.38383445403582994,3,5517,1786955195.4026706
0.38286401149981164,3,5527,1786955195.7197373
0.3827887881893751,3,5537,1786955196.040763
0.3823340858964399,3,5547,1786955196.3647187
0.3814271688037975,3,5557,1786955196.6936436
0.38052868748481355,3,5567,1786955197.0230393
0.3802862719943126,3,5577,1786955197.3562286
0.37960643865741217,3,5587,1786955197.6898825
0.3788796262977564,3,5597,1786955198.0163422
0.37845785445583763,3,5607,1786955198.3307445
0.3778510765747187,3,5617,1786955198.649563
0.3773664009022085,3,5627,1786955198.970467
0.3767168673143412,3,5637,1786955199.2866628
0.3758285297176887,3,5647,1786955199.5968895
0.37492133899762925,3,5657,1786955199.9045358
0.3747579919042611,3,5667,1786955200.2122078
0.37410846737772224,3,5677,1786955200.5314417
0.3734178737617365,3,5687,1786955200.8382235
0.37328105102128845,3,5697,1786955201.1504514
0.3725303096027629,3,5707,1786955201.4670527
0.37192417793692306,3,5717,1786955201.7847407
0.37127901641385896,3,5727,1786955202.1312804
0.3707699426853994,3,5737,1786955202.4483113
0.3701087963706422,3,5747,1786955202.760792
0.3692362782648868,3,5757,1786955203.0868354
0.369077193251717,3,5767,1786955203.4052742
0.3686489964276552,3,5777,1786955203.7245946
0.36832262228603835,3,5787,1786955204.045715
0.36789542614216253,3,5797,1786955204.3671978
0.36724520315770554,3,5807,1786955204.6859865
0.3668499995807284,3,5817,1786955205.0014696
0.36664098512219345,3,5827,1786955205.3144283
0.36634215885323695,3,5837,1786955205.6220007
0.3659893872709865,3,5847,1786955205.9324121
0.36538144971985936,3,5857,1786955206.2408469
0.36456651000791235,3,5867,1786955206.5552437
0.36421378166104357,3,5877,1786955206.8723044
0.3640236397235354,3,5887,1786955207.1831443
0.3636354253734233,3,5897,1786955207.495227
0.3633564400297355,3,5907,1786955207.8097236
0.3631277812644839,3,5917,1786955208.1310275
0.3625363718688488,3,5927,1786955208.4472632
0.3620090011862062,3,5937,1786955208.7654428
0.36144698718049395,3,5947,1786955209.0835342
0.3614321141329128,3,5957,1786955209.3992157
0.3614492900438549,3,5967,1786955209.7042267
0.3617230679037479,3,5977,1786955210.017047
0.36242117495595955,3,5987,1786955210.344205
0.3627206193057425,3,5997,1786955210.6721265
0.36351866084045936,3,6007,1786955210.988217
0.364780118110687,3,6017,1786955211.3060534
0.3668423006766372,3,6027,1786955211.6231585
0.3673847012276597,3,6037,1786955211.9676569
0.3686453824767666,3,6047,1786955212.3286252
0.36948625005349733,3,6057,1786955212.660399
0.3697150856953302,3,6067,1786955212.9980097
0.36992040881620986,3,6077,1786955213.3285441
0.36981786054605287,3,6087,1786955213.6637344
0.3706076120879029,3,6097,1786955213.991397
0.37038756587601207,3,6107,1786955214.3184574
0.3701121246493939,3,6117,1786955214.6484568
0.3701416653651616,3,6127,1786955214.985994
0.3702417577017252,3,6137,1786955215.3180757
0.37052698150074403,3,6147,1786955215.6496181
0.3708999648841249,3,6157,1786955215.9832263
0.3726248601489019,3,6167,1786955216.3139753
0.3754466905941566,3,6177,1786955216.64974
0.3791698375827824,3,6187,1786955216.9904637
0.3812563347532169,3,6197,1786955217.3292015
0.3827724679963651,3,6207,1786955217.6493373
0.38429332843364833,3,6217,1786955217.981862
0.3846798895587844,3,6227,1786955218.3119822
0.5604729771614074,4,6246,1786955218.9126518
0.6346786722540856,4,6256,1786955219.2250006
0.6293459723393122,4,6266,1786955219.5400112
0.6070358008146286,4,6276,1786955219.8558438
0.6107221835851669,4,6286,1786955220.195177
0.625082366168499,4,6296,1786955220.5194864
0.621014387692724,4,6306,1786955220.8394191
0.6052591681480408,4,6316,1786955221.1576798
0.5994877563582526,4,6326,1786955221.4837432
0.5769893188774585,4,6336,1786955221.8005424
0.5606596471233801,4,6346,1786955222.1474838
0.5531132825960715,4,6356,1786955222.4706118
0.5431144584829991,4,6366,1786955222.792473
0.5277177374277796,4,6376,1786955223.1137648
0.5161935822168986,4,6386,1786955223.4431992
0.5101785384118557,4,6396,1786955223.7992609
0.4997059510034673,4,6406,1786955224.128204
0.49379712558454936,4,6416,1786955224.4484274
0.4881514989231762,4,6426,1786955224.7690542
0.48560157157480716,4,6436,1786955225.0976007
0.4810254217613311,4,6446,1786955225.4264271
0.48319405628876255,4,6456,1786955225.7439916
0.47983594186927964,4,6466,1786955226.0664907
0.47722843537727994,4,6476,1786955226.3867464
0.47273240399360655,4,6486,1786955226.7127159
0.47173535502873937,4,6496,1786955227.0457776
0.4698682530058755,4,6506,1786955227.373551
0.46678919675094743,4,6516,1786955227.6978214
0.4612974419676024,4,6526,1786955228.0225785
0.4582225386798382,4,6536,1786955228.3438933
0.4565382535899839,4,6546,1786955228.6641774
0.4541589028201997,4,6556,1786955228.9980392
0.4524838303977793,4,6566,1786955229.3275568
0.450055571864633,4,6576,1786955229.6435978
0.44596640501703533,4,6586,1786955229.9644344
0.44292957915200126,4,6596,1786955230.2849038
0.44112793509219145,4,6606,1786955230.594715
0.4376917793954674,4,6616,1786955230.9115047
0.435740238122451,4,6626,1786955231.2289133
0.43348516009747984,4,6636,1786955231.5451577
0.43020995742664103,4,6646,1786955231.8638496
0.428054334542581,4,6656,1786955232.2063932
0.4254611676515535,4,6666,1786955232.5214949
0.4230940034105019,4,6676,1786955232.8320305
0.42106185022327636,4,6686,1786955233.149822
0.4196848560610543,4,6696,1786955233.4650028
0.41869731665925775,4,6706,1786955233.7723725
0.4169268101764222,4,6716,1786955234.0819848
0.4157764272726312,4,6726,1786955234.4017937
0.41315432807803154,4,6736,1786955234.7156823
0.4119393506178669,4,6746,1786955235.0380619
0.4111604400838797,4,6756,1786955235.3582885
0.4109335317083125,4,6766,1786955235.684135
0.4103953666985035,4,6776,1786955236.0156956
0.40980674602768635,4,6786,1786955236.3357594
0.41018525926130156,4,6796,1786955236.651554
0.4083727288664433,4,6806,1786955236.9635425
0.4080236823908214,4,6816,1786955237.2744417
0.4070956271078627,4,6826,1786955237.5919998
0.4060785533984502,4,6836,1786955237.9084735
0.40418545845590653,4,6846,1786955238.225741
0.4027505673708454,4,6856,1786955238.5366833
0.40249802432362997,4,6866,1786955238.8529823
0.4013179846573621,4,6876,1786955239.183694
0.39949043503174414,4,6886,1786955239.5119045
0.3987861949611794,4,6896,1786955239.8329408
0.39781310320345326,4,6906,1786955240.1552813
0.3967632971046602,4,6916,1786955240.4754953
0.39577140112717946,4,6926,1786955240.7907672
0.39508793813841686,4,6936,1786955241.1135397
0.3935932472348213,4,6946,1786955241.439383
0.39274204530649715,4,6956,1786955241.7689102
0.3914654122027632,4,6966,1786955242.1137679
0.3918760519978162,4,6976,1786955242.4390502
0.3915114593903224,4,6986,1786955242.7655244
0.3903682326407809,4,6996,1786955243.0836382
0.39011195838064344,4,7006,1786955243.4032538
0.39026846602941173,4,7016,1786955243.715148
0.38896531670153894,4,7026,1786955244.033756
0.3889802374504507,4,7036,1786955244.3524249
0.38846461138239613,4,7046,1786955244.6774964
0.3879452770621311,4,7056,1786955245.0044532
0.3873084903840559,4,7066,1786955245.317408
0.3872072498535826,4,7076,1786955245.6308916
0.3862192607802503,4,7086,1786955245.9428267
0.38580118786803513,4,7096,1786955246.2489228
0.38561477426482343,4,7106,1786955246.5601642
0.38582410360263153,4,7116,1786955246.871945
0.386306071432119,4,7126,1786955247.185409
0.3870753391087055,4,7136,1786955247.504582
0.38754344099498056,4,7146,1786955247.8198943
0.3875040212727111,4,7156,1786955248.1330335
0.3890267008414833,4,7166,1786955248.4461641
0.389517502074546,4,7176,1786955248.7617388
0.3896855769502489,4,7186,1786955249.0885603
0.3894940596073866,4,7196,1786955249.4064593
0.3897504164078801,4,7206,1786955249.7255583
0.38995776567227985,4,7216,1786955250.0471861
0.3900487390883041,4,7226,1786955250.3717687
0.3898771222680807,4,7236,1786955250.685247
0.389158729884294,4,7246,1786955250.995831
0.3885092802930112,4,7256,1786955251.3081005
0.38799282985115513,4,7266,1786955251.6319518
0.3878676471658624,4,7276,1786955251.9566355
0.3874586647748947,4,7286,1786955252.3033035
0.386715542806207,4,7296,1786955252.6201098
0.3866433896193995,4,7306,1786955252.9459383
0.3867978284480395,4,7316,1786955253.2670252
0.3875144913929318,4,7326,1786955253.5893757
0.38755776809020476,4,7336,1786955253.9046159
0.38749755145730197,4,7346,1786955254.2203927
0.3872166172069098,4,7356,1786955254.5372722
0.387102929509319,4,7366,1786955254.8533587
0.38707091477617883,4,7376,1786955255.1755683
0.38674137487359667,4,7386,1786955255.4961593
0.3861138658919211,4,7396,1786955255.8139458
0.38589335390899937,4,7406,1786955256.1269877
0.3856671858768342,4,7416,1786955256.442674
0.3854703545194714,4,7426,1786955256.7627716
0.3850542358184854,4,7436,1786955257.092837
0.38510965006656883,4,7446,1786955257.412933
0.3846142971735509,4,7456,1786955257.7349653
0.38450837165601853,4,7466,1786955258.054784
0.3839669438739938,4,7476,1786955258.3763845
0.38323962161540986,4,7486,1786955258.701187
0.3826297477715545,4,7496,1786955259.0275164
0.3817125296381515,4,7506,1786955259.3467114
0.3814468863303773,4,7516,1786955259.6633487
0.3810881926569828,4,7526,1786955259.9839182
0.3804147694317194,4,7536,1786955260.3027642
0.3799179322164477,4,7546,1786955260.6204555
0.37985214965813086,4,7556,1786955260.9397297
0.37916207827795717,4,7566,1786955261.2626908
0.3790636799562333,4,7576,1786955261.5860167
0.37914779485375794,4,7586,1786955261.9027472
0.37904032495091944,4,7596,1786955262.2459595
0.37855416860458624,4,7606,1786955262.570851
0.3780899070095325,4,7616,1786955262.8892157
0.37763651206339005,4,7626,1786955263.213266
0.37697775386273863,4,7636,1786955263.5267673
0.37629393940487654,4,7646,1786955263.8405185
0.37614530642372623,4,7656,1786955264.1545253
0.37545360164729863,4,7666,1786955264.4761908
0.3752993151079863,4,7676,1786955264.7976828
0.37477870007527286,4,7686,1786955265.1187067
0.3743360358507258,4,7696,1786955265.44012
0.3737976884507403,4,7706,1786955265.758755
0.37332886790202274,4,7716,1786955266.078951
0.3729032160301737,4,7726,1786955266.4084282
0.3726506170084079,4,7736,1786955266.7454183
0.37235156256730195,4,7746,1786955267.075212
0.3718446827983778,4,7756,1786955267.4117796
0.3712807669213005,4,7766,1786955267.7332227
0.3707312693988735,4,7776,1786955268.0627425
0.3704129908978939,4,7786,1786955268.3957274
0.28639390468597414,5,7805,1786955269.0236511
0.3022738121449947,5,7815,1786955269.3561883
0.30995060751835507,5,7825,1786955269.6812804
0.3123946513980627,5,7835,1786955270.0022042
0.315031977891922,5,7845,1786955270.3263416
0.3164315029978752,5,7855,1786955270.6508906
0.31664881088903973,5,7865,1786955270.9936957
0.3203207129612565,5,7875,1786955271.339773
0.32314817789528105,5,7885,1786955271.6670933
0.3213953830301762,5,7895,1786955272.0055912
0.3211352304978804,5,7905,1786955272.347769
0.3213970941801866,5,7915,1786955272.6628275
0.3243533635368714,5,7925,1786955272.980317
0.3254742472299508,5,7935,1786955273.3045168
0.3267825800180435,5,7945,1786955273.6201437
0.3253486493602395,5,7955,1786955273.931106
0.3245920536272666,5,7965,1786955274.254987
0.32063066562016806,5,7975,1786955274.5710235
0.31975483580639485,5,7985,1786955274.8895829
0.31885933443903924,5,7995,1786955275.214043
0.3175431043619201,5,8005,1786955275.5318563
0.31660379117185417,5,8015,1786955275.8513684
0.31558719536532526,5,8025,1786955276.166712
0.31606184380749863,5,8035,1786955276.4763193
0.3210175204277039,5,8045,1786955276.7822893
0.3233830203803686,5,8055,1786955277.0910666
0.3229689291781849,5,8065,1786955277.3969707
0.3229982235069786,5,8075,1786955277.7105446
0.3228122044740052,5,8085,1786955278.0167675
0.3223531192044417,5,8095,1786955278.3307772
0.3235083666539961,5,8105,1786955278.6429064
0.3226852532941848,5,8115,1786955278.9568892
0.3225946111209465,5,8125,1786955279.2748826
0.32240883808802157,5,8135,1786955279.5969586
0.32224355718919206,5,8145,1786955279.9095159
0.32190798098842305,5,8155,1786955280.2278311
0.3230236851685756,5,8165,1786955280.545076
0.32311078051203174,5,8175,1786955280.8631544
0.3241872645341433,5,8185,1786955281.185244
0.32411147221922876,5,8195,1786955281.501931
0.3240245245578812,5,8205,1786955281.8173947
0.3242667470659528,5,8215,1786955282.1475942
0.32419330262860585,5,8225,1786955282.4664161
0.32408582998270336,5,8235,1786955282.7741148
0.3233448949787352,5,8245,1786955283.0824757
0.3239891491506411,5,8255,1786955283.402654
0.32391918085991067,5,8265,1786955283.7177637
0.3230127519927919,5,8275,1786955284.0271292
0.3226839917046683,5,8285,1786955284.338639
0.3227294928133488,5,8295,1786955284.6519501
0.3218853281116953,5,8305,1786955284.9602568
0.3213072246370407,5,8315,1786955285.2739913
0.32251596453617204,5,8325,1786955285.589748
0.3221775966110053,5,8335,1786955285.899296
0.3219108678535982,5,8345,1786955286.2077804
0.321689377432423,5,8355,1786955286.5209138
0.32196540558024456,5,8365,1786955286.8348405
0.3225161956302051,5,8375,1786955287.145028
0.3234184242911258,5,8385,1786955287.463861
0.32447324121991794,5,8395,1786955287.7758257
0.32614503451546684,5,8405,1786955288.0877442
0.32672476597851324,5,8415,1786955288.403208
0.3280176790697234,5,8425,1786955288.719505
0.3279220452532172,5,8435,1786955289.0412016
0.3278707100336368,5,8445,1786955289.3735294
0.3272013834028533,5,8455,1786955289.704857
0.32775077270482905,5,8465,1786955290.0295885
0.32836911001187913,5,8475,1786955290.3558855
0.3282930974295174,5,8485,1786955290.6830065
0.3289579411276749,5,8495,1786955291.0078452
0.3295895247602127,5,8505,1786955291.3364322
0.32930271399931776,5,8515,1786955291.6798313
0.32994877581727017,5,8525,1786955292.0104568
0.32988809516301026,5,8535,1786955292.3754923
0.3307165872255961,5,8545,1786955292.6978273
0.3303319021079101,5,8555,1786955293.0276744
0.330141034335285,5,8565,1786955293.3597164
0.33001075602876834,5,8575,1786955293.680161
0.32976863203169426,5,8585,1786955293.9977398
0.3299200979620218,5,8595,1786955294.31433
0.3301800646899659,5,8605,1786955294.6219623
0.3302731279919787,5,8615,1786955294.9299035
0.3301539234009134,5,8625,1786955295.247542
0.3302267025624003,5,8635,1786955295.5647476
0.3295448331096593,5,8645,1786955295.8747768
0.3292157392862231,5,8655,1786955296.1933236
0.3286691152843936,5,8665,1786955296.5058773
0.3281103077259931,5,8675,1786955296.8162756
0.32800507346230945,5,8685,1786955297.1273963
0.3279454236725966,5,8695,1786955297.4383564
0.32777913499336975,5,8705,1786955297.7511106
0.3281007824708586,5,8715,1786955298.0750852
0.3277159523258927,5,8725,1786955298.3971155
0.32744832401897045,5,8735,1786955298.717377
0.3275250695567382,5,8745,1786955299.0303476
0.3273164259114613,5,8755,1786955299.3449495
0.3271170761628249,5,8765,1786955299.6559985
0.32698165036129706,5,8775,1786955299.9632645
0.32636918253218283,5,8785,1786955300.277791
0.32606162544339895,5,8795,1786955300.6004336
0.32616651545804326,5,8805,1786955300.909994
0.32613111577343706,5,8815,1786955301.2283893
0.3255023858717923,5,8825,1786955301.5624652
0.3251612554447582,5,8835,1786955301.896913
0.3250538199643294,5,8845,1786955302.268931
0.324842702070216,5,8855,1786955302.5995
0.3249205846722438,5,8865,1786955302.926841
0.3252344304833699,5,8875,1786955303.2459757
0.32518108751659,5,8885,1786955303.5698206
0.3253925842249935,5,8895,1786955303.8945096
0.32528577420759847,5,8905,1786955304.2207797
0.32540107291590953,5,8915,1786955304.5468283
0.3249908933399525,5,8925,1786955304.8694825
0.324703393804661,5,8935,1786955305.1922724
0.3247015673764374,5,8945,1786955305.5192442
0.3246691083920927,5,8955,1786955305.8368485
0.3243621326982975,5,8965,1786955306.1574414
0.3245800321700714,5,8975,1786955306.4804442
0.32452944347462737,5,8985,1786955306.8025904
0.3243075412325561,5,8995,1786955307.1209822
0.32424470300147357,5,9005,1786955307.442184
0.3241832156222863,5,9015,1786955307.757158
0.3239967679771466,5,9025,1786955308.0676484
0.32399734177536543,5,9035,1786955308.38379
0.32370704519152643,5,9045,1786955308.6973908
0.32370793950108306,5,9055,1786955309.0124462
0.32340488876766105,5,9065,1786955309.3379076
0.32314874149742534,5,9075,1786955309.655972
0.32268645753578623,5,9085,1786955309.97502
0.3223770794558984,5,9095,1786955310.2937868
0.32189947590231893,5,9105,1786955310.604608
0.32214593393445917,5,9115,1786955310.9191892
0.32214700277698666,5,9125,1786955311.2342098
0.3216996632460783,5,9135,1786955311.545555
0.32194740318037846,5,9145,1786955311.8652349
0.3219339352813275,5,9155,1786955312.2061985
0.3217450150444995,5,9165,1786955312.5261686
0.3215776178014019,5,9175,1786955312.8437965
0.3209435858261242,5,9185,1786955313.158987
0.32109805717532125,5,9195,1786955313.4835687
0.3211554667258516,5,9205,1786955313.7999542
0.3213695406546475,5,9215,1786955314.1158562
0.3214966667125692,5,9225,1786955314.4401374
0.3217783979502403,5,9235,1786955314.7691398
0.3217788491629321,5,9245,1786955315.0910275
0.32165914262096357,5,9255,1786955315.4162462
0.32175048385449007,5,9265,1786955315.7398767
0.321637339683602,5,9275,1786955316.059188
0.3218223039085833,5,9285,1786955316.3871288
0.32152164316674076,5,9295,1786955316.7064316
0.32146807279906525,5,9305,1786955317.0211804
0.32125986805185675,5,9315,1786955317.3449829
0.321401905034687,5,9325,1786955317.6669734
0.3212882300911399,5,9335,1786955317.9851084
0.3210269483010615,5,9345,1786955318.3020034
0.2980365574359894,6,9364,1786955318.9168491
0.3024790078401566,6,9374,1786955319.2432086
0.30336773494879404,6,9384,1786955319.569727
0.31230863481760024,6,9394,1786955319.8929777
0.3068948045372963,6,9404,1786955320.2108285
0.30947718198100727,6,9414,1786955320.528082
0.3120914827500071,6,9424,1786955320.8453715
0.3117812296375632,6,9434,1786955321.1630812
0.3106284574502044,6,9444,1786955321.4847498
0.3109493117779493,6,9454,1786955321.803491
0.3136065662584522,6,9464,1786955322.1496027
0.3129308274015784,6,9474,1786955322.4750538
0.3156900266615244,6,9484,1786955322.80146
0.3137206459151847,6,9494,1786955323.1236815
0.31425834064682323,6,9504,1786955323.4477813
0.3158337412867695,6,9514,1786955323.7728343
0.3156982864965411,6,9524,1786955324.094665
0.31576686745716465,6,9534,1786955324.4141767
0.3182469675023305,6,9544,1786955324.733005
0.31667920906096697,6,9554,1786955325.0526607
0.31735037043690684,6,9564,1786955325.3677754
0.31577755500647153,6,9574,1786955325.683357
0.31409165259936583,6,9584,1786955325.9957569
0.3123291308370729,6,9594,1786955326.3136506
0.31080625954270363,6,9604,1786955326.6233776
0.31181547002723586,6,9614,1786955326.9404657
0.31278716781073146,6,9624,1786955327.2621639
0.3117573821651084,6,9634,1786955327.5884182
0.31167935718750134,6,9644,1786955327.908346
0.3112948739528656,6,9654,1786955328.2288473
0.311179730488408,6,9664,1786955328.5516822
0.3113202598877251,6,9674,1786955328.8704233
0.3109547212268367,6,9684,1786955329.191909
0.31030306132400737,6,9694,1786955329.5112882
0.30942099515880855,6,9704,1786955329.8276885
0.3102972127083275,6,9714,1786955330.1465738
0.31017102530679186,6,9724,1786955330.4736392
0.3105519749224186,6,9734,1786955330.7981358
0.3105224177241325,6,9744,1786955331.1197505
0.3112781121581793,6,9754,1786955331.4489849
0.31051446471999333,6,9764,1786955331.7739644
0.30991025999898003,6,9774,1786955332.116956
0.31141752898693087,6,9784,1786955332.437387
0.31235401975837623,6,9794,1786955332.754885
0.311813492278258,6,9804,1786955333.0735626
0.311655918152436,6,9814,1786955333.3914843
0.31198701233939924,6,9824,1786955333.7020624
0.3122807463631034,6,9834,1786955334.0157218
0.3126231556644245,6,9844,1786955334.3317113
0.31239741721749303,6,9854,1786955334.6484056
0.31209611171016505,6,9864,1786955334.9658513
0.3115765509697107,6,9874,1786955335.297779
0.3115888637754152,6,9884,1786955335.626489
0.31155597686215686,6,9894,1786955335.9509535
0.31298946261405947,6,9904,1786955336.2744458
0.3138669118551271,6,9914,1786955336.594796
0.31519196470055666,6,9924,1786955336.9115472
0.3188238115403159,6,9934,1786955337.2332685
0.31928355236679823,6,9944,1786955337.5444267
0.31982336461544036,6,9954,1786955337.8598826
0.3205733928768361,6,9964,1786955338.1827757
0.3213620734310919,6,9974,1786955338.5109274
0.32368129860787165,6,9984,1786955338.837117
0.3255248149856925,6,9994,1786955339.1677012
0.3277065958426549,6,10004,1786955339.4967804
0.33126171138702015,6,10014,1786955339.8186698
0.33293526308305227,6,10024,1786955340.1485074
0.33345637735636796,6,10034,1786955340.4700754
0.3343946492542391,6,10044,1786955340.7923915
0.3381525926291943,6,10054,1786955341.1159763
0.3380726215075439,6,10064,1786955341.4391212
0.3396637823225723,6,10074,1786955341.7651653
0.341132904507526,6,10084,1786955342.0816956
0.34151144370033937,6,10094,1786955342.4280832
0.3421786074241002,6,10104,1786955342.7526693
0.34293967857956886,6,10114,1786955343.0736022
0.34357538238748325,6,10124,1786955343.398179
0.3447752225666474,6,10134,1786955343.718233
0.3457043594386004,6,10144,1786955344.0515046
0.3466529228724539,6,10154,1786955344.3783534
0.3474455905365355,6,10164,1786955344.6957905
0.34798759323794665,6,10174,1786955345.0186284
0.34860839037651037,6,10184,1786955345.3466675
0.34836665003427436,6,10194,1786955345.6603315
0.347546788278748,6,10204,1786955345.9689422
0.34846112572176513,6,10214,1786955346.2907827
0.35244550283612874,6,10224,1786955346.6102166
0.3545148332349279,6,10234,1786955346.9274027
0.35529120474049214,6,10244,1786955347.2537062
0.357273387114207,6,10254,1786955347.5781488
0.3620221298474532,6,10264,1786955347.8979263
0.3642048988653266,6,10274,1786955348.2079716
0.3669724820121642,6,10284,1786955348.5261877
0.3698656880475105,6,10294,1786955348.8413873
0.3712714107413041,6,10304,1786955349.1658974
0.3720070053512851,6,10314,1786955349.4958274
0.37305596857955775,6,10324,1786955349.8133044
0.37534521343756694,6,10334,1786955350.1303897
0.37858857927900375,6,10344,1786955350.4486177
0.38035312548279765,6,10354,1786955350.7665458
0.38381515118745296,6,10364,1786955351.0814443
0.3859476152880519,6,10374,1786955351.4079099
0.3888258069174961,6,10384,1786955351.7271013
0.3907944331375452,6,10394,1786955352.0578637
0.39304868462539855,6,10404,1786955352.3937087
0.3945343283549795,6,10414,1786955352.711946
0.39474674766865847,6,10424,1786955353.0233874
0.3950461434407367,6,10434,1786955353.3486822
0.39482582169115,6,10444,1786955353.6622784
0.394438935152509,6,10454,1786955353.9783645
0.394551307567068,6,10464,1786955354.293845
0.39522324272298387,6,10474,1786955354.6160665
0.39639650291837425,6,10484,1786955354.9326317
0.397390096608484,6,10494,1786955355.258892
0.39761717504781224,6,10504,1786955355.5777795
0.3972681473940611,6,10514,1786955355.8977828
0.39682722461019826,6,10524,1786955356.2135582
0.3963538679909908,6,10534,1786955356.5304604
0.39594765375642216,6,10544,1786955356.8417053
0.39549752698590357,6,10554,1786955357.1533706
0.395466734542827,6,10564,1786955357.469565
0.3949348371292724,6,10574,1786955357.7870586
0.3945800982355102,6,10584,1786955358.0968535
0.39410150948791733,6,10594,1786955358.4150274
0.39342012575864793,6,10604,1786955358.7327714
0.3931565618822499,6,10614,1786955359.0588374
0.3928014494654701,6,10624,1786955359.3893359
0.39226658603874964,6,10634,1786955359.707458
0.3919982557495435,6,10644,1786955360.0362716
0.3913405487858332,6,10654,1786955360.3605263
0.3911374435397505,6,10664,1786955360.6922116
0.3905165342557611,6,10674,1786955361.0177975
0.39013844861796027,6,10684,1786955361.3484967
0.39020865347180794,6,10694,1786955361.6900675
0.38993017294892557,6,10704,1786955362.0450618
0.3898461494046976,6,10714,1786955362.4028654
0.38928064983474076,6,10724,1786955362.7394626
0.3890263703206311,6,10734,1786955363.0708172
0.38870276825891126,6,10744,1786955363.4037666
0.38908508471080233,6,10754,1786955363.7365468
0.3886252962634073,6,10764,1786955364.0674562
0.3883192648350353,6,10774,1786955364.4020185
0.3878172265795561,6,10784,1786955364.7300417
0.38745120817588435,6,10794,1786955365.0591571
0.38675657192180896,6,10804,1786955365.390525
0.38623984854107035,6,10814,1786955365.7195742
0.3858403825536877,6,10824,1786955366.0392177
0.38515368753389734,6,10834,1786955366.3676505
0.38518601442943484,6,10844,1786955366.7033432
0.38459210539857547,6,10854,1786955367.0344524
0.3838915599497738,6,10864,1786955367.3667855
0.3836120955646038,6,10874,1786955367.6918015
0.38354625363949857,6,10884,1786955368.0315034
0.3833119620653716,6,10894,1786955368.3835711
0.38292311960651026,6,10904,1786955368.7071843
0.3075867429375648,7,10923,1786955369.3149376
0.326765925437212,7,10933,1786955369.6317284
0.3122398758927981,7,10943,1786955369.9503748
0.3193781547248363,7,10953,1786955370.264565
0.3268102902173996,7,10963,1786955370.5760074
0.3301350531478723,7,10973,1786955370.8906834
0.3336174060191427,7,10983,1786955371.20676
0.3385695434175432,7,10993,1786955371.5263476
0.3401381769941913,7,11003,1786955371.88776
0.33600683592259883,7,11013,1786955372.230263
0.33483872190117836,7,11023,1786955372.5573363
0.3395094823713104,7,11033,1786955372.8791535
0.3340973121042435,7,11043,1786955373.1974835
0.3334477847708123,7,11053,1786955373.5212538
0.332400730997324,7,11063,1786955373.8389795
0.3331143972929567,7,11073,1786955374.1573877
0.33310294655316014,7,11083,1786955374.484457
0.33643116872343753,7,11093,1786955374.7993221
0.34074789736615985,7,11103,1786955375.1122375
0.3385726023837924,7,11113,1786955375.435526
0.3409435229287261,7,11123,1786955375.7466924
0.3416017098521644,7,11133,1786955376.0564196
0.3391403755739979,7,11143,1786955376.3766148
0.3405677357378105,7,11153,1786955376.6913064
0.34121994277834894,7,11163,1786955377.0029507
0.34126433348999574,7,11173,1786955377.3219965
0.341984896775749,7,11183,1786955377.6372693
0.3419328873977065,7,11193,1786955377.9543364
0.3421641261156263,7,11203,1786955378.2698288
0.34219819101194543,7,11213,1786955378.588941
0.345014778476569,7,11223,1786955378.9052064
0.34969111930113284,7,11233,1786955379.2169251
0.3489400856648431,7,11243,1786955379.5435355
0.34804851910208956,7,11253,1786955379.8704154
0.3456464076255049,7,11263,1786955380.1971636
0.3463311697666844,7,11273,1786955380.527974
0.3454478089269754,7,11283,1786955380.851824
0.3459448594207826,7,11293,1786955381.1716192
0.3453608482502974,7,11303,1786955381.499669
0.34513531731441616,7,11313,1786955381.8310773
0.3441392920184426,7,11323,1786955382.1883607
0.34500081061962107,7,11333,1786955382.5321372
0.34495903695392055,7,11343,1786955382.8650012
0.3443746682764454,7,11353,1786955383.1995537
0.3442704058190187,7,11363,1786955383.5236442
0.3439257647194292,7,11373,1786955383.8383734
0.34405259640609964,7,11383,1786955384.148098
0.34263075691026945,7,11393,1786955384.4632316
0.34227829978478197,7,11403,1786955384.7806258
0.34135347516834735,7,11413,1786955385.0942628
0.34095072665927456,7,11423,1786955385.4097311
0.34091748003489697,7,11433,1786955385.724044
0.33959402997257576,7,11443,1786955386.0364928
0.3393338215985784,7,11453,1786955386.3551254
0.3386506770280274,7,11463,1786955386.6707716
0.3380418137115027,7,11473,1786955386.9885454
0.33839685957421334,7,11483,1786955387.3034782
0.3382615788101122,7,11493,1786955387.6176407
0.338833856014377,7,11503,1786955387.9343443
0.3379841944947839,7,11513,1786955388.253058
0.33700766232414325,7,11523,1786955388.5776212
0.3368967228959645,7,11533,1786955388.9097733
0.3367068356819569,7,11543,1786955389.2341614
0.3366785283084027,7,11553,1786955389.559333
0.3362946537710153,7,11563,1786955389.8898213
0.33643309025827683,7,11573,1786955390.2100334
0.3359751164134759,7,11583,1786955390.5384214
0.3355237274595043,7,11593,1786955390.8727493
0.33529816029080445,7,11603,1786955391.2020016
0.3353244355853115,7,11613,1786955391.552939
0.3354139403663051,7,11623,1786955391.897683
0.3354195763977865,7,11633,1786955392.263049
0.3351825026718721,7,11643,1786955392.601041
0.3344494172346753,7,11653,1786955392.9324756
0.3336242287258307,7,11663,1786955393.2503161
0.33363648804983026,7,11673,1786955393.574364
0.33291965892369096,7,11683,1786955393.891393
0.3323596295542442,7,11693,1786955394.2031274
0.3324743266064155,7,11703,1786955394.5207675
0.3321366913150996,7,11713,1786955394.832641
0.3318873882201719,7,11723,1786955395.1462889
0.33156698354315467,7,11733,1786955395.4729786
0.33144052920032696,7,11743,1786955395.7905436
0.3313709772147593,7,11753,1786955396.1055405
0.3305629296600819,7,11763,1786955396.4209454
0.3302831064563158,7,11773,1786955396.744394
0.330242613814343,7,11783,1786955397.0653384
0.3301450532776388,7,11793,1786955397.3904464
0.3300133000766293,7,11803,1786955397.712427
0.3298228780263,7,11813,1786955398.037245
0.32975377908774783,7,11823,1786955398.357064
0.3291214046270951,7,11833,1786955398.686346
0.32836078273192526,7,11843,1786955399.0175707
0.32761811554590436,7,11853,1786955399.3516777
0.3279175845023833,7,11863,1786955399.679646
0.3273829819091285,7,11873,1786955400.0037801
0.3275150244460278,7,11883,1786955400.32983
0.3277576259280346,7,11893,1786955400.6646035
0.3279355195661386,7,11903,1786955400.9975955
0.3281024458631873,7,11913,1786955401.3439424
0.32825334367923215,7,11923,1786955401.6867213
0.3283855763793576,7,11933,1786955402.0156198
0.32826014478663795,7,11943,1786955402.3636408
0.32785528384578916,7,11953,1786955402.6957738
0.3277229310004484,7,11963,1786955403.0268192
0.32758112315721105,7,11973,1786955403.3545723
0.32724151557711795,7,11983,1786955403.6784387
0.32719513631115354,7,11993,1786955404.004397
0.3271023604096076,7,12003,1786955404.3251274
0.327117511623285,7,12013,1786955404.6654377
0.3267906931270887,7,12023,1786955404.9892764
0.326995266661314,7,12033,1786955405.318823
0.3270823516215371,7,12043,1786955405.6379359
0.3271867402878247,7,12053,1786955405.9625928
0.32699192800599597,7,12063,1786955406.287387
0.3265441637293532,7,12073,1786955406.604903
0.3264132844013536,7,12083,1786955406.9201431
0.32620397145086427,7,12093,1786955407.2362337
0.3260257000369685,7,12103,1786955407.557476
0.32601758357758326,7,12113,1786955407.867592
0.32578534346597254,7,12123,1786955408.1968277
0.32592668934557284,7,12133,1786955408.5274153
0.3257193175939525,7,12143,1786955408.852003
0.32549912032460976,7,12153,1786955409.1785314
0.32552910090088844,7,12163,1786955409.5085251
0.3252027193646109,7,12173,1786955409.824544
0.32484767993721436,7,12183,1786955410.1337032
0.3249444853689056,7,12193,1786955410.4489799
0.3254791475254898,7,12203,1786955410.7614167
0.325404492232662,7,12213,1786955411.0698285
0.3252124163770039,7,12223,1786955411.381949
0.3248518750240857,7,12233,1786955411.6983895
0.32483406096584816,7,12243,1786955412.0217452
0.3247130829952101,7,12253,1786955412.3668852
0.3246065850887034,7,12263,1786955412.6786792
0.32441629842471553,7,12273,1786955412.9883595
0.32449285415728596,7,12283,1786955413.2985103
0.32416046821660754,7,12293,1786955413.6209588
0.3239737535069743,7,12303,1786955413.9295738
0.3239433811658195,7,12313,1786955414.2417176
0.3236425310003419,7,12323,1786955414.5664544
0.32383223730073846,7,12333,1786955414.8927433
0.324010364773807,7,12343,1786955415.2152994
0.32390993006734387,7,12353,1786955415.5488734
0.32368406132377425,7,12363,1786955415.878836
0.32381188388760773,7,12373,1786955416.207578
0.32410777753510445,7,12383,1786955416.5320544
0.3239027073254456,7,12393,1786955416.85398
0.32410824730892307,7,12403,1786955417.1727517
0.32374736364682516,7,12413,1786955417.5083575
0.3239131761307748,7,12423,1786955417.8432086
0.32416269312563695,7,12433,1786955418.1747682
0.32410284685932733,7,12443,1786955418.5134223
0.32396141320660515,7,12453,1786955418.8412778
0.32404298402609366,7,12463,1786955419.1686413
0.3466716825962067,8,12482,1786955419.7795923
0.3233861193060875,8,12492,1786955420.1060233
0.32242205888032915,8,12502,1786955420.4274049
0.3232276368886232,8,12512,1786955420.756
0.321393061876297,8,12522,1786955421.0794306
0.31779377137621245,8,12532,1786955421.402514
0.32195849056754794,8,12542,1786955421.7225766
0.3220350343734026,8,12552,1786955422.0635726
0.325642266869545,8,12562,1786955422.4079986
0.3248369662463665,8,12572,1786955422.741614
0.32932857789776543,8,12582,1786955423.06664
0.32950177465875946,8,12592,1786955423.3921857
0.33123137056827545,8,12602,1786955423.7229013
0.3331647968717984,8,12612,1786955424.0542865
0.3328437678019206,8,12622,1786955424.3840337
0.3358995966613293,8,12632,1786955424.718223
0.3365392523653367,8,12642,1786955425.0565245
0.3387655407190323,8,12652,1786955425.3927634
0.3384614095876091,8,12662,1786955425.7306836
0.3362426528334618,8,12672,1786955426.0578587
0.3369992663462957,8,12682,1786955426.3857708
0.3365149572491646,8,12692,1786955426.7239957
0.3349469412928042,8,12702,1786955427.0549257
0.3345362159733971,8,12712,1786955427.385413
0.3333151015639305,8,12722,1786955427.7155957
0.33392066806554793,8,12732,1786955428.0476823
0.333607497645749,8,12742,1786955428.377835
0.3344899158924818,8,12752,1786955428.7059803
0.33371947592702406,8,12762,1786955429.0365236
0.3321833396454652,8,12772,1786955429.3606262
0.330688320196444,8,12782,1786955429.687129
0.3314659867901355,8,12792,1786955430.016248
0.33190757131034676,8,12802,1786955430.348819
0.3322459422490176,8,12812,1786955430.6841955
0.33182875577892573,8,12822,1786955431.0130975
0.3322990468806691,8,12832,1786955431.3307352
0.3310519592182056,8,12842,1786955431.6459067
0.33020702780861605,8,12852,1786955431.965736
0.3309306900852766,8,12862,1786955432.3128877
0.33088739939033984,8,12872,1786955432.6367702
0.33063158592799813,8,12882,1786955432.9619288
0.3301206032789889,8,12892,1786955433.27632
0.32946163980766785,8,12902,1786955433.595387
0.3282198553058234,8,12912,1786955433.902763
0.3272949556344085,8,12922,1786955434.2268736
0.3259480338867592,8,12932,1786955434.5421531
0.3260839910107724,8,12942,1786955434.8476903
0.3259330434879909,8,12952,1786955435.1532488
0.32584812539268515,8,12962,1786955435.4717216
0.3255516041070223,8,12972,1786955435.7868547
0.3260036148715253,8,12982,1786955436.1031466
0.3262135672597931,8,12992,1786955436.416085
0.3260727487785636,8,13002,1786955436.727681
0.32586918355966055,8,13012,1786955437.0452213
0.32525349350138144,8,13022,1786955437.3568218
0.3244933814741671,8,13032,1786955437.6758478
0.3254814202194674,8,13042,1786955437.9824014
0.32618157006800175,8,13052,1786955438.2839942
0.32616321390210573,8,13062,1786955438.595258
0.3257479090119402,8,13072,1786955438.921262
0.3262659753565906,8,13082,1786955439.2434196
0.32569371845212675,8,13092,1786955439.5656295
0.3251662317131247,8,13102,1786955439.8875365
0.3247373288613744,8,13112,1786955440.2132068
0.3237550085439132,8,13122,1786955440.544863
0.3249012155176112,8,13132,1786955440.8760917
0.324476452850139,8,13142,1786955441.2096798
0.3238215554834289,8,13152,1786955441.5438206
0.32404557100456693,8,13162,1786955441.8740077
0.3240616627356836,8,13172,1786955442.2299876
0.32394664627565467,8,13182,1786955442.559906
0.32366060213082365,8,13192,1786955442.887919
0.3235776912676145,8,13202,1786955443.2204218
0.32349205202347525,8,13212,1786955443.5511906
0.32383871138095854,8,13222,1786955443.884367
0.3233495680321204,8,13232,1786955444.2154274
0.32311208575189887,8,13242,1786955444.5317585
0.32268064555067283,8,13252,1786955444.860468
0.32256906598429136,8,13262,1786955445.178556
0.32233373986557123,8,13272,1786955445.501243
0.3223847716126913,8,13282,1786955445.818982
0.32226385814024183,8,13292,1786955446.131205
0.32198616698922883,8,13302,1786955446.4439802
0.32138744546543985,8,13312,1786955446.7555978
0.3214439297949567,8,13322,1786955447.0636864
0.32224410735937054,8,13332,1786955447.3756402
0.3217722398453745,8,13342,1786955447.6915176
0.3217460031367161,8,13352,1786955448.0055513
0.32277371590391973,8,13362,1786955448.3215778
0.32420719684826005,8,13372,1786955448.6409938
0.32524325839438284,8,13382,1786955448.9615345
0.326525379911713,8,13392,1786955449.2786694
0.3279852833799137,8,13402,1786955449.5980203
0.3299351781606674,8,13412,1786955449.9128833
0.3317155469875587,8,13422,1786955450.2326245
0.3340545097210755,8,13432,1786955450.5504866
0.33843218473736775,8,13442,1786955450.865998
0.34157813126031233,8,13452,1786955451.1804554
0.3428070236486618,8,13462,1786955451.507707
0.3438479160964489,8,13472,1786955451.8355038
0.34519434978466224,8,13482,1786955452.1866248
0.3469852628661137,8,13492,1786955452.5154376
0.3495336084111223,8,13502,1786955452.8638759
0.3511709390351406,8,13512,1786955453.1975338
0.3524935019583929,8,13522,1786955453.5278091
0.35279843503574154,8,13532,1786955453.858635
0.35392915625995564,8,13542,1786955454.1853564
0.354265387977163,8,13552,1786955454.5195982
0.35603484045201483,8,13562,1786955454.852701
0.36010312913493675,8,13572,1786955455.181149
0.36292784038159226,8,13582,1786955455.5109098
0.3650028619782201,8,13592,1786955455.8358226
0.3663739704584653,8,13602,1786955456.1649892
0.367795646438996,8,13612,1786955456.4929245
0.3685745104888211,8,13622,1786955456.8270552
0.3694302755568562,8,13632,1786955457.1637874
0.3724587669102555,8,13642,1786955457.4936652
0.37446087759177565,8,13652,1786955457.8205192
0.37539910815593575,8,13662,1786955458.1550274
0.37597977651904024,8,13672,1786955458.4793978
0.37684352817860517,8,13682,1786955458.8094914
0.3784053420800655,8,13692,1786955459.1434455
0.37891726335132025,8,13702,1786955459.4719958
0.379276649726014,8,13712,1786955459.8048775
0.37978180584907534,8,13722,1786955460.1374981
0.3807177427978743,8,13732,1786955460.4619806
0.38081199249883335,8,13742,1786955460.7884104
0.38122326908633114,8,13752,1786955461.121916
0.381587008150049,8,13762,1786955461.4437733
0.3821872849991688,8,13772,1786955461.77389
0.3825052886177565,8,13782,1786955462.128717
0.3825288913128051,8,13792,1786955462.4519584
0.3828827317159875,8,13802,1786955462.7723978
0.38250895919862077,8,13812,1786955463.090838
0.382692829116627,8,13822,1786955463.4148695
0.38269562577719196,8,13832,1786955463.7325299
0.3828275988027997,8,13842,1786955464.0462034
0.38340919623556347,8,13852,1786955464.3651295
0.3838095247209501,8,13862,1786955464.6844475
0.38422095929937705,8,13872,1786955465.0049508
0.38426487640286167,8,13882,1786955465.3279376
0.38461131140799587,8,13892,1786955465.6414917
0.3843432392586361,8,13902,1786955465.9584694
0.3844466601808866,8,13912,1786955466.2745287
0.38435559623200316,8,13922,1786955466.601187
0.3843106434973952,8,13932,1786955466.9202683
0.384058575382849,8,13942,1786955467.2385087
0.38421679223711425,8,13952,1786955467.5494928
0.38418783637501247,8,13962,1786955467.8600929
0.3842307063738505,8,13972,1786955468.166353
0.38404986596857477,8,13982,1786955468.482163
0.38363350718037076,8,13992,1786955468.7999675
0.3835344650386985,8,14002,1786955469.1255012
0.38387862560036895,8,14012,1786955469.4464295
0.383751014528736,8,14022,1786955469.7641497
0.36080747097730637,9,14041,1786955470.3710234
0.3688618399202824,9,14051,1786955470.6878893
0.35744360138972603,9,14061,1786955471.0019295
0.3611714173108339,9,14071,1786955471.3198774
0.35902083545923236,9,14081,1786955471.6331801
0.36089781622091927,9,14091,1786955471.946419
0.3620251893997192,9,14101,1786955472.2839499
0.36391647774726155,9,14111,1786955472.6009395
0.3627503807346026,9,14121,1786955472.9209306
0.3627201445400715,9,14131,1786955473.2515154
0.3624571676958691,9,14141,1786955473.5985916
0.36143965808053813,9,14151,1786955473.9241276
0.3589260340883182,9,14161,1786955474.2497315
0.35961604448301454,9,14171,1786955474.5802758
0.357474481066068,9,14181,1786955474.9136462
0.37090274412184954,9,14191,1786955475.2465603
0.3763670234119191,9,14201,1786955475.5763385
0.3807024420135551,9,14211,1786955475.904814
0.3851263187433544,9,14221,1786955476.2408195
0.38404627099633215,9,14231,1786955476.5724874
0.3815519792693002,9,14241,1786955476.9081457
0.3805243557149714,9,14251,1786955477.2412705
0.37685711228329205,9,14261,1786955477.573197
0.3793405381962657,9,14271,1786955477.9021637
0.3786689430475235,9,14281,1786955478.229485
0.3777740307725393,9,14291,1786955478.5603468
0.37650107106676806,9,14301,1786955478.890416
0.37921090493244786,9,14311,1786955479.2151692
0.3789218264407125,9,14321,1786955479.5437977
0.377401747405529,9,14331,1786955479.8621979
0.3770059389933463,9,14341,1786955480.1797223
0.3753210650756955,9,14351,1786955480.499676
0.37619069570844826,9,14361,1786955480.8271933
0.3766821428256876,9,14371,1786955481.1532035
0.3743188608757087,9,14381,1786955481.4852521
0.37324273489001725,9,14391,1786955481.822361
0.3717694587602809,9,14401,1786955482.16518
0.3684320647661623,9,14411,1786955482.4889345
0.36741574530800186,9,14421,1786955482.8139126
0.3673016962222755,9,14431,1786955483.1309044
0.36544337696055085,9,14441,1786955483.4527512
0.3664636547189383,9,14451,1786955483.7685661
0.365979258317587,9,14461,1786955484.0877807
0.36615737803619014,9,14471,1786955484.4105527
0.36703935144676103,9,14481,1786955484.7277622
0.3672691020142773,9,14491,1786955485.047779
0.3663902647159201,9,14501,1786955485.3611116
0.365811490562434,9,14511,1786955485.6696625
0.36583092636903936,9,14521,1786955485.9786634
0.36559037248790266,9,14531,1786955486.2847452
0.3651134967657865,9,14541,1786955486.592754
0.36488870461113176,9,14551,1786955486.905958
0.365427734028056,9,14561,1786955487.2208912
0.36517561076691857,9,14571,1786955487.541102
0.364857133125717,9,14581,1786955487.864733
0.3643693765758404,9,14591,1786955488.1822634
0.36309333528604426,9,14601,1786955488.4977262
0.36293419215442807,9,14611,1786955488.8122885
0.36255868449807166,9,14621,1786955489.1307433
0.3627333543325464,9,14631,1786955489.447379
0.3619236488200602,9,14641,1786955489.7571044
0.3616259688691747,9,14651,1786955490.0687912
0.36161946913316134,9,14661,1786955490.3785944
0.3621087099076249,9,14671,1786955490.6938274
0.3624176775606779,9,14681,1786955491.008119
0.36246191286905244,9,14691,1786955491.3271992
0.36241545042217665,9,14701,1786955491.6424956
0.3616287098101833,9,14711,1786955491.969982
0.361346918096145,9,14721,1786955492.3258243
0.36082799320774417,9,14731,1786955492.6521974
0.3605904042615857,9,14741,1786955492.9875898
0.36033682780754234,9,14751,1786955493.3221624
0.3600657452357142,9,14761,1786955493.6604345
0.35990640334784985,9,14771,1786955493.9962828
0.3599429349005222,9,14781,1786955494.3318355
0.36010450686475165,9,14791,1786955494.6616535
0.3603642829343096,9,14801,1786955494.9945483
0.3605715120736605,9,14811,1786955495.3271756
0.36027557626366613,9,14821,1786955495.6583445
0.36050141968764365,9,14831,1786955495.985749
0.36016272980673814,9,14841,1786955496.3208666
0.3595749225649165,9,14851,1786955496.6567895
0.3591250247535217,9,14861,1786955496.9869921
0.3582114615699365,9,14871,1786955497.329702
0.3579821375625975,9,14881,1786955497.666208
0.3572728679277176,9,14891,1786955498.0061696
0.3571656792499553,9,14901,1786955498.3436632
0.3570637064054608,9,14911,1786955498.6795475
0.35763735287310033,9,14921,1786955499.0172718
0.3572896631062031,9,14931,1786955499.3476713
0.35711414416085235,9,14941,1786955499.686532
0.356305326650972,9,14951,1786955500.0123575
0.35626795532241945,9,14961,1786955500.33576
0.35556671798546263,9,14971,1786955500.664793
0.3555705713284643,9,14981,1786955500.9934247
0.3549696922147026,9,14991,1786955501.3091652
0.35474521539260434,9,15001,1786955501.6273665
0.3542059767915278,9,15011,1786955501.9560244
0.3537289727968399,9,15021,1786955502.31702
0.3537440991997719,9,15031,1786955502.6362078
0.3534777436811145,9,15041,1786955502.9591215
0.3532946526858152,9,15051,1786955503.290247
0.35301152431559796,9,15061,1786955503.617946
0.35268086990198266,9,15071,1786955503.9390414
0.35318554879654024,9,15081,1786955504.2626576
0.35364817868707316,9,15091,1786955504.5938997
0.3535088004631417,9,15101,1786955504.9188917
0.35332648300186353,9,15111,1786955505.2388732
0.35279251378063764,9,15121,1786955505.5625997
0.35225180014967916,9,15131,1786955505.879553
0.35176499578598386,9,15141,1786955506.1897619
0.35168132678206476,9,15151,1786955506.5017529
0.3513318337697898,9,15161,1786955506.8155093
0.35086081773042677,9,15171,1786955507.130474
0.35052172480717947,9,15181,1786955507.4458363
0.34982812268466784,9,15191,1786955507.7641864
0.3497385767789987,9,15201,1786955508.08145
0.3494140377362906,9,15211,1786955508.4022872
0.3495164910284411,9,15221,1786955508.724902
0.3489447394758463,9,15231,1786955509.0424945
0.34817800158557816,9,15241,1786955509.3604674
0.34759986798782816,9,15251,1786955509.676827
0.3472988769654336,9,15261,1786955509.991651
0.34719847246043145,9,15271,1786955510.2997448
0.34713899602890014,9,15281,1786955510.6121244
0.3473769527815637,9,15291,1786955510.9297228
0.34727879945687423,9,15301,1786955511.2397053
0.34687779964879156,9,15311,1786955511.574845
0.3467319547667984,9,15321,1786955511.8928626
0.34623394035376037,9,15331,1786955512.2318566
0.34592958357725434,9,15341,1786955512.556183
0.3457902233821876,9,15351,1786955512.88643
0.3456069961638379,9,15361,1786955513.2134736
0.3455236854949104,9,15371,1786955513.5338697
0.34545415942315705,9,15381,1786955513.853605
0.3453866048661225,9,15391,1786955514.1822531
0.3451688153247764,9,15401,1786955514.5146103
0.34466570352298626,9,15411,1786955514.8273919
0.3443044920297835,9,15421,1786955515.1419063
0.3440489188475268,9,15431,1786955515.4625094
0.34387014303224306,9,15441,1786955515.7938578
0.34379831487444085,9,15451,1786955516.1299202
0.34342642318118705,9,15461,1786955516.462421
0.34344757141338456,9,15471,1786955516.7951488
0.34418198272072037,9,15481,1786955517.1228087
0.34406891623384334,9,15491,1786955517.4420633
0.3437638730621662,9,15501,1786955517.7620645
0.34404634667208067,9,15511,1786955518.0739365
0.3438386877611179,9,15521,1786955518.3889294
0.3433745163977146,9,15531,1786955518.6968637
0.3431517039900584,9,15541,1786955519.0167332
0.34318821852732645,9,15551,1786955519.340654
0.34300797257353277,9,15561,1786955519.6534448
0.3426365049725229,9,15571,1786955519.9607205
0.3429708141473032,9,15581,1786955520.2752059
2.08775737285614,0,10,1786956067.5776749
1.4066058039665221,0,20,1786956067.9177241
1.1366186261177063,0,30,1786956068.242831
0.9744223527610302,0,40,1786956068.5679448
0.8636415308713913,0,50,1786956068.8821619
0.8192064503828684,0,60,1786956069.2077274
0.7746185370853969,0,70,1786956069.5355256
0.7435998879373074,0,80,1786956069.8616965
0.7131836460696326,0,90,1786956070.1811109
0.6930336183309556,0,100,1786956070.5029125
0.677197587761012,0,110,1786956070.8140657
0.659500340372324,0,120,1786956071.1374238
0.6430945958082492,0,130,1786956071.4577684
0.6255886075752122,0,140,1786956071.8005867
0.6120066312948863,0,150,1786956072.1494603
0.6026877811178565,0,160,1786956072.4794075
0.5935252061661552,0,170,1786956072.8090103
0.5864302915003564,0,180,1786956073.139159
0.5795210941057456,0,190,1786956073.4625363
0.5766655977815389,0,200,1786956073.785808
0.5704116103904587,0,210,1786956074.103858
0.5645615013485605,0,220,1786956074.4189656
0.5579068482570027,0,230,1786956074.7297027
0.553004095517099,0,240,1786956075.0415454
0.5465845536589623,0,250,1786956075.3525875
0.5423613352844349,0,260,1786956075.6658049
0.5375867011922377,0,270,1786956075.975775
0.5330305029771157,0,280,1786956076.2884326
0.5287127570345485,0,290,1786956076.5982358
0.5255053976178169,0,300,1786956076.9032524
0.5228034022354311,0,310,1786956077.2079723
0.5202790882438422,0,320,1786956077.5194318
0.518452405297395,0,330,1786956077.8250337
0.5154284865540617,0,340,1786956078.1248512
0.5113000527450017,0,350,1786956078.4343696
0.5074019393159284,0,360,1786956078.7422621
0.5043921637374001,0,370,1786956079.0544372
0.5026370965336499,0,380,1786956079.3650277
0.5001523065261352,0,390,1786956079.677839
0.4977527725696564,0,400,1786956079.9862707
0.495992041215664,0,410,1786956080.2994072
0.4936537387115615,0,420,1786956080.613725
0.49097764582134956,0,430,1786956080.9193072
0.48877542093396187,0,440,1786956081.226228
0.4880790983968311,0,450,1786956081.5383878
0.4862680917848711,0,460,1786956081.863443
0.4838504130535937,0,470,1786956082.198565
0.4812561713779966,0,480,1786956082.512473
0.47966885031486045,0,490,1786956082.8260202
0.47789265257120134,0,500,1786956083.1396112
0.4765147604194342,0,510,1786956083.4511924
0.47583227180517634,0,520,1786956083.7571642
0.4748468678514912,0,530,1786956084.075405
0.47373504611077133,0,540,1786956084.398959
0.47175255599347027,0,550,1786956084.7174573
0.4709604332223535,0,560,1786956085.0335796
0.4701135115142454,0,570,1786956085.3554418
0.46911798551164824,0,580,1786956085.67822
0.4677561808945769,0,590,1786956085.9982731
0.4664578083654245,0,600,1786956086.3195674
0.46522248831928753,0,610,1786956086.6346993
0.4643660849621219,0,620,1786956086.942996
0.4632710669248823,0,630,1786956087.2486675
0.4615035749739036,0,640,1786956087.5704753
0.46011725035997536,0,650,1786956087.8868933
0.45876511949481386,0,660,1786956088.1989865
0.45861040033511263,0,670,1786956088.5143282
0.4570421692641342,0,680,1786956088.8263028
0.4561507445314656,0,690,1786956089.1437762
0.4550713139559541,0,700,1786956089.4719872
0.45399145402119195,0,710,1786956089.7832525
0.4524315074707071,0,720,1786956090.1070778
0.4510172556320282,0,730,1786956090.4404356
0.45029108264559026,0,740,1786956090.7529163
0.4491624872883161,0,750,1786956091.0779521
0.44791946181733355,0,760,1786956091.3947463
0.4474399405059876,0,770,1786956091.7126248
0.4471969692943952,0,780,1786956092.0462794
0.4466297991479499,0,790,1786956092.3873935
0.44588327335193756,0,800,1786956092.713735
0.445768691820127,0,810,1786956093.031512
0.4452327681205622,0,820,1786956093.3472514
0.44458298196634616,0,830,1786956093.6708279
0.44369760235505445,0,840,1786956093.9948509
0.44269826200078516,0,850,1786956094.3289511
0.44189860564331673,0,860,1786956094.6515343
0.44183754119379764,0,870,1786956094.970247
0.44218094027177857,0,880,1786956095.2894108
0.4413135158546855,0,890,1786956095.6139455
0.4407905755771531,0,900,1786956095.9427354
0.44048196905916864,0,910,1786956096.2644167
0.4422159028765948,0,920,1786956096.6081035
0.4425082266330719,0,930,1786956096.9410732
0.44285168987005313,0,940,1786956097.2844913
0.4428928606133712,0,950,1786956097.6116085
0.442875892855227,0,960,1786956097.9341996
0.44284325819654563,0,970,1786956098.250851
0.44279172399214334,0,980,1786956098.570538
0.4428290859918402,0,990,1786956098.890779
0.44259696316719055,0,1000,1786956099.213469
0.44309675168282914,0,1010,1786956099.5360053
0.44400708488389556,0,1020,1786956099.8528142
0.4446251594036528,0,1030,1786956100.1656728
0.44475621552421496,0,1040,1786956100.4849148
0.4465319035166786,0,1050,1786956100.7923782
0.4467702157373698,0,1060,1786956101.1031206
0.4462683964276982,0,1070,1786956101.4210382
0.44620351220170656,0,1080,1786956101.7329805
0.4459143305043562,0,1090,1786956102.0588655
0.44538887529210613,0,1100,1786956102.3921492
0.4455326483996065,0,1110,1786956102.6963866
0.4455126160090523,0,1120,1786956103.0023527
0.44525317071022186,0,1130,1786956103.3128297
0.44492488971404864,0,1140,1786956103.6280668
0.44447148670320924,0,1150,1786956103.9474742
0.44448334549007745,0,1160,1786956104.2745588
0.44404283181214943,0,1170,1786956104.5907705
0.44370464525990566,0,1180,1786956104.9050674
0.44393998482147184,0,1190,1786956105.22165
0.44360702998936175,0,1200,1786956105.5333476
0.443007879094644,0,1210,1786956105.845778
0.44291041327304526,0,1220,1786956106.1587274
0.4427653634451269,0,1230,1786956106.4779246
0.44226909289436955,0,1240,1786956106.7909796
0.444084299492836,0,1250,1786956107.0973735
0.44523844832465764,0,1260,1786956107.414948
0.4452328886807434,0,1270,1786956107.7207232
0.44488214298617096,0,1280,1786956108.0277784
0.4445535605036935,0,1290,1786956108.3443913
0.44402999735795534,0,1300,1786956108.66973
0.4444926574712491,0,1310,1786956108.9792714
0.4443538476571892,0,1320,1786956109.2974901
0.4438719736454182,0,1330,1786956109.6071784
0.44360095080155043,0,1340,1786956109.920619
0.44319858498043485,0,1350,1786956110.2368088
0.4429283850004568,0,1360,1786956110.5534947
0.44260108591648784,0,1370,1786956110.8655603
0.44204269648678063,0,1380,1786956111.1817634
0.44162393929503807,0,1390,1786956111.519438
0.44143593312374185,0,1400,1786956111.8365805
0.44114837319927014,0,1410,1786956112.1872313
0.4405738756585289,0,1420,1786956112.5015528
0.44047253612246545,0,1430,1786956112.8136754
0.43991613920984995,0,1440,1786956113.1342037
0.4397161527645999,0,1450,1786956113.448837
0.43953658414826,0,1460,1786956113.7596855
0.4393531232362702,0,1470,1786956114.0676508
0.4391103428662629,0,1480,1786956114.3864274
0.4386059298711335,0,1490,1786956114.704509
0.4384912370145321,0,1500,1786956115.0272427
0.438541791247611,0,1510,1786956115.3401477
0.4384164592839385,0,1520,1786956115.6603515
0.43816963575439516,0,1530,1786956115.9747372
0.43789722274069665,0,1540,1786956116.295588
0.43752325678063975,0,1550,1786956116.615669
0.4356028318405151,1,1569,1786956117.2494564
0.47259881645441054,1,1579,1786956117.576584
0.44153941770394645,1,1589,1786956117.9025624
0.4497057169675827,1,1599,1786956118.2257516
0.4388155847787857,1,1609,1786956118.5494843
0.4259472747643789,1,1619,1786956118.8631465
0.4168245741299221,1,1629,1786956119.1716204
0.41614756248891355,1,1639,1786956119.4812336
0.4104322095712026,1,1649,1786956119.794887
0.4042730875313282,1,1659,1786956120.1063962
0.4038565287535841,1,1669,1786956120.432883
0.39974751013020676,1,1679,1786956120.7496212
0.3968610718846321,1,1689,1786956121.0649216
0.39380923137068746,1,1699,1786956121.3853672
0.3893976371486982,1,1709,1786956121.7051961
0.39019558737054466,1,1719,1786956122.0217245
0.38994496806579476,1,1729,1786956122.3658504
0.390833796809117,1,1739,1786956122.6813064
0.3918475903178516,1,1749,1786956122.9901533
0.39013617537915707,1,1759,1786956123.304762
0.38996276124602275,1,1769,1786956123.619511
0.3882885040884668,1,1779,1786956123.9259639
0.3882801218525223,1,1789,1786956124.2332418
0.38699802979826925,1,1799,1786956124.554606
0.3879293450117111,1,1809,1786956124.870206
0.3881652172941428,1,1819,1786956125.1828928
0.38736731123041224,1,1829,1786956125.497941
0.38698685392737386,1,1839,1786956125.81471
0.3860184629415644,1,1849,1786956126.1261423
0.38679129113753635,1,1859,1786956126.4414742
0.3864007182659641,1,1869,1786956126.7739346
0.3874594560824335,1,1879,1786956127.1023736
0.3860579181349639,1,1889,1786956127.421816
0.3853248588740826,1,1899,1786956127.7292256
0.38511676681893214,1,1909,1786956128.0380082
0.3833931350459655,1,1919,1786956128.3581016
0.3839303461683763,1,1929,1786956128.6738937
0.38356264229667814,1,1939,1786956128.9898553
0.38370583894161076,1,1949,1786956129.3144698
0.3851322246715426,1,1959,1786956129.6463828
0.3934615261307577,1,1969,1786956129.9710848
0.40273115631370315,1,1979,1786956130.2882135
0.41474808783725253,1,1989,1786956130.6072996
0.4260219760577787,1,1999,1786956130.9177396
0.4452712097764015,1,2009,1786956131.228839
0.46075381510283636,1,2019,1786956131.5414202
0.46867920632692095,1,2029,1786956131.8634055
0.4726295441078643,1,2039,1786956132.209585
0.47505059141893774,1,2049,1786956132.5181158
0.47599048659205434,1,2059,1786956132.8279061
0.4770271433042545,1,2069,1786956133.1295717
0.47687735606271486,1,2079,1786956133.437027
0.47610225775894127,1,2089,1786956133.7512457
0.4755578337168252,1,2099,1786956134.0632217
0.4745914232459935,1,2109,1786956134.381546
0.473711925824838,1,2119,1786956134.6980228
0.47215198453581125,1,2129,1786956135.0031843
0.4710788366866523,1,2139,1786956135.317854
0.469950545819129,1,2149,1786956135.6259239
0.46877290291090806,1,2159,1786956135.930724
0.46764471948635383,1,2169,1786956136.2385042
0.467160710932747,1,2179,1786956136.5488093
0.4663224308027161,1,2189,1786956136.8547819
0.46624416902195664,1,2199,1786956137.1666975
0.46441977251034516,1,2209,1786956137.477395
0.46469081981164034,1,2219,1786956137.7961159
0.4634304792800946,1,2229,1786956138.115531
0.46209356059484624,1,2239,1786956138.4358385
0.4612505620588427,1,2249,1786956138.7599115
0.46004694276622365,1,2259,1786956139.0779147
0.4590786219272815,1,2269,1786956139.3866336
0.45758410212066436,1,2279,1786956139.6988358
0.4566738006595063,1,2289,1786956140.0027812
0.45554872670689145,1,2299,1786956140.3080623
0.4543365514675776,1,2309,1786956140.6251845
0.4533857117750143,1,2319,1786956140.9432373
0.4522664958393419,1,2329,1786956141.2620616
0.4510176887879005,1,2339,1786956141.5710526
0.44986533835718906,1,2349,1786956141.8946185
0.44922098584473136,1,2359,1786956142.2281067
0.4482045786616243,1,2369,1786956142.5516374
0.447200575670818,1,2379,1786956142.8744173
0.44628626388239573,1,2389,1786956143.1929662
0.44511288737966903,1,2399,1786956143.5122793
0.44505883024019355,1,2409,1786956143.8313115
0.4447504680170569,1,2419,1786956144.144206
0.44339555046339146,1,2429,1786956144.4592376
0.4425330627709627,1,2439,1786956144.7721756
0.4418585861666819,1,2449,1786956145.0814996
0.4415765854716301,1,2459,1786956145.3993895
0.4407709531731658,1,2469,1786956145.7235816
0.43985143051199294,1,2479,1786956146.0448477
0.43927216984892403,1,2489,1786956146.3646483
0.4380789933369515,1,2499,1786956146.683737
0.4376005994803027,1,2509,1786956147.0042021
0.43722679135389625,1,2519,1786956147.3225791
0.43669382848383226,1,2529,1786956147.6393
0.4357101674134634,1,2539,1786956147.9532464
0.434996334786969,1,2549,1786956148.2750912
0.433974313929677,1,2559,1786956148.5867941
0.4329078629022778,1,2569,1786956148.895207
0.43215453369068163,1,2579,1786956149.2128263
0.4311835472444886,1,2589,1786956149.5335243
0.43024913599857917,1,2599,1786956149.850225
0.4302488957984107,1,2609,1786956150.154741
0.42970746814642313,1,2619,1786956150.4706743
0.4293737630977809,1,2629,1786956150.783927
0.4289212394643713,1,2639,1786956151.0977755
0.4283303792596957,1,2649,1786956151.4088094
0.42804511227390984,1,2659,1786956151.7328908
0.42712807504980416,1,2669,1786956152.072087
0.4265534994724606,1,2679,1786956152.4183164
0.4264176705374127,1,2689,1786956152.7375085
0.4260019817111785,1,2699,1786956153.051593
0.4257259251501249,1,2709,1786956153.3712668
0.4253125544123608,1,2719,1786956153.6947124
0.42494259607842844,1,2729,1786956154.0180736
0.42474544835040123,1,2739,1786956154.3389258
0.4244514147649292,1,2749,1786956154.66663
0.4241316981737812,1,2759,1786956154.978166
0.4233670437015778,1,2769,1786956155.2920918
0.422996737233928,1,2779,1786956155.6370997
0.422754543922781,1,2789,1786956155.9515944
0.4224639117717743,1,2799,1786956156.2595532
0.42187609443664553,1,2809,1786956156.5727692
0.42143343552237467,1,2819,1786956156.8948803
0.42133523225784303,1,2829,1786956157.2149773
0.4209818524308503,1,2839,1786956157.5375042
0.4205743960862936,1,2849,1786956157.8565376
0.4200912809257324,1,2859,1786956158.168922
0.4197384528872621,1,2869,1786956158.486507
0.41921236452956995,1,2879,1786956158.8059046
0.4189823570668249,1,2889,1786956159.1204712
0.41834560518166913,1,2899,1786956159.4396844
0.4180513838375056,1,2909,1786956159.7537954
0.4176568365381921,1,2919,1786956160.0810323
0.4174729696155465,1,2929,1786956160.3973997
0.4173107250229172,1,2939,1786956160.720837
0.41714933259452847,1,2949,1786956161.0326982
0.4171062369644642,1,2959,1786956161.3522282
0.4167322571395982,1,2969,1786956161.6685684
0.4168898113176856,1,2979,1786956161.9897819
0.41642277403311295,1,2989,1786956162.3336473
0.4160982363132967,1,2999,1786956162.6597607
0.4155749849615426,1,3009,1786956162.9819486
0.41527158379146495,1,3019,1786956163.2983272
0.41502029028068593,1,3029,1786956163.612614
0.4148196789863947,1,3039,1786956163.930385
0.4145719381586817,1,3049,1786956164.2410467
0.41425729978084563,1,3059,1786956164.5588372
0.41457209240719184,1,3069,1786956164.8784196
0.41430309633479306,1,3079,1786956165.1857715
0.4136579221077994,1,3089,1786956165.5008452
0.41351027102632953,1,3099,1786956165.8200212
0.41316750831181004,1,3109,1786956166.1376767
0.3746336340904236,2,3128,1786956166.7244604
0.3530062586069107,2,3138,1786956167.038591
0.3588414520025253,2,3148,1786956167.3484929
0.36039950102567675,2,3158,1786956167.6637163
0.36172000139951704,2,3168,1786956167.9828541
0.36183232565720874,2,3178,1786956168.3001893
0.3581530549696514,2,3188,1786956168.6169384
0.35883200280368327,2,3198,1786956168.930574
0.3621630945139461,2,3208,1786956169.2456524
0.3628092627227306,2,3218,1786956169.5536304
0.3682229742407799,2,3228,1786956169.8639739
0.36591355005900067,2,3238,1786956170.1741605
0.3686021387577057,2,3248,1786956170.4848928
0.3699468133705003,2,3258,1786956170.7884264
0.3696540415287018,2,3268,1786956171.0900233
0.3715569540858269,2,3278,1786956171.4220448
0.36990143411299764,2,3288,1786956171.7556345
0.3686554099122683,2,3298,1786956172.0931501
0.3674727054802995,2,3308,1786956172.410394
0.36738013006746767,2,3318,1786956172.727239
0.36651725272337593,2,3328,1786956173.0370305
0.36625785251910037,2,3338,1786956173.3456225
0.3668695753683215,2,3348,1786956173.6523762
0.36745354626327753,2,3358,1786956173.9624317
0.36739324456453326,2,3368,1786956174.270146
0.36623970550986434,2,3378,1786956174.57644
0.36700851878634205,2,3388,1786956174.887653
0.36752430078174386,2,3398,1786956175.1955397
0.3672420383013528,2,3408,1786956175.5137868
0.3671569680670897,2,3418,1786956175.8298523
0.36686812230656224,2,3428,1786956176.1361613
0.3673284342046827,2,3438,1786956176.4484494
0.36758752352360524,2,3448,1786956176.7742186
0.3687847356147626,2,3458,1786956177.0928867
0.3680697851095881,2,3468,1786956177.412266
0.3681564984636174,2,3478,1786956177.7288258
0.3685440821019379,2,3488,1786956178.047858
0.3685694364732818,2,3498,1786956178.358557
0.36862213332683613,2,3508,1786956178.6778667
0.37016289282590153,2,3518,1786956178.9876063
0.36992405707516324,2,3528,1786956179.2933776
0.36931334804920923,2,3538,1786956179.6088178
0.3694455414317375,2,3548,1786956179.9286811
0.36931223754178394,2,3558,1786956180.2516952
0.3684035733011034,2,3568,1786956180.599
0.36926391636547834,2,3578,1786956180.9262488
0.3697873905935186,2,3588,1786956181.246986
0.36887646509955324,2,3598,1786956181.5611525
0.3693976374913235,2,3608,1786956181.876075
0.3692347844839096,2,3618,1786956182.2124767
0.3693343554057327,2,3628,1786956182.5250742
0.3710565642095529,2,3638,1786956182.8338192
0.37120226267373785,2,3648,1786956183.1512866
0.3709797015344655,2,3658,1786956183.4719293
0.3717119977690957,2,3668,1786956183.7909281
0.3714981786374535,2,3678,1786956184.108427
0.37092585610715967,2,3688,1786956184.4247663
0.37089961479450095,2,3698,1786956184.7530034
0.3711283414545706,2,3708,1786956185.0821347
0.3702608876427015,2,3718,1786956185.4025593
0.37026631646468994,2,3728,1786956185.72657
0.3701677092381062,2,3738,1786956186.052106
0.3702452071365856,2,3748,1786956186.380218
0.3706730801379308,2,3758,1786956186.7168467
0.37019614391602,2,3768,1786956187.0431125
0.3703009351184874,2,3778,1786956187.3647108
0.3701321337872477,2,3788,1786956187.6880248
0.3700665120911949,2,3798,1786956188.0217707
0.3703651186564694,2,3808,1786956188.3463192
0.3700031852935042,2,3818,1786956188.6758707
0.3700848737862748,2,3828,1786956189.004676
0.3718335898593068,2,3838,1786956189.3340557
0.37292582125288165,2,3848,1786956189.6545465
0.37491502783991193,2,3858,1786956189.9665124
0.3753874310056369,2,3868,1786956190.2731752
0.37563504566879646,2,3878,1786956190.5951703
0.37557101623191463,2,3888,1786956190.904215
0.3774463303387165,2,3898,1786956191.2213995
0.3786770262484309,2,3908,1786956191.5312345
0.3814777297340333,2,3918,1786956191.8456755
0.3821243386393712,2,3928,1786956192.1790442
0.3840930325774158,2,3938,1786956192.4865942
0.3858271413359297,2,3948,1786956192.7942915
0.3880630031050671,2,3958,1786956193.1223679
0.3894497030447511,2,3968,1786956193.4387462
0.39097251235399133,2,3978,1786956193.7505472
0.39137449601943464,2,3988,1786956194.0590508
0.3941573869944973,2,3998,1786956194.3854985
0.39735153138302687,2,4008,1786956194.7074516
0.398735431647963,2,4018,1786956195.030606
0.40032820120290086,2,4028,1786956195.3537607
0.40158253229506635,2,4038,1786956195.6732934
0.4025943109905848,2,4048,1786956196.0044005
0.4031392751380484,2,4058,1786956196.3256764
0.4034175606934648,2,4068,1786956196.6557033
0.4037089334024737,2,4078,1786956196.9734662
0.40431722828100636,2,4088,1786956197.3102689
0.4042204812929338,2,4098,1786956197.6318388
0.40471053429023185,2,4108,1786956197.9575486
0.4056073503047228,2,4118,1786956198.2876372
0.40552583589117125,2,4128,1786956198.6131287
0.4060967333030467,2,4138,1786956198.9411247
0.405593536041894,2,4148,1786956199.2652433
0.4053989013656974,2,4158,1786956199.5857453
0.40554154834577016,2,4168,1786956199.900599
0.40540871748103285,2,4178,1786956200.2126558
0.4048887936729137,2,4188,1786956200.5317433
0.40524572254055075,2,4198,1786956200.8453736
0.4050762665517833,2,4208,1786956201.1605613
0.4046680606088855,2,4218,1786956201.4793923
0.4047573028518273,2,4228,1786956201.8029459
0.40434263767674566,2,4238,1786956202.1435082
0.4042950536165617,2,4248,1786956202.4532137
0.40440484924536,2,4258,1786956202.7636962
0.4039644976413768,2,4268,1786956203.083431
0.4041619684547186,2,4278,1786956203.4050398
0.40441032578038355,2,4288,1786956203.7199996
0.4042841067632376,2,4298,1786956204.0355906
0.40430024307565526,2,4308,1786956204.3497133
0.404400784013172,2,4318,1786956204.6729765
0.40531564602428233,2,4328,1786956204.99171
0.40572383886233704,2,4338,1786956205.30743
0.4059006084150415,2,4348,1786956205.6359556
0.40582723267857107,2,4358,1786956205.9556391
0.4055462558150291,2,4368,1786956206.2794518
0.4051099772372889,2,4378,1786956206.599127
0.40504765431946654,2,4388,1786956206.9268484
0.4046176961273886,2,4398,1786956207.259232
0.40419604629278183,2,4408,1786956207.5896156
0.40407494355852785,2,4418,1786956207.9090028
0.4038381734990892,2,4428,1786956208.2188733
0.40374596047807826,2,4438,1786956208.5397267
0.40342523770448857,2,4448,1786956208.8605032
0.4034986769641513,2,4458,1786956209.1813478
0.40301287087025467,2,4468,1786956209.5040398
0.4022274705417016,2,4478,1786956209.8269403
0.40187837148669864,2,4488,1786956210.1386867
0.40174095477314964,2,4498,1786956210.4538138
0.4017628804385233,2,4508,1786956210.7644525
0.40205374151468276,2,4518,1786956211.0734565
0.4016768235475459,2,4528,1786956211.3954463
0.4022557506468934,2,4538,1786956211.7090619
0.4029201712224867,2,4548,1786956212.0394835
0.4029806873243716,2,4558,1786956212.3879125
0.4026930292104853,2,4568,1786956212.722617
0.40241793729875186,2,4578,1786956213.0385344
0.4020469443834558,2,4588,1786956213.3608391
0.4024289948211328,2,4598,1786956213.6930854
0.4033254233882731,2,4608,1786956214.022072
0.4033245050807794,2,4618,1786956214.3513417
0.40350586840056424,2,4628,1786956214.6824877
0.4041661657883148,2,4638,1786956215.0115914
0.40464356036162846,2,4648,1786956215.341983
0.40457341118485896,2,4658,1786956215.6710696
0.40521798190570646,2,4668,1786956215.9938643
0.4153806298971176,3,4687,1786956216.6203744
0.433372500538826,3,4697,1786956216.954498
0.48470593293507896,3,4707,1786956217.290425
0.5458377301692963,3,4717,1786956217.6204839
0.5892505156993866,3,4727,1786956217.9494247
0.6233673930168152,3,4737,1786956218.2779918
0.6395652668816703,3,4747,1786956218.60687
0.6723052024841308,3,4757,1786956218.9354568
0.6634338451756372,3,4767,1786956219.2697065
0.6442775774002075,3,4777,1786956219.5979812
0.6223561658100648,3,4787,1786956219.9173265
0.6059496435026328,3,4797,1786956220.226012
0.5952137484000279,3,4807,1786956220.5497825
0.5914718332035201,3,4817,1786956220.866805
0.5810017184416453,3,4827,1786956221.1692789
0.5731243923306465,3,4837,1786956221.4797888
0.5660653215997359,3,4847,1786956221.7909837
0.561067999071545,3,4857,1786956222.1178405
0.5655095693312193,3,4867,1786956222.4402313
0.5571595134586096,3,4877,1786956222.764597
0.5507812909427143,3,4887,1786956223.0785675
0.5432889668101614,3,4897,1786956223.3918893
0.5359720922682596,3,4907,1786956223.7140272
0.5307709786420067,3,4917,1786956224.03623
0.5261587975621224,3,4927,1786956224.3548918
0.520507024629758,3,4937,1786956224.6832294
0.5157107975195956,3,4947,1786956225.011502
0.5108926710805722,3,4957,1786956225.338799
0.5064790816656475,3,4967,1786956225.6668794
0.5039302026728789,3,4977,1786956225.99213
0.5015475654313641,3,4987,1786956226.2994442
0.496978361858055,3,4997,1786956226.6145782
0.49313145636609107,3,5007,1786956226.9274075
0.48992752200540374,3,5017,1786956227.2418034
0.48729392094271523,3,5027,1786956227.5489147
0.48380699762039714,3,5037,1786956227.8630168
0.4803222357824042,3,5047,1786956228.1692355
0.47802361904790525,3,5057,1786956228.4875975
0.47564652680586544,3,5067,1786956228.8000188
0.47283452861011027,3,5077,1786956229.1147907
0.4713149310612097,3,5087,1786956229.4217353
0.4703381442597934,3,5097,1786956229.7267797
0.4770926908005116,3,5107,1786956230.031665
0.47995328571308743,3,5117,1786956230.3388164
0.48257549875312383,3,5127,1786956230.6519096
0.4835974073928335,3,5137,1786956230.9682202
0.4847950926486482,3,5147,1786956231.280898
0.4854948210840424,3,5157,1786956231.6169155
0.4866465376956122,3,5167,1786956231.947836
0.48782584196329115,3,5177,1786956232.294544
0.488040394467466,3,5187,1786956232.6137223
0.4906842912045809,3,5197,1786956232.9304402
0.49140314038069743,3,5207,1786956233.2425008
0.493115948802895,3,5217,1786956233.5546556
0.4947921802238985,3,5227,1786956233.864539
0.49477586623813424,3,5237,1786956234.1738424
0.4958080951059074,3,5247,1786956234.4855528
0.49675543041064824,3,5257,1786956234.7978003
0.4962942711882672,3,5267,1786956235.1187847
0.4970817225674788,3,5277,1786956235.4407709
0.49648030356305545,3,5287,1786956235.7634077
0.49661301648424516,3,5297,1786956236.0874712
0.49599423077371385,3,5307,1786956236.4072728
0.4955754057969898,3,5317,1786956236.7311592
0.4952276278917606,3,5327,1786956237.0500417
0.49544005554282305,3,5337,1786956237.365369
0.4963134015896427,3,5347,1786956237.673533
0.49597561747273977,3,5357,1786956237.9823442
0.497027864901052,3,5367,1786956238.2905679
0.4970638132733958,3,5377,1786956238.5992935
0.49585608258633546,3,5387,1786956238.9064329
0.4941069318809443,3,5397,1786956239.2177646
0.49335964854857695,3,5407,1786956239.5203238
0.49159635130215334,3,5417,1786956239.8288398
0.49083308859666186,3,5427,1786956240.1389155
0.4892889298106495,3,5437,1786956240.4542055
0.4875668629423364,3,5447,1786956240.7714376
0.4875075576397089,3,5457,1786956241.0830026
0.48709754340256317,3,5467,1786956241.4007027
0.485624419040978,3,5477,1786956241.7133117
0.4849236551258299,3,5487,1786956242.0372465
0.48389842808246614,3,5497,1786956242.3839512
0.48337395184011345,3,5507,1786956242.7087567
0.48254728643667133,3,5517,1786956243.0288806
0.48110541859093836,3,5527,1786956243.3415446
0.4800462141633034,3,5537,1786956243.6564674
0.4792839828921461,3,5547,1786956243.973644
0.4787467812949961,3,5557,1786956244.2919998
0.4781164192416695,3,5567,1786956244.6214676
0.4768367117974493,3,5577,1786956244.9358926
0.476129060787159,3,5587,1786956245.2544382
0.475536359457866,3,5597,1786956245.580786
0.47496543408081093,3,5607,1786956245.90307
0.4736201218785124,3,5617,1786956246.2232122
0.4728057006785744,3,5627,1786956246.5482688
0.4717436898189286,3,5637,1786956246.8897004
0.4712386648986757,3,5647,1786956247.2115872
0.47033970733078156,3,5657,1786956247.530805
0.469530816481571,3,5667,1786956247.8467505
0.46886904844641686,3,5677,1786956248.1686492
0.4678228762185219,3,5687,1786956248.4924605
0.4671969294255855,3,5697,1786956248.8153367
0.4664877095558111,3,5707,1786956249.150167
0.46612393853182976,3,5717,1786956249.4805114
0.4649985252675556,3,5727,1786956249.8113093
0.4642439365105809,3,5737,1786956250.1339386
0.463835593500984,3,5747,1786956250.4612615
0.46295574238454856,3,5757,1786956250.785164
0.46235755312880245,3,5767,1786956251.1131155
0.46142955143343317,3,5777,1786956251.4379148
0.4607236414879292,3,5787,1786956251.7652628
0.459855987184814,3,5797,1786956252.1258686
0.45927697338361656,3,5807,1786956252.4494727
0.4590527491611347,3,5817,1786956252.767309
0.45829047296358194,3,5827,1786956253.0842683
0.4574335183305987,3,5837,1786956253.3934011
0.4568514212583884,3,5847,1786956253.69647
0.4560020870071346,3,5857,1786956253.9988737
0.4551069475021683,3,5867,1786956254.3059876
0.4544655937453111,3,5877,1786956254.6243167
0.45361981027382464,3,5887,1786956254.9314053
0.45293812690699686,3,5897,1786956255.2331505
0.4530025363937626,3,5907,1786956255.545854
0.4528731710247455,3,5917,1786956255.8694415
0.45271056756973266,3,5927,1786956256.1987784
0.4521692799552092,3,5937,1786956256.5273178
0.4523909238262439,3,5947,1786956256.843489
0.4527057028957643,3,5957,1786956257.1534488
0.45216955571442613,3,5967,1786956257.4730227
0.45181227733309454,3,5977,1786956257.783844
0.4520169327618512,3,5987,1786956258.1001058
0.4516110940525929,3,5997,1786956258.4127822
0.45093433183610887,3,6007,1786956258.7237756
0.4505873241642518,3,6017,1786956259.0413282
0.4498284427876826,3,6027,1786956259.3497849
0.44949928437743114,3,6037,1786956259.6626675
0.4492452698141119,3,6047,1786956259.9760323
0.4486725213411062,3,6057,1786956260.2902012
0.44813491094241037,3,6067,1786956260.592784
0.4474450793436595,3,6077,1786956260.9017901
0.44704972118773356,3,6087,1786956261.2094445
0.4462771980905197,3,6097,1786956261.5349588
0.4457569760042471,3,6107,1786956261.864467
0.44526879304192135,3,6117,1786956262.204285
0.4447385968935901,3,6127,1786956262.5169783
0.44416297297567536,3,6137,1786956262.832774
0.4432922164700469,3,6147,1786956263.1453693
0.4426615113241447,3,6157,1786956263.4600294
0.4420356975805839,3,6167,1786956263.7767684
0.4417733894884586,3,6177,1786956264.0924945
0.44143976556346903,3,6187,1786956264.4128752
0.4412808973636282,3,6197,1786956264.7344239
0.440735978394552,3,6207,1786956265.0655286
0.4404749341018788,3,6217,1786956265.3886151
0.44055794177516816,3,6227,1786956265.7076929
0.34486298859119413,4,6246,1786956266.3272974
0.35603702664375303,4,6256,1786956266.6516023
0.3399277205268542,4,6266,1786956266.986949
0.34455234818160535,4,6276,1786956267.3126876
0.3453100797533989,4,6286,1786956267.63729
0.35119892929991087,4,6296,1786956267.9648576
0.3504142967717988,4,6306,1786956268.2907953
0.3505614152178168,4,6316,1786956268.6226923
0.3516667801472876,4,6326,1786956268.9502752
0.35338149741292,4,6336,1786956269.2770047
0.3531754952940074,4,6346,1786956269.603631
0.3586215713371833,4,6356,1786956269.929045
0.36125642645817535,4,6366,1786956270.2583044
0.3630977474153042,4,6376,1786956270.5848222
0.3653558428088824,4,6386,1786956270.9171476
0.364397728163749,4,6396,1786956271.2513378
0.36510288864374163,4,6406,1786956271.5891876
0.36568971499800684,4,6416,1786956271.9251664
0.3664540519839839,4,6426,1786956272.2926047
0.36570544958114626,4,6436,1786956272.6150415
0.3654616552449408,4,6446,1786956272.9260616
0.36478924703868953,4,6456,1786956273.241713
0.36305494729591453,4,6466,1786956273.551654
0.3642882150287429,4,6476,1786956273.862932
0.3644956293106079,4,6486,1786956274.175151
0.36437396475901973,4,6496,1786956274.4922132
0.3641144703383799,4,6506,1786956274.8077273
0.3634811510464975,4,6516,1786956275.130165
0.36397846942317896,4,6526,1786956275.4469967
0.36506529703736307,4,6536,1786956275.755401
0.3648040449907703,4,6546,1786956276.0713859
0.36457729353569446,4,6556,1786956276.3825598
0.36570659975210823,4,6566,1786956276.6972048
0.36561591077376815,4,6576,1786956277.0163016
0.36467121601104735,4,6586,1786956277.340477
0.3652648900945981,4,6596,1786956277.6696615
0.3650792807340622,4,6606,1786956277.984004
0.3653873950242996,4,6616,1786956278.3023763
0.36526461106080277,4,6626,1786956278.6206257
0.36531286269426344,4,6636,1786956278.9342263
0.3660092876815214,4,6646,1786956279.254734
0.36570062928256536,4,6656,1786956279.5724373
0.3659351998636889,4,6666,1786956279.8880267
0.3658410820432685,4,6676,1786956280.2070544
0.3658335507909457,4,6686,1786956280.5242963
0.36688596107389615,4,6696,1786956280.835707
0.36762258423135635,4,6706,1786956281.1509619
0.36778716448073584,4,6716,1786956281.4647784
0.3679370432788012,4,6726,1786956281.784037
0.36785850271582604,4,6736,1786956282.1244633
0.36821050296227137,4,6746,1786956282.4323204
0.3685654237006719,4,6756,1786956282.7367103
0.36849307999858316,4,6766,1786956283.0524063
0.3679766877105943,4,6776,1786956283.364667
0.3676696941527453,4,6786,1786956283.6821692
0.36795174958450455,4,6796,1786956284.0064328
0.3691732440078468,4,6806,1786956284.3188813
0.3699930599023556,4,6816,1786956284.6248558
0.36929919148905804,4,6826,1786956284.9245803
0.36934642752011615,4,6836,1786956285.2339168
0.36924502458728725,4,6846,1786956285.5506752
0.3679271594410942,4,6856,1786956285.8689532
0.36760590225458145,4,6866,1786956286.183197
0.3684379841433838,4,6876,1786956286.496397
0.36930783031078485,4,6886,1786956286.8097765
0.3694004101960948,4,6896,1786956287.1237845
0.36959660929530413,4,6906,1786956287.4277651
0.3693333253921831,4,6916,1786956287.7324293
0.3700812213878701,4,6926,1786956288.0422604
0.3697088282236031,4,6936,1786956288.363396
0.369676464481253,4,6946,1786956288.6741328
0.3692250105034974,4,6956,1786956288.9916298
0.369153290884952,4,6966,1786956289.311273
0.36844773447594126,4,6976,1786956289.6127808
0.3691981948415438,4,6986,1786956289.9159775
0.3683854507772546,4,6996,1786956290.2207353
0.3681228638856442,4,7006,1786956290.5288033
0.3680322063274873,4,7016,1786956290.848001
0.3679351256240772,4,7026,1786956291.1631496
0.3673800256662071,4,7036,1786956291.4898305
0.3673709347108264,4,7046,1786956291.8235276
0.3672874224440354,4,7056,1786956292.1982856
0.3670367239828569,4,7066,1786956292.5255678
0.3670343112023104,4,7076,1786956292.8499289
0.36688598482047813,4,7086,1786956293.181651
0.3671376236302908,4,7096,1786956293.500798
0.3670771997036605,4,7106,1786956293.8325212
0.36726175114851106,4,7116,1786956294.1648211
0.3676224149512441,4,7126,1786956294.4924653
0.36801057423154515,4,7136,1786956294.8359268
0.3683316176900497,4,7146,1786956295.1652792
0.36798017214497797,4,7156,1786956295.4910316
0.36770794257040945,4,7166,1786956295.8156857
0.3678571198056353,4,7176,1786956296.1481142
0.36768824602428235,4,7186,1786956296.467678
0.36816451642662285,4,7196,1786956296.7779932
0.36790496023352615,4,7206,1786956297.0991173
0.36842115851385254,4,7216,1786956297.4203131
0.3695081279283822,4,7226,1786956297.7392788
0.36942458717525006,4,7236,1786956298.060049
0.36997231966493155,4,7246,1786956298.375184
0.3701277145714152,4,7256,1786956298.6923356
0.3702457558616851,4,7266,1786956299.0290272
0.3705718050639217,4,7276,1786956299.347691
0.3703008358109565,4,7286,1786956299.6637206
0.3701232380040412,4,7296,1786956299.9775317
0.3701949765749067,4,7306,1786956300.2989366
0.37007588642062966,4,7316,1786956300.6074164
0.3697564836762367,4,7326,1786956300.9132268
0.3703923290697011,4,7336,1786956301.2253082
0.3702448584743448,4,7346,1786956301.5394702
0.3700566548188882,4,7356,1786956301.8607843
0.37014879110903864,4,7366,1786956302.2171369
0.37028700883189836,4,7376,1786956302.531861
0.3701671959654145,4,7386,1786956302.8527298
0.37052235686830404,4,7396,1786956303.1727767
0.3706611645145294,4,7406,1786956303.4997747
0.370485505853164,4,7416,1786956303.8112788
0.37078694191550005,4,7426,1786956304.128035
0.3709606514001886,4,7436,1786956304.4443042
0.3714174425429549,4,7446,1786956304.7623224
0.3721702076250412,4,7456,1786956305.091596
0.3726780474064796,4,7466,1786956305.4261193
0.37357942362225827,4,7476,1786956305.7557936
0.376301507127285,4,7486,1786956306.0849154
0.3776674620807171,4,7496,1786956306.4221232
0.37945979137824276,4,7506,1786956306.7482343
0.381631878123153,4,7516,1786956307.0763092
0.3836965395845184,4,7526,1786956307.399842
0.38588664514514115,4,7536,1786956307.7176788
0.3869771820102029,4,7546,1786956308.0391176
0.3888898432593454,4,7556,1786956308.356467
0.39046712491969415,4,7566,1786956308.670257
0.390751008789486,4,7576,1786956308.9887826
0.3920939944077421,4,7586,1786956309.3051639
0.3930520019439213,4,7596,1786956309.6175644
0.3935423763890336,4,7606,1786956309.932378
0.39410334044824474,4,7616,1786956310.2540581
0.39657498264698676,4,7626,1786956310.579089
0.39840053601988723,4,7636,1786956310.8940554
0.40041450933150363,4,7646,1786956311.2136056
0.4031496596483278,4,7656,1786956311.5300558
0.4069684510777047,4,7666,1786956311.8688815
0.4122112167274786,4,7676,1786956312.2290285
0.4185329065960029,4,7686,1786956312.5488138
0.4225655992859847,4,7696,1786956312.8648694
0.4259914360180193,4,7706,1786956313.1837754
0.4296834719040104,4,7716,1786956313.501041
0.43204276390723734,4,7726,1786956313.811712
0.4339586605926355,4,7736,1786956314.1308272
0.4352779756022605,4,7746,1786956314.4415412
0.43682677844833384,4,7756,1786956314.7486975
0.43797516591993035,4,7766,1786956315.048762
0.43920023767398547,4,7776,1786956315.3569007
0.44034813266608025,4,7786,1786956315.6582446
0.5738492637872696,5,7805,1786956316.2387297
0.616256195306778,5,7815,1786956316.539887
0.603015559911728,5,7825,1786956316.852149
0.5749199904501439,5,7835,1786956317.161528
0.5542124509811401,5,7845,1786956317.4673214
0.5388226355115573,5,7855,1786956317.774809
0.5369913216148104,5,7865,1786956318.087198
0.5288102377206088,5,7875,1786956318.398578
0.5399891118208567,5,7885,1786956318.7007751
0.5463659155368805,5,7895,1786956319.0074341
0.5456612237475135,5,7905,1786956319.3126435
0.5471800702313582,5,7915,1786956319.6102512
0.5438024901426756,5,7925,1786956319.9105444
0.5377986720630101,5,7935,1786956320.2189858
0.5343925801912943,5,7945,1786956320.5260909
0.5328554542735219,5,7955,1786956320.825724
0.5310966707327787,5,7965,1786956321.1300564
0.5279690260688464,5,7975,1786956321.429384
0.5220599983867846,5,7985,1786956321.7284002
0.5176523254811763,5,7995,1786956322.043088
0.5120405234041668,5,8005,1786956322.3766007
0.5052158269015226,5,8015,1786956322.6930988
0.5001545316499213,5,8025,1786956323.007002
0.49548120945692065,5,8035,1786956323.322702
0.4930254054069519,5,8045,1786956323.6278646
0.4916440648528246,5,8055,1786956323.927428
0.4894034343737143,5,8065,1786956324.2276993
0.4854549378156662,5,8075,1786956324.5358615
0.4823890634651842,5,8085,1786956324.8544912
0.4806009771426519,5,8095,1786956325.1848574
0.47774120761502176,5,8105,1786956325.497142
0.47693808898329737,5,8115,1786956325.7985232
0.47410698198910917,5,8125,1786956326.1011965
0.47231979729498136,5,8135,1786956326.423928
0.4712028715440205,5,8145,1786956326.727994
0.4678654823866155,5,8155,1786956327.0358534
0.4659620566142572,5,8165,1786956327.3504567
0.46263929174134605,5,8175,1786956327.660322
0.4602976274796021,5,8185,1786956327.9723847
0.45895383931696415,5,8195,1786956328.2894487
0.45870133761952564,5,8205,1786956328.6029112
0.45954087674617766,5,8215,1786956328.9099498
0.45790697079758313,5,8225,1786956329.232448
0.45691843154755507,5,8235,1786956329.5438612
0.4568932208749983,5,8245,1786956329.8557942
0.45644348503454873,5,8255,1786956330.1697817
0.45508834833794454,5,8265,1786956330.4888043
0.4528143079020083,5,8275,1786956330.8010247
0.4524549465702504,5,8285,1786956331.105483
0.4521139979660511,5,8295,1786956331.4284077
0.4507319226861,5,8305,1786956331.735768
0.4504010169838484,5,8315,1786956332.0610504
0.4489490970406892,5,8325,1786956332.3878162
0.4478525751994716,5,8335,1786956332.6984427
0.44721662870862267,5,8345,1786956333.00654
0.446717381237873,5,8355,1786956333.3228068
0.4455294159682173,5,8365,1786956333.6334918
0.44524556637324136,5,8375,1786956333.9358246
0.4442514382429042,5,8385,1786956334.2458518
0.4435185034821431,5,8395,1786956334.5581875
0.44242027218713137,5,8405,1786956334.8672457
0.4414991488620158,5,8415,1786956335.184434
0.44071289317475426,5,8425,1786956335.498849
0.4404378603911027,5,8435,1786956335.8170316
0.4400370255800394,5,8445,1786956336.1300588
0.4393383787662694,5,8455,1786956336.4451807
0.4384514633621742,5,8465,1786956336.7591567
0.43727868306724466,5,8475,1786956337.0649467
0.4370773633537085,5,8485,1786956337.3765996
0.43649234795144626,5,8495,1786956337.696377
0.4357491732273303,5,8505,1786956338.00717
0.4345438047622641,5,8515,1786956338.3224323
0.43338543831893844,5,8525,1786956338.6383421
0.432901701713736,5,8535,1786956338.9567018
0.4325901076992353,5,8545,1786956339.2752798
0.4317035292128199,5,8555,1786956339.588472
0.43209662094905776,5,8565,1786956339.896064
0.4325621312436385,5,8575,1786956340.2048025
0.43253101704618596,5,8585,1786956340.5167773
0.432996114064008,5,8595,1786956340.8170435
0.4323612336943179,5,8605,1786956341.1180549
0.4325248679555044,5,8615,1786956341.4358952
0.43294236773108863,5,8625,1786956341.7446327
0.4332914803886697,5,8635,1786956342.05782
0.4326088856774218,5,8645,1786956342.3811877
0.43284573515140734,5,8655,1786956342.6904306
0.43267211271771067,5,8665,1786956342.9922612
0.431884290159426,5,8675,1786956343.2983692
0.43100812836979213,5,8685,1786956343.613264
0.4303726978434457,5,8695,1786956343.918841
0.42921317177159446,5,8705,1786956344.2259796
0.4285635461301907,5,8715,1786956344.5409493
0.42730016399134874,5,8725,1786956344.8497262
0.4265602593567777,5,8735,1786956345.1593304
0.42575730510448156,5,8745,1786956345.4760668
0.4250712925257782,5,8755,1786956345.7788332
0.42429567176042143,5,8765,1786956346.0874414
0.4237295712743487,5,8775,1786956346.4000487
0.4231213484448616,5,8785,1786956346.7102914
0.42268191277980804,5,8795,1786956347.015619
0.4218854139199351,5,8805,1786956347.3263917
0.4222843353508734,5,8815,1786956347.641321
0.4225799846562367,5,8825,1786956347.9524534
0.4220856215804815,5,8835,1786956348.2622085
0.4213042396448907,5,8845,1786956348.5828416
0.4212848240615062,5,8855,1786956348.890504
0.4208664743560497,5,8865,1786956349.19729
0.42054721032855685,5,8875,1786956349.5111928
0.4202986791456511,5,8885,1786956349.8195157
0.42054633395238356,5,8895,1786956350.1330347
0.42147666366250663,5,8905,1786956350.4467618
0.42183915049369847,5,8915,1786956350.7627747
0.4213214718662532,5,8925,1786956351.0694673
0.421505972716892,5,8935,1786956351.394832
0.42140697375587793,5,8945,1786956351.7105591
0.4211625350446537,5,8955,1786956352.0233948
0.4213803307622926,5,8965,1786956352.3573952
0.4213161121990721,5,8975,1786956352.6682482
0.42102569977776344,5,8985,1786956352.9845226
0.420819055189689,5,8995,1786956353.2958155
0.4204964386776459,5,9005,1786956353.605493
0.4203139565762926,5,9015,1786956353.9235175
0.41995194927463686,5,9025,1786956354.2395284
0.4194384456882554,5,9035,1786956354.5614214
0.41906984043121337,5,9045,1786956354.8741162
0.4187894982951028,5,9055,1786956355.186933
0.41824569270366757,5,9065,1786956355.505855
0.4179084429051727,5,9075,1786956355.817036
0.41780967841776767,5,9085,1786956356.1289058
0.41790391000417565,5,9095,1786956356.444554
0.4179061503810737,5,9105,1786956356.7540252
0.4174333204825719,5,9115,1786956357.0699174
0.4169221421605662,5,9125,1786956357.3884206
0.4168226342815072,5,9135,1786956357.710396
0.4165253088209364,5,9145,1786956358.047605
0.41608605071464005,5,9155,1786956358.37695
0.4158854173700305,5,9165,1786956358.6912735
0.41586562429649243,5,9175,1786956359.0078397
0.41606409789846954,5,9185,1786956359.3216457
0.4161211143221174,5,9195,1786956359.6310601
0.41632127343340125,5,9205,1786956359.9386952
0.4160935020782578,5,9215,1786956360.252412
0.41617685735642496,5,9225,1786956360.5609493
0.41642436867372856,5,9235,1786956360.8878953
0.41738698367414806,5,9245,1786956361.2032104
0.4171688752835744,5,9255,1786956361.5172124
0.41692997492900513,5,9265,1786956361.8350275
0.4170490203676997,5,9275,1786956362.172576
0.4167878841593762,5,9285,1786956362.5175145
0.416656601925691,5,9295,1786956362.8611019
0.41637618867372045,5,9305,1786956363.191805
0.4163179339939042,5,9315,1786956363.5105028
0.4163154074179581,5,9325,1786956363.8227944
0.41632801400763647,5,9335,1786956364.1371646
0.4165010415354083,5,9345,1786956364.4576166
0.3947291761636734,6,9364,1786956365.0527499
0.41413464993238447,6,9374,1786956365.3745747
0.41152586340904235,6,9384,1786956365.6824677
0.40363571494817735,6,9394,1786956365.9900405
0.40541256964206696,6,9404,1786956366.2952418
0.40737990885972974,6,9414,1786956366.592916
0.4095055831330163,6,9424,1786956366.9075449
0.41415230594575403,6,9434,1786956367.2169578
0.41392929951349894,6,9444,1786956367.526081
0.4103383567929268,6,9454,1786956367.8308027
0.40435087138956244,6,9464,1786956368.1327877
0.40581974685192107,6,9474,1786956368.4510112
0.40552461743354795,6,9484,1786956368.7641032
0.4044717441712107,6,9494,1786956369.085821
0.4007276012500127,6,9504,1786956369.4090865
0.40113678239285944,6,9514,1786956369.7375495
0.400034045121249,6,9524,1786956370.0546823
0.40012562622626624,6,9534,1786956370.3682013
0.40029484864912535,6,9544,1786956370.6839895
0.39778756521642206,6,9554,1786956371.0007672
0.397081804062639,6,9564,1786956371.3148808
0.39515302621505477,6,9574,1786956371.6328516
0.3940777669134347,6,9584,1786956371.9584434
0.3947425281628966,6,9594,1786956372.3070931
0.3944378852248192,6,9604,1786956372.6219428
0.393566138870441,6,9614,1786956372.9482062
0.3941765968998273,6,9624,1786956373.2705302
0.39262186975351404,6,9634,1786956373.589976
0.39183692577584034,6,9644,1786956373.9038806
0.39120721792181334,6,9654,1786956374.2184684
0.39200249530615344,6,9664,1786956374.5238543
0.391592510137707,6,9674,1786956374.8306656
0.3930210497343179,6,9684,1786956375.1386838
0.39273166866863474,6,9694,1786956375.4504642
0.39177644269807,6,9704,1786956375.7513692
0.392666148311562,6,9714,1786956376.056928
0.39224421377923036,6,9724,1786956376.364405
0.39224168709234186,6,9734,1786956376.671174
0.3914395770583397,6,9744,1786956376.9834037
0.39120263043791054,6,9754,1786956377.2897832
0.39212062326146335,6,9764,1786956377.5987585
0.39334885311268625,6,9774,1786956377.9094691
0.3952160760760307,6,9784,1786956378.2140265
0.397220029309392,6,9794,1786956378.5294363
0.3968801379534933,6,9804,1786956378.841039
0.39791823285429373,6,9814,1786956379.1537676
0.3986966837910896,6,9824,1786956379.4578378
0.3986153840708236,6,9834,1786956379.7640347
0.3992070135717489,6,9844,1786956380.0732412
0.39927664345502856,6,9854,1786956380.3874333
0.3993340367195653,6,9864,1786956380.7065384
0.3995270057079884,6,9874,1786956381.0122006
0.3994318589568138,6,9884,1786956381.3246357
0.39953808334690555,6,9894,1786956381.6320703
0.4002726205641573,6,9904,1786956381.9598355
0.4006133004224726,6,9914,1786956382.3004274
0.4002990614688187,6,9924,1786956382.6155477
0.39952640988189597,6,9934,1786956382.9378588
0.3994624787215459,6,9944,1786956383.255936
0.3993690191457669,6,9954,1786956383.5662484
0.3998487611530257,6,9964,1786956383.872753
0.3998974066347845,6,9974,1786956384.1824517
0.40005481756395767,6,9984,1786956384.4942198
0.4005537837045267,6,9994,1786956384.807714
0.40083350284741476,6,10004,1786956385.124826
0.40063749874631566,6,10014,1786956385.4459677
0.40062962697068255,6,10024,1786956385.7585588
0.39961083279374765,6,10034,1786956386.0684276
0.399211647350719,6,10044,1786956386.382464
0.3987927735916206,6,10054,1786956386.6982613
0.39840996523558253,6,10064,1786956387.0155783
0.39858210250321363,6,10074,1786956387.3310378
0.3990103949626831,6,10084,1786956387.6402197
0.39843774468109416,6,10094,1786956387.9503138
0.39779078116019567,6,10104,1786956388.255917
0.39796693436801434,6,10114,1786956388.5717857
0.39759331885483357,6,10124,1786956388.883907
0.3982275993969196,6,10134,1786956389.2044973
0.39851774910960014,6,10144,1786956389.519463
0.3977546158246696,6,10154,1786956389.8279521
0.39751550141308045,6,10164,1786956390.1415172
0.39752620820228646,6,10174,1786956390.4587643
0.3981788169368204,6,10184,1786956390.7712467
0.39768768572026775,6,10194,1786956391.0950432
0.39776619937490015,6,10204,1786956391.4090607
0.3974251031355802,6,10214,1786956391.7258418
0.39717590557090166,6,10224,1786956392.0465245
0.39676598478108643,6,10234,1786956392.3832715
0.39641936583800264,6,10244,1786956392.693575
0.39590390289823213,6,10254,1786956393.0071316
0.39565321808005427,6,10264,1786956393.3244991
0.395517041987699,6,10274,1786956393.6354513
0.39511826714520815,6,10284,1786956393.9580486
0.39479345571487506,6,10294,1786956394.2716832
0.3946784092093769,6,10304,1786956394.591449
0.39423960172571243,6,10314,1786956394.903817
0.39431506528989557,6,10324,1786956395.2195883
0.3939203671502824,6,10334,1786956395.5473785
0.3940403346611996,6,10344,1786956395.8627799
0.39415304209291935,6,10354,1786956396.1834526
0.39391371051568796,6,10364,1786956396.5028725
0.393686665433879,6,10374,1786956396.8147485
0.39343984228314705,6,10384,1786956397.133687
0.39323504415269084,6,10394,1786956397.4570754
0.3930193252648626,6,10404,1786956397.7781775
0.3930662250603145,6,10414,1786956398.10661
0.3928486811084168,6,10424,1786956398.418795
0.39247641931805344,6,10434,1786956398.7348619
0.3923874350452642,6,10444,1786956399.0529618
0.39235613019628957,6,10454,1786956399.3724658
0.3922320650101782,6,10464,1786956399.6899056
0.3919267097887184,6,10474,1786956400.006051
0.39155270879247545,6,10484,1786956400.3192532
0.3923363847690716,6,10494,1786956400.6274853
0.3934331765641337,6,10504,1786956400.9357626
0.3942770146604242,6,10514,1786956401.2500384
0.3945707750116658,6,10524,1786956401.5627055
0.39461939976377003,6,10534,1786956401.8798268
0.395737575808493,6,10544,1786956402.2194474
0.3982469143718481,6,10554,1786956402.5287523
0.40089737625161476,6,10564,1786956402.8435094
0.40295926288503114,6,10574,1786956403.1555061
0.4038689932202905,6,10584,1786956403.4713233
0.4060490640180726,6,10594,1786956403.792065
0.4084536327123642,6,10604,1786956404.1115422
0.41104119233195746,6,10614,1786956404.4204478
0.41243366347992516,6,10624,1786956404.7257748
0.4140366892563179,6,10634,1786956405.0311906
0.4156652864559676,6,10644,1786956405.3493302
0.41696923083983933,6,10654,1786956405.6670349
0.41782578223079214,6,10664,1786956405.9786549
0.4190094538710334,6,10674,1786956406.2925413
0.4195581245019024,6,10684,1786956406.6129532
0.4205091114142048,6,10694,1786956406.921557
0.4218093236728951,6,10704,1786956407.2286358
0.42252618460094227,6,10714,1786956407.5409977
0.42310925900501056,6,10724,1786956407.8551788
0.4234266250461772,6,10734,1786956408.1684427
0.4238343944223665,6,10744,1786956408.4795074
0.42415751782911165,6,10754,1786956408.7880008
0.42484116230873353,6,10764,1786956409.1016989
0.42498484474252646,6,10774,1786956409.4124033
0.42501241406360707,6,10784,1786956409.720056
0.42525725254995955,6,10794,1786956410.038303
0.4257417884366266,6,10804,1786956410.3577805
0.4256166587953698,6,10814,1786956410.6696253
0.42553479965446755,6,10824,1786956410.9791353
0.4254885909927858,6,10834,1786956411.298101
0.4256648227072402,6,10844,1786956411.6293056
0.4261886441111565,6,10854,1786956411.9518206
0.4260335075144736,6,10864,1786956412.2867875
0.4260714587020247,6,10874,1786956412.5889745
0.42591490626724715,6,10884,1786956412.8929682
0.42569432673709734,6,10894,1786956413.1957676
0.42560964004647345,6,10904,1786956413.4997642
0.4053493648767471,7,10923,1786956414.0906804
0.4112707033753395,7,10933,1786956414.408865
0.39942612250645954,7,10943,1786956414.7160213
0.41112886667251586,7,10953,1786956415.0140028
0.4113804829120636,7,10963,1786956415.3183148
0.4022227331995964,7,10973,1786956415.6261709
0.4023204675742558,7,10983,1786956415.9252505
0.4026894487440586,7,10993,1786956416.2529976
0.4027298175626331,7,11003,1786956416.577542
0.40586408972740173,7,11013,1786956416.895831
0.4097642478617755,7,11023,1786956417.2094793
0.41402320166428885,7,11033,1786956417.527499
0.4167579086927267,7,11043,1786956417.8395522
0.4131923028400966,7,11053,1786956418.1543229
0.41077755808830263,7,11063,1786956418.4692686
0.4115311309695244,7,11073,1786956418.7829003
0.41142028710421397,7,11083,1786956419.1028116
0.41184801128175524,7,11093,1786956419.4233897
0.4131866362534071,7,11103,1786956419.7380347
0.4146712812781334,7,11113,1786956420.0412378
0.41348536411921183,7,11123,1786956420.3496282
0.4131543882868507,7,11133,1786956420.660894
0.4113975229470626,7,11143,1786956420.9728317
0.40933959322671093,7,11153,1786956421.2784111
0.40875547456741335,7,11163,1786956421.593558
0.40644454216727843,7,11173,1786956421.9057198
0.406260173133126,7,11183,1786956422.2491016
0.4055469266538109,7,11193,1786956422.5826547
0.40518926500246444,7,11203,1786956422.902053
0.4065056059261163,7,11213,1786956423.2234445
0.40685005558113896,7,11223,1786956423.5370958
0.408047680137679,7,11233,1786956423.8518064
0.40817495877995635,7,11243,1786956424.1714463
0.40717280791962845,7,11253,1786956424.4894714
0.40655733274562017,7,11263,1786956424.7989454
0.4066408915238248,7,11273,1786956425.108724
0.40594043920974476,7,11283,1786956425.4233146
0.4044121606961677,7,11293,1786956425.7307384
0.4032320471528249,7,11303,1786956426.0402448
0.40238450963050126,7,11313,1786956426.3505688
0.40137208769234217,7,11323,1786956426.6612947
0.4014068714919544,7,11333,1786956426.968319
0.40059801353964697,7,11343,1786956427.2867796
0.3995095941830765,7,11353,1786956427.608902
0.3987621995475557,7,11363,1786956427.9177704
0.3992203930797784,7,11373,1786956428.224291
0.3989390496243822,7,11383,1786956428.5416615
0.3987687590842446,7,11393,1786956428.8541355
0.39960807805158655,7,11403,1786956429.179414
0.4008396503329277,7,11413,1786956429.501544
0.40042810308582644,7,11423,1786956429.822409
0.4012526279745194,7,11433,1786956430.131548
0.399500170715575,7,11443,1786956430.444214
0.39825258370902805,7,11453,1786956430.7609303
0.39784457087516784,7,11463,1786956431.0704758
0.39676640533975194,7,11473,1786956431.3868074
0.396682576129311,7,11483,1786956431.698705
0.3967984221618751,7,11493,1786956432.012754
0.3965825440014823,7,11503,1786956432.344585
0.3958865427474181,7,11513,1786956432.657428
0.39588791610764673,7,11523,1786956432.9716163
0.39470957250845046,7,11533,1786956433.2817936
0.3942878884692041,7,11543,1786956433.5888603
0.3942826612386853,7,11553,1786956433.894746
0.3946145413013605,7,11563,1786956434.2051818
0.39409318227659573,7,11573,1786956434.5209787
0.39492507265574894,7,11583,1786956434.8299105
0.39509766934549106,7,11593,1786956435.1416898
0.3944664615219918,7,11603,1786956435.4562082
0.3941217135957309,7,11613,1786956435.76113
0.39389393552088403,7,11623,1786956436.0665388
0.3945582618316015,7,11633,1786956436.375987
0.39423530644749943,7,11643,1786956436.6848001
0.39416726155055537,7,11653,1786956436.9932742
0.3940301259358724,7,11663,1786956437.2966638
0.3936253672759784,7,11673,1786956437.603227
0.3935421449023408,7,11683,1786956437.915201
0.3934608653951914,7,11693,1786956438.2211623
0.39663441626331475,7,11703,1786956438.5252926
0.3979443323239684,7,11713,1786956438.8258755
0.4008133590221405,7,11723,1786956439.126909
0.40247737685354745,7,11733,1786956439.4378633
0.4038448347025607,7,11743,1786956439.7437375
0.40418343309845245,7,11753,1786956440.0486414
0.4045466053135255,7,11763,1786956440.3532047
0.40471146796331847,7,11773,1786956440.6701946
0.4044484017566703,7,11783,1786956440.973384
0.4047092802991921,7,11793,1786956441.2762804
0.40428153509169484,7,11803,1786956441.5823965
0.4045926182303164,7,11813,1786956441.9072802
0.4045206752943469,7,11823,1786956442.2445123
0.404459555754843,7,11833,1786956442.563592
0.40442519394620774,7,11843,1786956442.8866196
0.4043196730315685,7,11853,1786956443.2067287
0.4037978478952458,7,11863,1786956443.5285287
0.40380856151071687,7,11873,1786956443.8433719
0.4037766070556395,7,11883,1786956444.1562717
0.40318126774259977,7,11893,1786956444.4862893
0.40343520013671935,7,11903,1786956444.7989628
0.4035526808649302,7,11913,1786956445.1059353
0.4030901333778211,7,11923,1786956445.4176931
0.4030477075600157,7,11933,1786956445.7254162
0.4032134652716442,7,11943,1786956446.032508
0.40325991863814686,7,11953,1786956446.3461702
0.4051953147990363,7,11963,1786956446.6671567
0.40621269665799054,7,11973,1786956446.9808133
0.40705580797707924,7,11983,1786956447.2982786
0.40767038334850914,7,11993,1786956447.6141756
0.4080325052552267,7,12003,1786956447.93067
0.4084967155077241,7,12013,1786956448.2463503
0.40876783285592055,7,12023,1786956448.566837
0.4084529409318098,7,12033,1786956448.8807204
0.4082850777865511,7,12043,1786956449.2065573
0.40797676146030426,7,12053,1786956449.5348532
0.40793578259322955,7,12063,1786956449.8586593
0.40756429995185345,7,12073,1786956450.1785235
0.4076128030052552,7,12083,1786956450.492479
0.4072605950978853,7,12093,1786956450.806394
0.4077300953138776,7,12103,1786956451.1207786
0.407840763318042,7,12113,1786956451.4242468
0.4074461077486188,7,12123,1786956451.7270784
0.4077655326269689,7,12133,1786956452.0396447
0.4077316330579238,7,12143,1786956452.376574
0.40743728329337414,7,12153,1786956452.6872005
0.40710641108751294,7,12163,1786956452.999031
0.40763682066684676,7,12173,1786956453.3327115
0.40736739125073423,7,12183,1786956453.6621044
0.4075061574229039,7,12193,1786956453.9817808
0.4071369124821914,7,12203,1786956454.2915132
0.4071842453915339,7,12213,1786956454.6198754
0.40676896338926927,7,12223,1786956454.9434612
0.406883516625473,7,12233,1786956455.256765
0.4065595608792807,7,12243,1786956455.5752223
0.40665271910491274,7,12253,1786956455.8888948
0.40630321069999975,7,12263,1786956456.2085485
0.4061502604580977,7,12273,1786956456.522544
0.40633818309237485,7,12283,1786956456.8436465
0.40649173795313076,7,12293,1786956457.1734178
0.40607657610512465,7,12303,1786956457.488977
0.4061750364090715,7,12313,1786956457.8056176
0.40597439463256946,7,12323,1786956458.123218
0.4060735328936241,7,12333,1786956458.4376307
0.4059646466603646,7,12343,1786956458.7522476
0.405822864588764,7,12353,1786956459.067567
0.40600413770511234,7,12363,1786956459.3849964
0.4058273618760174,7,12373,1786956459.6991649
0.4057019542471892,7,12383,1786956460.0133572
0.4053197348440016,7,12393,1786956460.327438
0.4051021483720549,7,12403,1786956460.6389608
0.4047345000108083,7,12413,1786956460.9497306
0.40448308685757467,7,12423,1786956461.258014
0.4044221107308802,7,12433,1786956461.5674927
0.4044261325613346,7,12443,1786956461.8999918
0.4041727431408771,7,12453,1786956462.2604485
0.40391819492463144,7,12463,1786956462.576491
0.428648442029953,8,12482,1786956463.1812258
0.4170814469456673,8,12492,1786956463.496511
0.3949101453026136,8,12502,1786956463.8221028
0.39012608490884304,8,12512,1786956464.141497
0.3844201508164406,8,12522,1786956464.4524775
0.38320636277397474,8,12532,1786956464.7620282
0.3807167794023241,8,12542,1786956465.0808818
0.3793841306120157,8,12552,1786956465.3991513
0.37870793441931405,8,12562,1786956465.7159774
0.3788147263228893,8,12572,1786956466.04971
0.3815988008271564,8,12582,1786956466.369835
0.3803782208512227,8,12592,1786956466.6875648
0.3762974379154352,8,12602,1786956467.0130045
0.37403386213949746,8,12612,1786956467.331026
0.3722449055314064,8,12622,1786956467.6445165
0.36918342802673576,8,12632,1786956467.9638298
0.3697377539732877,8,12642,1786956468.2796881
0.3715906323658095,8,12652,1786956468.5967226
0.3729532014382513,8,12662,1786956468.9134684
0.37186226293444635,8,12672,1786956469.2459562
0.3731856746332986,8,12682,1786956469.5687578
0.37172875329852106,8,12692,1786956469.8854935
0.37271490025779475,8,12702,1786956470.2072735
0.37426073644310237,8,12712,1786956470.5417988
0.37429602748155594,8,12722,1786956470.8526652
0.37573149072436185,8,12732,1786956471.1704464
0.3771240192430991,8,12742,1786956471.496647
0.37954931759408544,8,12752,1786956471.8081703
0.38066823759983326,8,12762,1786956472.1444728
0.3818195190032323,8,12772,1786956472.4543195
0.3814121886607139,8,12782,1786956472.7717855
0.38146147355437277,8,12792,1786956473.0867987
0.382391619682312,8,12802,1786956473.4055712
0.3832510319264496,8,12812,1786956473.7253008
0.3823432859352657,8,12822,1786956474.0532155
0.38085201597876017,8,12832,1786956474.369989
0.3805584346523156,8,12842,1786956474.6859686
0.3813998607820586,8,12852,1786956475.0051856
0.3829987067824755,8,12862,1786956475.3243184
0.38250791307538745,8,12872,1786956475.647697
0.38241608648038494,8,12882,1786956475.966691
0.3832150988280773,8,12892,1786956476.2759552
0.3837674997227136,8,12902,1786956476.5937893
0.3832318289374763,8,12912,1786956476.9054585
0.38477237701416017,8,12922,1786956477.2172766
0.3850158000121946,8,12932,1786956477.5323286
0.38655753877568755,8,12942,1786956477.8489146
0.3863473373775681,8,12952,1786956478.1719818
0.3868289111220107,8,12962,1786956478.4918485
0.3867592047452927,8,12972,1786956478.811427
0.3863457122854158,8,12982,1786956479.1394691
0.3870164356552638,8,12992,1786956479.4592907
0.387235614657402,8,13002,1786956479.7818582
0.38888752068634386,8,13012,1786956480.1033814
0.3886609722809358,8,13022,1786956480.419867
0.38957115773643763,8,13032,1786956480.7438712
0.39014529381927693,8,13042,1786956481.0660837
0.3917323663316924,8,13052,1786956481.3930266
0.39228371821217617,8,13062,1786956481.7206392
0.3923886437217394,8,13072,1786956482.0590906
0.39245679080486295,8,13082,1786956482.403504
0.39298914103738725,8,13092,1786956482.7291996
0.392574173495883,8,13102,1786956483.051297
0.39263010122813286,8,13112,1786956483.372434
0.3919154736628899,8,13122,1786956483.6954715
0.3920642785050652,8,13132,1786956484.0235415
0.39185409981813,8,13142,1786956484.343572
0.3917136287426247,8,13152,1786956484.664998
0.39160270498714583,8,13162,1786956484.9819684
0.39224691069551876,8,13172,1786956485.3061368
0.3914095864959166,8,13182,1786956485.6267796
0.39140322769267694,8,13192,1786956485.956839
0.39271454947860274,8,13202,1786956486.2853596
0.3943877772503608,8,13212,1786956486.6078258
0.39424771326780317,8,13222,1786956486.9328535
0.3943687824238288,8,13232,1786956487.2569337
0.3949745507789897,8,13242,1786956487.5855172
0.3955666424563298,8,13252,1786956487.9059258
0.395153868707675,8,13262,1786956488.2174056
0.39573991453275087,8,13272,1786956488.5227919
0.39591873632169067,8,13282,1786956488.8321013
0.395867687663654,8,13292,1786956489.155514
0.3956374160676117,8,13302,1786956489.4794328
0.3960980762860605,8,13312,1786956489.8052468
0.39594769441029604,8,13322,1786956490.1256425
0.3971965956306735,8,13332,1786956490.4423578
0.39764242585020504,8,13342,1786956490.7568831
0.3978430608626116,8,13352,1786956491.0815842
0.39828530719106114,8,13362,1786956491.4045208
0.398955403616031,8,13372,1786956491.723824
0.39972095088316845,8,13382,1786956492.076061
0.39961513551357,8,13392,1786956492.4065452
0.40011502800769705,8,13402,1786956492.717358
0.40099529314865456,8,13412,1786956493.0303638
0.40139159633925087,8,13422,1786956493.3431692
0.40179116479121146,8,13432,1786956493.653803
0.4023909696752263,8,13442,1786956493.9704213
0.40272434924025924,8,13452,1786956494.2849424
0.40301404325950024,8,13462,1786956494.6029663
0.40378261484205724,8,13472,1786956494.912925
0.40397975832814037,8,13482,1786956495.2169929
0.40377977991513175,8,13492,1786956495.5278256
0.4038189389896624,8,13502,1786956495.8346
0.4040532548696949,8,13512,1786956496.1357877
0.40428409912756513,8,13522,1786956496.4418266
0.40386860984957446,8,13532,1786956496.7514513
0.4038531485840539,8,13542,1786956497.0613163
0.4032925746507115,8,13552,1786956497.3697922
0.4029196280131646,8,13562,1786956497.6783197
0.4020429625971751,8,13572,1786956497.9848835
0.4020782022728576,8,13582,1786956498.2912686
0.40157157579170805,8,13592,1786956498.5913568
0.4013351645749227,8,13602,1786956498.893763
0.401313324364131,8,13612,1786956499.1978211
0.40124998182058336,8,13622,1786956499.5025697
0.40112924225114543,8,13632,1786956499.8055785
0.4008445226865956,8,13642,1786956500.1057463
0.40024704234832426,8,13652,1786956500.4046192
0.40016452984399153,8,13662,1786956500.7102394
0.3998419930910071,8,13672,1786956501.0123472
0.3993825036755278,8,13682,1786956501.3131857
0.39896735548973083,8,13692,1786956501.612419
0.39874669478191593,8,13702,1786956501.9398088
0.3986834403728285,8,13712,1786956502.2758646
0.3986349316358566,8,13722,1786956502.5877724
0.39854885067731616,8,13732,1786956502.8988354
0.39864816971885875,8,13742,1786956503.207159
0.3984649331425317,8,13752,1786956503.5126991
0.39818990991790165,8,13762,1786956503.8154502
0.39804058552934574,8,13772,1786956504.1240351
0.398227107831995,8,13782,1786956504.4297383
0.39802359901368617,8,13792,1786956504.7368572
0.3978364500224142,8,13802,1786956505.0429144
0.39823751779856964,8,13812,1786956505.3472867
0.3978282666758255,8,13822,1786956505.6528022
0.3980975478339721,8,13832,1786956505.9609785
0.39812877248891076,8,13842,1786956506.2736921
0.39795523671352345,8,13852,1786956506.583662
0.3983048352727787,8,13862,1786956506.9062488
0.3979239893491779,8,13872,1786956507.2247777
0.39744045016824775,8,13882,1786956507.5419767
0.39787686163900604,8,13892,1786956507.8610327
0.3982845717480966,8,13902,1786956508.1841953
0.39862732031486103,8,13912,1786956508.5140014
0.39884895210636073,8,13922,1786956508.833028
0.3988933294705332,8,13932,1786956509.1496503
0.3989868447792773,8,13942,1786956509.4761155
0.3991056315500188,8,13952,1786956509.802841
0.3992826192070974,8,13962,1786956510.1335788
0.39925006905198096,8,13972,1786956510.4606068
0.399508234552595,8,13982,1786956510.7908542
0.3994213027095324,8,13992,1786956511.1236277
0.39963591984089686,8,14002,1786956511.451845
0.3995696730911732,8,14012,1786956511.7737489
0.3997005498697681,8,14022,1786956512.122562
0.4470865994691849,9,14041,1786956512.725863
0.4696449860930443,9,14051,1786956513.038982
0.4433134227991104,9,14061,1786956513.3542354
0.4413962386548519,9,14071,1786956513.6647792
0.4287390583753586,9,14081,1786956513.9646552
0.43530798306067786,9,14091,1786956514.2681692
0.43038140875952585,9,14101,1786956514.585551
0.42891432270407676,9,14111,1786956514.8936725
0.4255103001991908,9,14121,1786956515.2026958
0.42720680087804797,9,14131,1786956515.5132105
0.42462572130289944,9,14141,1786956515.8205397
0.42160076995690665,9,14151,1786956516.1281154
0.41705383108212396,9,14161,1786956516.434798
0.41558017219815935,9,14171,1786956516.752462
0.4145521241426468,9,14181,1786956517.0794735
0.4143273487687111,9,14191,1786956517.3937838
0.4149131287546719,9,14201,1786956517.7084708
0.41373379511965647,9,14211,1786956518.028292
0.41361311203555057,9,14221,1786956518.3444498
0.41157978139817714,9,14231,1786956518.6619365
0.4101093849255925,9,14241,1786956518.9851565
0.40762469870122997,9,14251,1786956519.3150961
0.4065663442015648,9,14261,1786956519.6188025
0.4058700049296021,9,14271,1786956519.9241812
0.4081409896016121,9,14281,1786956520.2357535
0.40811012278382597,9,14291,1786956520.5503154
0.4072613626166626,9,14301,1786956520.859798
0.40706888336156094,9,14311,1786956521.173547
0.4058903309291807,9,14321,1786956521.487339
0.4054831818242868,9,14331,1786956521.7997358
0.40630013668729414,9,14341,1786956522.1358666
0.4064209599513561,9,14351,1786956522.446746
0.4052059848651742,9,14361,1786956522.7635887
0.4049515456399497,9,14371,1786956523.0912914
0.40582111448049546,9,14381,1786956523.4037204
0.40558205309013523,9,14391,1786956523.7180312
0.40699928729115303,9,14401,1786956524.0289464
0.4060704857503113,9,14411,1786956524.3398278
0.40643396496008605,9,14421,1786956524.6541595
0.40540626022964715,9,14431,1786956524.962358
0.4045825241179001,9,14441,1786956525.2726786
0.40458434795339904,9,14451,1786956525.5817595
0.4046666217058204,9,14461,1786956525.8865879
0.4042503676292571,9,14471,1786956526.1974046
0.40274996714459527,9,14481,1786956526.5077837
0.40293864947946173,9,14491,1786956526.8560712
0.40260527191009926,9,14501,1786956527.1786983
0.4028550031905373,9,14511,1786956527.4867425
0.4030927390468364,9,14521,1786956527.7948802
0.4035448580980301,9,14531,1786956528.1036947
0.40364550638432595,9,14541,1786956528.4088027
0.40308627360142196,9,14551,1786956528.7180128
0.40246912378747507,9,14561,1786956529.030289
0.4030062032794511,9,14571,1786956529.3448346
0.4039917946674607,9,14581,1786956529.6560068
0.4027941498639328,9,14591,1786956529.9573984
0.40194536115516694,9,14601,1786956530.2575042
0.40168601503146106,9,14611,1786956530.5608773
0.4019154359476041,9,14621,1786956530.8714423
0.402501425370574,9,14631,1786956531.1920307
0.4019121698913027,9,14641,1786956531.5266325
0.40149980535910973,9,14651,1786956531.861298
0.40146197948663953,9,14661,1786956532.2165189
0.40127369156107306,9,14671,1786956532.5350292
0.39991596072912217,9,14681,1786956532.8616288
0.39962085460623104,9,14691,1786956533.1826224
0.3992716175629132,9,14701,1786956533.4994476
0.39998289830982686,9,14711,1786956533.8181798
0.3996052601847096,9,14721,1786956534.1382117
0.3996860006238733,9,14731,1786956534.4650824
0.3995364390838314,9,14741,1786956534.7964425
0.39952387927720945,9,14751,1786956535.1276104
0.4000259561693832,9,14761,1786956535.4546244
0.40013920155328675,9,14771,1786956535.793895
0.39956262542804083,9,14781,1786956536.1195447
0.3990237653843666,9,14791,1786956536.4475594
0.39836697986760694,9,14801,1786956536.77998
0.39784600725158664,9,14811,1786956537.1082723
0.39826059373496453,9,14821,1786956537.4422503
0.3983929663710296,9,14831,1786956537.763703
0.3984940082754618,9,14841,1786956538.0953262
0.3984003867499712,9,14851,1786956538.431266
0.3983526290360703,9,14861,1786956538.757374
0.3986734023938576,9,14871,1786956539.0850263
0.3987552679812207,9,14881,1786956539.4166083
0.3990543555901494,9,14891,1786956539.7428255
0.39898825440256075,9,14901,1786956540.0674896
0.39935284942727195,9,14911,1786956540.39857
0.3989929511305991,9,14921,1786956540.7271712
0.39937746279769476,9,14931,1786956541.0567524
0.39941383479060705,9,14941,1786956541.388306
0.3987223152557145,9,14951,1786956541.7165532
0.3986604083609837,9,14961,1786956542.0517452
0.3991897905760623,9,14971,1786956542.3874147
0.39984251059983905,9,14981,1786956542.7048116
0.40064211733018357,9,14991,1786956543.0174367
0.4006030489181735,9,15001,1786956543.3324416
0.4008292474612898,9,15011,1786956543.6481967
0.4018146189174267,9,15021,1786956543.965332
0.4023205664753914,9,15031,1786956544.2963467
0.40213802374235474,9,15041,1786956544.622582
0.40255149085732067,9,15051,1786956544.9612634
0.40236454637883934,9,15061,1786956545.283415
0.40210379304794164,9,15071,1786956545.6011283
0.40235995522567203,9,15081,1786956545.9184263
0.4023330121670129,9,15091,1786956546.2309844
0.40274342707941463,9,15101,1786956546.5456204
0.403031664893583,9,15111,1786956546.8774452
0.4030583080075203,9,15121,1786956547.1962502
0.4033074309609153,9,15131,1786956547.5030496
0.404415626649384,9,15141,1786956547.8074386
0.4080171754317624,9,15151,1786956548.112765
0.40977201052999074,9,15161,1786956548.428795
0.4118317881697103,9,15171,1786956548.7434723
0.4122778619113176,9,15181,1786956549.0671346
0.4151725015506662,9,15191,1786956549.3932207
0.4162682000897888,9,15201,1786956549.709831
0.4166022688150406,9,15211,1786956550.0189984
0.417390572824398,9,15221,1786956550.325404
0.41684600214163464,9,15231,1786956550.6328113
0.4165956115180796,9,15241,1786956550.9461653
0.41644237268655027,9,15251,1786956551.2542598
0.4169103368511045,9,15261,1786956551.5667918
0.41659346451201745,9,15271,1786956551.880042
0.41618408818244934,9,15281,1786956552.2120302
0.41719519022911317,9,15291,1786956552.5318289
0.41801855216814776,9,15301,1786956552.8526063
0.4180478068068624,9,15311,1786956553.1704726
0.4189806983221409,9,15321,1786956553.4880443
0.4190693998336792,9,15331,1786956553.80619
0.41938166420423345,9,15341,1786956554.1194494
0.4192819383559805,9,15351,1786956554.440783
0.4188146669837765,9,15361,1786956554.7556474
0.41898494589684615,9,15371,1786956555.0765893
0.4185588151658023,9,15381,1786956555.387594
0.4183897379785776,9,15391,1786956555.6964228
0.41785568687385016,9,15401,1786956556.009745
0.4178450577824876,9,15411,1786956556.330296
0.41767301352547226,9,15421,1786956556.6462386
0.41729551171617846,9,15431,1786956556.9600391
0.4173018435742838,9,15441,1786956557.2712238
0.41719413025068564,9,15451,1786956557.5796373
0.41677791145923254,9,15461,1786956557.888319
0.41668843100261355,9,15471,1786956558.2117674
0.41652000578313036,9,15481,1786956558.5274923
0.41617222219093203,9,15491,1786956558.83843
0.41566864261213615,9,15501,1786956559.1572902
0.41530289558341377,9,15511,1786956559.476713
0.4152982185050945,9,15521,1786956559.789204
0.41497975622614225,9,15531,1786956560.1049848
0.41490245592712566,9,15541,1786956560.420221
0.4147553663504751,9,15551,1786956560.7403753
0.4144588731083215,9,15561,1786956561.057391
0.4141321096714441,9,15571,1786956561.3817213
0.4136812027519749,9,15581,1786956561.713586
