train/loss,epoch,step,timestamp
2.0299337804317474,0,10,1786952637.7290952
1.3151080667972566,0,20,1786952638.1650858
1.0139839972058933,0,30,1786952638.5926669
0.8888052452355624,0,40,1786952639.0208619
0.7975635597109795,0,50,1786952639.4564185
0.7299611094097297,0,60,1786952639.8871915
0.6844627080219132,0,70,1786952640.3200898
0.6445052998140455,0,80,1786952640.7559946
0.6216532155871392,0,90,1786952641.1858938
0.5954072208702564,0,100,1786952641.6175153
0.5751179615204984,0,110,1786952642.0854578
0.5619921556363503,0,120,1786952642.543654
0.5455097990540357,0,130,1786952642.9815922
0.5369424254766533,0,140,1786952643.418969
0.5266406188408533,0,150,1786952643.854091
0.511491234600544,0,160,1786952644.2923312
0.5064641030395732,0,170,1786952644.7295256
0.5019564016825623,0,180,1786952645.1725254
0.49694517984202036,0,190,1786952645.6098962
0.49264249444007874,0,200,1786952646.042187
0.4885986003847349,0,210,1786952646.4821038
0.4837040099908005,0,220,1786952646.9123454
0.47780021798351535,0,230,1786952647.3448963
0.4732374786709746,0,240,1786952647.782573
0.4718008364439011,0,250,1786952648.2251465
0.46881785427148526,0,260,1786952648.6627254
0.46458544024714715,0,270,1786952649.1065774
0.4600360272186143,0,280,1786952649.5534384
0.45796832020940453,0,290,1786952649.9949172
0.4552583771944046,0,300,1786952650.432126
0.45051967280526317,0,310,1786952650.8600805
0.44724350739270446,0,320,1786952651.3044813
0.44529750450994027,0,330,1786952651.7414308
0.44301374006797284,0,340,1786952652.2081597
0.4405399820208549,0,350,1786952652.6592166
0.4380363981756899,0,360,1786952653.0983863
0.4369060411646559,0,370,1786952653.5350168
0.43382873282228646,0,380,1786952653.9691885
0.43128693537452284,0,390,1786952654.406246
0.42996246738359334,0,400,1786952654.8407083
0.4280365791807814,0,410,1786952655.2815728
0.42751822547898405,0,420,1786952655.7242765
0.4265565638798614,0,430,1786952656.1644723
0.4255763600326397,0,440,1786952656.606929
0.42402281474736003,0,450,1786952657.0411985
0.4218081869184971,0,460,1786952657.476948
0.41920644181205874,0,470,1786952657.9104125
0.41822395271932084,0,480,1786952658.344704
0.4170030098180382,0,490,1786952658.7756815
0.4164372597336769,0,500,1786952659.2103078
0.41599817094849606,0,510,1786952659.6448395
0.4157033267502601,0,520,1786952660.0763226
0.41508078580757357,0,530,1786952660.5183759
0.41458918275656526,0,540,1786952660.9587548
0.4139778806133704,0,550,1786952661.4021614
0.4128460661907281,0,560,1786952661.8571756
0.4120925298646877,0,570,1786952662.3495142
0.41130210204884926,0,580,1786952662.8045223
0.41015475430225923,0,590,1786952663.2389128
0.4085412923246622,0,600,1786952663.677213
0.407208994690512,0,610,1786952664.1082318
0.4070238133351649,0,620,1786952664.5470617
0.4068748764812,0,630,1786952664.9782147
0.4063719360390678,0,640,1786952665.424524
0.4063853771640704,0,650,1786952665.8575706
0.40584614437186356,0,660,1786952666.285497
0.40470381966277735,0,670,1786952666.713681
0.4040304088198087,0,680,1786952667.141426
0.4034792270133461,0,690,1786952667.5781116
0.40226822080356733,0,700,1786952668.0047114
0.4013457287365282,0,710,1786952668.4387107
0.4014476764947176,0,720,1786952668.869294
0.40049439309394524,0,730,1786952669.3005118
0.39965619714678946,0,740,1786952669.7333186
0.3990616113146146,0,750,1786952670.1680207
0.39840259577490783,0,760,1786952670.6027188
0.39769581281519556,0,770,1786952671.023714
0.39673617745821294,0,780,1786952671.4520822
0.3964530511936055,0,790,1786952671.8834257
0.39602652402594685,0,800,1786952672.353029
0.3954024549987581,0,810,1786952672.7922668
0.3954994751367627,0,820,1786952673.2253087
0.39462241507079227,0,830,1786952673.6661572
0.39464449458533807,0,840,1786952674.1079013
0.3947911809297169,0,850,1786952674.5563252
0.3944402443981448,0,860,1786952674.9910803
0.39487113449080236,0,870,1786952675.4314156
0.39652666574852036,0,880,1786952675.868113
0.39840553419643576,0,890,1786952676.3079603
0.4011793538265758,0,900,1786952676.750744
0.41062624687021904,0,910,1786952677.183181
0.4172698412576447,0,920,1786952677.6213584
0.4233371828512479,0,930,1786952678.0564117
0.43050490449717704,0,940,1786952678.4945564
0.43369327396154406,0,950,1786952678.9287984
0.43534547883706787,0,960,1786952679.3636587
0.43586088300673004,0,970,1786952679.807373
0.4362478440057258,0,980,1786952680.2395873
0.4365334723784466,0,990,1786952680.6667173
0.43688812749087813,0,1000,1786952681.0849879
0.4373771107580402,0,1010,1786952681.5117323
0.4370558510662294,0,1020,1786952681.9455922
0.4366769068015432,0,1030,1786952682.405883
0.4363262441725685,0,1040,1786952682.8477306
0.4360596830646197,0,1050,1786952683.274564
0.4354228594814831,0,1060,1786952683.7129385
0.4350139493279368,0,1070,1786952684.1557877
0.434574710081021,0,1080,1786952684.5963519
0.4341796661325551,0,1090,1786952685.0343423
0.4340152930265123,0,1100,1786952685.4658036
0.4332327057917913,0,1110,1786952685.9099114
0.43317012709698505,0,1120,1786952686.3322906
0.4321048356394852,0,1130,1786952686.7609105
0.43164591748724906,0,1140,1786952687.1877172
0.43117061783438143,0,1150,1786952687.6208048
0.430797006202669,0,1160,1786952688.045676
0.429949221193281,0,1170,1786952688.4720674
0.42899170048156027,0,1180,1786952688.911519
0.4284581616395662,0,1190,1786952689.355592
0.4282573086520036,0,1200,1786952689.7902708
0.4275152197554092,0,1210,1786952690.220977
0.42706730632019824,0,1220,1786952690.6525824
0.426495381656701,0,1230,1786952691.0811486
0.4256004098682634,0,1240,1786952691.517129
0.42489001014232636,0,1250,1786952691.9550078
0.42420763808583456,0,1260,1786952692.4062545
0.4245154904333625,0,1270,1786952692.8450415
0.4238671392085962,0,1280,1786952693.2739737
0.4233087931377019,0,1290,1786952693.7034483
0.4223219987062308,0,1300,1786952694.1421363
0.42178166367625464,0,1310,1786952694.576983
0.4215452167798172,0,1320,1786952695.0182352
0.4213657110481334,0,1330,1786952695.4752445
0.42113431361851406,0,1340,1786952695.9309583
0.42075589404061986,0,1350,1786952696.377395
0.41992410882650055,0,1360,1786952696.8087623
0.42009005633583907,0,1370,1786952697.238099
0.4200902866496556,0,1380,1786952697.666167
0.4197697533656367,0,1390,1786952698.0988977
0.4192235461409603,0,1400,1786952698.5390959
0.41861960544442456,0,1410,1786952698.9814014
0.41794894739565713,0,1420,1786952699.419484
0.4177226707547695,0,1430,1786952699.8520555
0.4175193333067,0,1440,1786952700.2854927
0.417169969893735,0,1450,1786952700.7192206
0.416582995005054,0,1460,1786952701.1446197
0.4161502317759861,0,1470,1786952701.5759308
0.415652954845211,0,1480,1786952702.010879
0.4152942338095815,0,1490,1786952702.4737098
0.4149741788556178,0,1500,1786952702.9107387
0.41463608019892745,0,1510,1786952703.3414125
0.414587816306831,0,1520,1786952703.7762847
0.4141740626807696,0,1530,1786952704.2103531
0.413717953033455,0,1540,1786952704.6469
0.4134893713699233,0,1550,1786952705.0810874
0.35698091685771943,1,1569,1786952705.9657662
0.37959887012839316,1,1579,1786952706.4064913
0.3755396833022436,1,1589,1786952706.8598437
0.3662374038249254,1,1599,1786952707.299528
0.3617477858066559,1,1609,1786952707.7355154
0.3619082036117713,1,1619,1786952708.1748402
0.3563640947852816,1,1629,1786952708.608026
0.3569817837327719,1,1639,1786952709.0524695
0.3569630761941274,1,1649,1786952709.4918876
0.3643588030338287,1,1659,1786952709.9197223
0.36452915533022445,1,1669,1786952710.3522236
0.3638895398626725,1,1679,1786952710.788536
0.36395544501451343,1,1689,1786952711.2233374
0.36437376205410277,1,1699,1786952711.6562994
0.3654495185613632,1,1709,1786952712.1172597
0.36353932209312917,1,1719,1786952712.562794
0.3670260744936326,1,1729,1786952712.9961047
0.3651785973045561,1,1739,1786952713.4323218
0.36649894463388544,1,1749,1786952713.867567
0.3667674195766449,1,1759,1786952714.3001735
0.3671210447947184,1,1769,1786952714.73412
0.3672400895844806,1,1779,1786952715.1612327
0.36862349685119544,1,1789,1786952715.5902598
0.36841632233311733,1,1799,1786952716.0287287
0.3685472522377968,1,1809,1786952716.4610274
0.36859893655547726,1,1819,1786952716.8941207
0.3686245744427045,1,1829,1786952717.3260465
0.36906619811696667,1,1839,1786952717.7603185
0.3687807307674967,1,1849,1786952718.192356
0.3712865964571635,1,1859,1786952718.620392
0.37454665783912905,1,1869,1786952719.0603244
0.3750684997998178,1,1879,1786952719.4997253
0.37596600854938683,1,1889,1786952719.9301178
0.3779668698854306,1,1899,1786952720.3668315
0.37778903156518934,1,1909,1786952720.8013372
0.380939804803994,1,1919,1786952721.2343252
0.3877395456304421,1,1929,1786952721.6696744
0.391218939619629,1,1939,1786952722.1448405
0.3979211158095262,1,1949,1786952722.6063368
0.40324589345604184,1,1959,1786952723.0859666
0.4050275990512313,1,1969,1786952723.5220768
0.4046273829326743,1,1979,1786952723.9531648
0.40333723290715107,1,1989,1786952724.3819916
0.40235150243070994,1,1999,1786952724.8101616
0.403144972787963,1,2009,1786952725.2413769
0.4019011551919191,1,2019,1786952725.6667545
0.4011057253213639,1,2029,1786952726.1072395
0.39965687959144514,1,2039,1786952726.5432372
0.3987343723980748,1,2049,1786952726.9770966
0.3986884962618351,1,2059,1786952727.4068446
0.39655027287263495,1,2069,1786952727.8361251
0.3956633387849881,1,2079,1786952728.2789233
0.39611840422423383,1,2089,1786952728.7228363
0.3952882243803254,1,2099,1786952729.1650639
0.3945346851511435,1,2109,1786952729.6044455
0.3949634460732341,1,2119,1786952730.0444558
0.3943241591516294,1,2129,1786952730.478935
0.39450749405499164,1,2139,1786952730.914137
0.39413184601876694,1,2149,1786952731.3593957
0.39408088885247705,1,2159,1786952731.8017137
0.39404384569555034,1,2169,1786952732.2765558
0.3935508259602131,1,2179,1786952732.7157323
0.39327157870644613,1,2189,1786952733.1540272
0.39276451552286745,1,2199,1786952733.5971692
0.3926800446326916,1,2209,1786952734.0361571
0.3925711287693544,1,2219,1786952734.4744315
0.3923919179101488,1,2229,1786952734.9108045
0.39147692831123576,1,2239,1786952735.3510113
0.39053957051988963,1,2249,1786952735.7907717
0.39023138672113417,1,2259,1786952736.2404149
0.38942674641877834,1,2269,1786952736.6898806
0.38876283003224266,1,2279,1786952737.1301484
0.3885212213821607,1,2289,1786952737.5693765
0.3883514431078692,1,2299,1786952738.0100253
0.3882047979434331,1,2309,1786952738.4474998
0.3871704425662756,1,2319,1786952738.9254339
0.3860602612232233,1,2329,1786952739.3735392
0.3852745710275112,1,2339,1786952739.816958
0.3849010384158243,1,2349,1786952740.2598565
0.38480652557685974,1,2359,1786952740.696741
0.38400151054432363,1,2369,1786952741.1313527
0.3840823079936388,1,2379,1786952741.5650206
0.3841519319687981,1,2389,1786952742.0035236
0.3835515408998444,1,2399,1786952742.4681087
0.38311055586618536,1,2409,1786952742.894217
0.38302015854522237,1,2419,1786952743.3412914
0.38270032217447786,1,2429,1786952743.7803826
0.3830268481238322,1,2439,1786952744.2167034
0.38231500775626537,1,2449,1786952744.6505196
0.38186263980136975,1,2459,1786952745.0782192
0.3811795944204697,1,2469,1786952745.5068953
0.3809245499903741,1,2479,1786952745.9327083
0.38068492984579455,1,2489,1786952746.3584437
0.38018492113085506,1,2499,1786952746.7825296
0.3796698882234724,1,2509,1786952747.2039492
0.380019447269539,1,2519,1786952747.6409173
0.37933265577579284,1,2529,1786952748.073103
0.3791265823099078,1,2539,1786952748.5175955
0.3791070784282203,1,2549,1786952748.9629984
0.3792805639952421,1,2559,1786952749.3926837
0.3792285409156639,1,2569,1786952749.8222065
0.3789361990111716,1,2579,1786952750.257113
0.3791958864597441,1,2589,1786952750.696278
0.3789759056785932,1,2599,1786952751.1288743
0.3786791290839513,1,2609,1786952751.5607696
0.3787183676828753,1,2619,1786952752.015071
0.37871757000684736,1,2629,1786952752.4783833
0.37805447026535316,1,2639,1786952752.911672
0.3778897188262108,1,2649,1786952753.3514366
0.3775344764847647,1,2659,1786952753.7846196
0.37742571634081035,1,2669,1786952754.2444806
0.37682892281695135,1,2679,1786952754.6910079
0.376269384895542,1,2689,1786952755.1367517
0.3766818132774349,1,2699,1786952755.5833297
0.37654768432612007,1,2709,1786952756.0222335
0.376783096244366,1,2719,1786952756.4680483
0.3766469169057842,1,2729,1786952756.918429
0.37658588011764876,1,2739,1786952757.3712363
0.3770986520129592,1,2749,1786952757.8134234
0.37709016872569917,1,2759,1786952758.2499542
0.37747667114719874,1,2769,1786952758.6835816
0.3773589219287282,1,2779,1786952759.118084
0.3776166576013817,1,2789,1786952759.5479188
0.37758838943536244,1,2799,1786952759.9923525
0.3775587899982929,1,2809,1786952760.4238317
0.37802303923619174,1,2819,1786952760.853677
0.3779454741128317,1,2829,1786952761.290451
0.3781157481193077,1,2839,1786952761.728151
0.3793875012460143,1,2849,1786952762.193647
0.3807874435129074,1,2859,1786952762.627782
0.38257112370533797,1,2869,1786952763.0620058
0.3831973151219162,1,2879,1786952763.490905
0.38322271230189425,1,2889,1786952763.9199488
0.38383294381201266,1,2899,1786952764.3603168
0.38466061944762864,1,2909,1786952764.79052
0.38526147384306086,1,2919,1786952765.218996
0.38573062850067213,1,2929,1786952765.6592832
0.3857842892786299,1,2939,1786952766.093153
0.3859884650426374,1,2949,1786952766.5254083
0.38637779651475807,1,2959,1786952766.961113
0.3869126251244799,1,2969,1786952767.3882306
0.38691212730613395,1,2979,1786952767.8264987
0.3869118032390838,1,2989,1786952768.2617047
0.38680132498654224,1,2999,1786952768.7010849
0.3865856773740259,1,3009,1786952769.1516466
0.3866222870319265,1,3019,1786952769.6118796
0.3863655339951823,1,3029,1786952770.05033
0.38639716756202885,1,3039,1786952770.4893792
0.38603756562275376,1,3049,1786952770.9243155
0.38616739968955516,1,3059,1786952771.3662348
0.38582344367508065,1,3069,1786952771.8245442
0.38564301147370744,1,3079,1786952772.2977738
0.38569635498075705,1,3089,1786952772.746729
0.38566773211123884,1,3099,1786952773.1968532
0.3854296510113824,1,3109,1786952773.6466517
0.4125144273042679,2,3128,1786952774.493231
0.3810496225953102,2,3138,1786952774.9513314
0.36062173346678417,2,3148,1786952775.399301
0.34763600379228593,2,3158,1786952775.8506536
0.3401912534236908,2,3168,1786952776.3025098
0.33644126256306967,2,3178,1786952776.7617967
0.3352615909917014,2,3188,1786952777.2091868
0.3321713238954544,2,3198,1786952777.6514113
0.32948499785529245,2,3208,1786952778.1011996
0.3316233091056347,2,3218,1786952778.5450923
0.33063812865452336,2,3228,1786952778.993027
0.3335889651129643,2,3238,1786952779.4527647
0.33580699230615907,2,3248,1786952779.9072337
0.3352416965578284,2,3258,1786952780.3589041
0.33551941692829135,2,3268,1786952780.8155556
0.34098910680040717,2,3278,1786952781.2640917
0.34037306598004174,2,3288,1786952781.7003474
0.3415642606715361,2,3298,1786952782.1784408
0.3447162927765595,2,3308,1786952782.6190255
0.34619340680539606,2,3318,1786952783.0531836
0.34656618457464944,2,3328,1786952783.4820595
0.3455984629690647,2,3338,1786952783.9185302
0.3461190715432167,2,3348,1786952784.3558486
0.34618714259316524,2,3358,1786952784.8023806
0.3450125207901001,2,3368,1786952785.2382965
0.3450200584645455,2,3378,1786952785.6750023
0.34493002196153005,2,3388,1786952786.1097412
0.3458746320434979,2,3398,1786952786.5458343
0.34638848052970295,2,3408,1786952786.9820986
0.34717656885584197,2,3418,1786952787.4151816
0.3469530682890646,2,3428,1786952787.8368254
0.3472744937986135,2,3438,1786952788.2664435
0.34865325111331363,2,3448,1786952788.701281
0.34706093629493434,2,3458,1786952789.1371021
0.34719017667429786,2,3468,1786952789.565939
0.34796013343665333,2,3478,1786952789.9937677
0.34880137427433117,2,3488,1786952790.4254901
0.3493127372704054,2,3498,1786952790.8505201
0.35087932164852437,2,3508,1786952791.2778306
0.3516838262975216,2,3518,1786952791.7087572
0.35294593536272284,2,3528,1786952792.1625254
0.3531136464859758,2,3538,1786952792.5952122
0.3526518546564634,2,3548,1786952793.0323415
0.35375516123392364,2,3558,1786952793.4703202
0.3543263068464067,2,3568,1786952793.9000177
0.3536531884385192,2,3578,1786952794.340618
0.3521355398474856,2,3588,1786952794.786855
0.3531503085978329,2,3598,1786952795.217007
0.35383425376244954,2,3608,1786952795.6524546
0.3536014448106289,2,3618,1786952796.0879307
0.35385998876071445,2,3628,1786952796.539096
0.3547568690031767,2,3638,1786952796.9793315
0.3550329674246176,2,3648,1786952797.4129813
0.35457328971889285,2,3658,1786952797.857354
0.3554560191522945,2,3668,1786952798.2841961
0.3554971920326352,2,3678,1786952798.7215118
0.3556886569449776,2,3688,1786952799.1583939
0.35570587783024227,2,3698,1786952799.595164
0.3561004704843133,2,3708,1786952800.0278647
0.35682954957087837,2,3718,1786952800.461271
0.3567827778517223,2,3728,1786952800.8938994
0.3566648982465267,2,3738,1786952801.3253195
0.35638965782192017,2,3748,1786952801.7694502
0.35685810665600004,2,3758,1786952802.2295544
0.35725941974383135,2,3768,1786952802.6625326
0.35746948928995564,2,3778,1786952803.0992172
0.3573676619734337,2,3788,1786952803.5265903
0.3570949984823956,2,3798,1786952803.966111
0.35729363882455273,2,3808,1786952804.3920972
0.3574452985610281,2,3818,1786952804.8290706
0.35760290035059755,2,3828,1786952805.2573187
0.3580471591403087,2,3838,1786952805.689867
0.35811698693935184,2,3848,1786952806.123517
0.35818202807693866,2,3858,1786952806.5545382
0.35823593693971634,2,3868,1786952806.9891047
0.35852218566364363,2,3878,1786952807.4217134
0.35876537574963135,2,3888,1786952807.854579
0.35899622025780187,2,3898,1786952808.2866964
0.35895779113980786,2,3908,1786952808.720685
0.35904172927141187,2,3918,1786952809.1589496
0.35927500548186125,2,3928,1786952809.6033716
0.35940987980220374,2,3938,1786952810.0524552
0.3597521069179098,2,3948,1786952810.501048
0.36027878538838454,2,3958,1786952810.9387002
0.3601769872798639,2,3968,1786952811.3693912
0.36008046305803365,2,3978,1786952811.815413
0.35960919132520414,2,3988,1786952812.2814822
0.3595153633335775,2,3998,1786952812.7173817
0.35921929877125813,2,4008,1786952813.155908
0.35862484415372214,2,4018,1786952813.6104605
0.35843310688550656,2,4028,1786952814.0816476
0.3591222985445157,2,4038,1786952814.5280037
0.3592660990293308,2,4048,1786952814.9523478
0.3593496147780976,2,4058,1786952815.378128
0.35942877554579783,2,4068,1786952815.8125012
0.35974587850893536,2,4078,1786952816.2502518
0.36016285373378043,2,4088,1786952816.683783
0.3603967950660355,2,4098,1786952817.116462
0.36090620623694525,2,4108,1786952817.5465548
0.360906643807888,2,4118,1786952817.9749317
0.3616042227733253,2,4128,1786952818.4053845
0.3613653277649599,2,4138,1786952818.8361626
0.3615279545772423,2,4148,1786952819.271375
0.36150505088556273,2,4158,1786952819.6993911
0.36203653403690883,2,4168,1786952820.1378298
0.3620326578335942,2,4178,1786952820.5672815
0.36201500543088555,2,4188,1786952820.9951265
0.36207277240852515,2,4198,1786952821.421894
0.3619822348886674,2,4208,1786952821.8623214
0.3619329343465241,2,4218,1786952822.3220236
0.36193914731612076,2,4228,1786952822.7561622
0.36159526989130036,2,4238,1786952823.2014704
0.36152197845214235,2,4248,1786952823.6365767
0.36146669552514427,2,4258,1786952824.0618901
0.3614287231668182,2,4268,1786952824.5052164
0.3616176568228623,2,4278,1786952824.9344053
0.3618272503471782,2,4288,1786952825.3655417
0.3616386380109747,2,4298,1786952825.790425
0.3617242799962268,2,4308,1786952826.2114093
0.3615198128918807,2,4318,1786952826.6500576
0.36166163554861525,2,4328,1786952827.0888364
0.3613969043385787,2,4338,1786952827.520989
0.36105105773947105,2,4348,1786952827.9513152
0.36120281041629854,2,4358,1786952828.3776526
0.36140879185199737,2,4368,1786952828.798844
0.3615055762822666,2,4378,1786952829.2372863
0.36260277779083555,2,4388,1786952829.6734037
0.3637760176323354,2,4398,1786952830.096169
0.3642418991687686,2,4408,1786952830.5294945
0.3648454135312484,2,4418,1786952830.9631228
0.3647114334329394,2,4428,1786952831.3979917
0.36440213368923374,2,4438,1786952831.828464
0.3641722725186133,2,4448,1786952832.2841377
0.36409266375338856,2,4458,1786952832.7179794
0.36414133036578145,2,4468,1786952833.1441762
0.3641203949118362,2,4478,1786952833.5902023
0.36407695164645676,2,4488,1786952834.046741
0.36469656189066774,2,4498,1786952834.5062525
0.3651165000933537,2,4508,1786952834.9659173
0.365356404121433,2,4518,1786952835.418984
0.3651936053278598,2,4528,1786952835.8589704
0.3646804850181224,2,4538,1786952836.2998917
0.364750997805512,2,4548,1786952836.7492325
0.3647951934590108,2,4558,1786952837.197699
0.365172027503622,2,4568,1786952837.642236
0.3649892522455895,2,4578,1786952838.083784
0.3648150454674448,2,4588,1786952838.5303788
0.3644142779144081,2,4598,1786952838.9769056
0.3638524895046381,2,4608,1786952839.4247336
0.3638555773794651,2,4618,1786952839.8617332
0.3635027811621988,2,4628,1786952840.306131
0.36377428118139504,2,4638,1786952840.7544522
0.3636422975780138,2,4648,1786952841.2068381
0.363575581935319,2,4658,1786952841.6491077
0.36364622631380633,2,4668,1786952842.1425219
0.2665349796414375,3,4687,1786952842.99138
0.2991920903325081,3,4697,1786952843.426132
0.3299900218844414,3,4707,1786952843.8552392
0.348882320150733,3,4717,1786952844.2880616
0.35586560994386673,3,4727,1786952844.7293098
0.36110877121488255,3,4737,1786952845.1667871
0.36403374224901197,3,4747,1786952845.5972188
0.37012541983276603,3,4757,1786952846.0343463
0.3717381803525819,3,4767,1786952846.4659808
0.37312466993927956,3,4777,1786952846.895776
0.39176269458098845,3,4787,1786952847.3274736
0.41444644667208197,3,4797,1786952847.7735133
0.467097435433131,3,4807,1786952848.2155497
0.5023396118410997,3,4817,1786952848.6487126
0.5553361075123151,3,4827,1786952849.084382
0.61442755991593,3,4837,1786952849.5100684
0.6766041721491253,3,4847,1786952849.9417408
0.7124575721720855,3,4857,1786952850.3797998
0.755182655312513,3,4867,1786952850.79976
0.7901602906733751,3,4877,1786952851.220265
0.8033725273751077,3,4887,1786952851.642797
0.8123608481477608,3,4897,1786952852.0917375
0.8149050280451775,3,4907,1786952852.528544
0.8085739865278204,3,4917,1786952852.9602587
0.8040749070048332,3,4927,1786952853.3887076
0.7970600741987045,3,4937,1786952853.80829
0.7892267114034406,3,4947,1786952854.2364836
0.7840640780649015,3,4957,1786952854.6718898
0.7777761992195557,3,4967,1786952855.1081831
0.7679531722764175,3,4977,1786952855.545959
0.7588149351939079,3,4987,1786952855.9751153
0.7480245616286993,3,4997,1786952856.4201102
0.7389152889901941,3,5007,1786952856.8552744
0.729390226392185,3,5017,1786952857.2965312
0.7230802202224731,3,5027,1786952857.729766
0.7154885494046741,3,5037,1786952858.1663623
0.7103202670007138,3,5047,1786952858.6011393
0.703947935606304,3,5057,1786952859.0443747
0.6973645326418755,3,5067,1786952859.4812214
0.6912461905181408,3,5077,1786952859.9256425
0.6843137269339911,3,5087,1786952860.35913
0.6811315609585671,3,5097,1786952860.7842724
0.6771245106708171,3,5107,1786952861.2159173
0.6730871470814401,3,5117,1786952861.645166
0.6679960839615928,3,5127,1786952862.1092186
0.6640161426818889,3,5137,1786952862.548804
0.6590397944475742,3,5147,1786952862.985993
0.6539341560254495,3,5157,1786952863.4206889
0.6493056805158148,3,5167,1786952863.8579123
0.6432352603077889,3,5177,1786952864.2848504
0.6389590158182032,3,5187,1786952864.7182727
0.6355119693164643,3,5197,1786952865.1514235
0.6324950544901614,3,5207,1786952865.5772626
0.6278582850264178,3,5217,1786952866.0067458
0.623662551262162,3,5227,1786952866.4368384
0.6194985106055225,3,5237,1786952866.8661149
0.6170150995254516,3,5247,1786952867.2922091
0.6143224006069118,3,5257,1786952867.719982
0.6114782070962049,3,5267,1786952868.1486778
0.6090077092001835,3,5277,1786952868.5803483
0.6064388571459739,3,5287,1786952869.0174184
0.6029486973679835,3,5297,1786952869.4517987
0.6002011877203745,3,5307,1786952869.8754735
0.59632388507016,3,5317,1786952870.314131
0.5920734689327387,3,5327,1786952870.7399979
0.5893398481336507,3,5337,1786952871.1673863
0.5855792057158342,3,5347,1786952871.599211
0.5820431567947654,3,5357,1786952872.0377464
0.5792307956711106,3,5367,1786952872.4870071
0.5764663556643895,3,5377,1786952872.9080915
0.5736611918244563,3,5387,1786952873.3343515
0.5712654418001573,3,5397,1786952873.7547703
0.568068823565359,3,5407,1786952874.1733887
0.5651570955241049,3,5417,1786952874.6002297
0.5631569975614548,3,5427,1786952875.0255349
0.5607062249983612,3,5437,1786952875.4561224
0.5585479396504242,3,5447,1786952875.8844287
0.5558279513930663,3,5457,1786952876.3095057
0.5534556259460087,3,5467,1786952876.7389798
0.5515161532908678,3,5477,1786952877.1652923
0.5505005166118527,3,5487,1786952877.590026
0.5498086402692446,3,5497,1786952878.01414
0.5486693721578781,3,5507,1786952878.4437504
0.5470843838084312,3,5517,1786952878.8710895
0.5453881667291417,3,5527,1786952879.3004649
0.5446819258290668,3,5537,1786952879.7297153
0.5428767313217294,3,5547,1786952880.1571085
0.5416082701730457,3,5557,1786952880.5962834
0.5404990071493588,3,5567,1786952881.0281785
0.5383918782240814,3,5577,1786952881.4598029
0.5364858834298103,3,5587,1786952881.899646
0.5347947251537571,3,5597,1786952882.363408
0.5327829913586699,3,5607,1786952882.8081958
0.5316372135693722,3,5617,1786952883.2451348
0.5301933223793381,3,5627,1786952883.6842282
0.5283599046835055,3,5637,1786952884.1224587
0.5267884097916564,3,5647,1786952884.5639539
0.525611308353896,3,5657,1786952884.9957128
0.5244287687269125,3,5667,1786952885.4360557
0.522941322043538,3,5677,1786952885.8674107
0.5215915001412429,3,5687,1786952886.305531
0.519649186584295,3,5697,1786952886.7393386
0.5180055734601993,3,5707,1786952887.1724288
0.5169299416817151,3,5717,1786952887.6079407
0.515728731070246,3,5727,1786952888.04534
0.5142635009198818,3,5737,1786952888.4814699
0.5130943268537521,3,5747,1786952888.9212701
0.5121768655324423,3,5757,1786952889.37989
0.5105801270915827,3,5767,1786952889.8258193
0.5093986374410716,3,5777,1786952890.2621107
0.5080431072427346,3,5787,1786952890.699489
0.5064365416898259,3,5797,1786952891.1339872
0.5050820521021311,3,5807,1786952891.5758164
0.5035684917318194,3,5817,1786952892.0201306
0.5022278126685515,3,5827,1786952892.4859574
0.5013712193174609,3,5837,1786952892.9332728
0.5002143580434669,3,5847,1786952893.370178
0.49942506175425094,3,5857,1786952893.8067958
0.4980226846302257,3,5867,1786952894.2463524
0.4972038544714451,3,5877,1786952894.6835551
0.49596271751340754,3,5887,1786952895.1254382
0.494628477719475,3,5897,1786952895.5632198
0.49346277954859463,3,5907,1786952896.006501
0.4922379886070567,3,5917,1786952896.4465373
0.49125044713020327,3,5927,1786952896.88725
0.4901046788526906,3,5937,1786952897.3206587
0.48896196383660234,3,5947,1786952897.7611675
0.48800276793772357,3,5957,1786952898.1980226
0.4870312594050585,3,5967,1786952898.6351483
0.4863485688773485,3,5977,1786952899.0726645
0.48517553856354634,3,5987,1786952899.5032582
0.4838640188403202,3,5997,1786952899.9374316
0.4827402786876922,3,6007,1786952900.373382
0.4819316481698805,3,6017,1786952900.8075476
0.4811192894754586,3,6027,1786952901.2364323
0.48013770767651937,3,6037,1786952901.6711788
0.47939118287206567,3,6047,1786952902.14279
0.47828453797577086,3,6057,1786952902.5832767
0.4773735412912403,3,6067,1786952903.0231528
0.47629077395158154,3,6077,1786952903.4534454
0.475502092417673,3,6087,1786952903.8851182
0.47489604121992285,3,6097,1786952904.3244402
0.47416026026427327,3,6107,1786952904.7730753
0.4734450581483543,3,6117,1786952905.2193224
0.4727527618099903,3,6127,1786952905.6508536
0.4717104997536907,3,6137,1786952906.0893466
0.4707173578897301,3,6147,1786952906.5253782
0.4697374157305505,3,6157,1786952906.960317
0.468910248747608,3,6167,1786952907.3934796
0.4678787873486678,3,6177,1786952907.8185112
0.4668940760441963,3,6187,1786952908.2586875
0.4664349175989628,3,6197,1786952908.6938176
0.4657898181209377,3,6207,1786952909.1344295
0.4649157297688645,3,6217,1786952909.5781105
0.4640355140932145,3,6227,1786952910.0138288
0.39629018902778623,4,6246,1786952910.8313055
0.39039556831121447,4,6256,1786952911.26173
0.3936459352572759,4,6266,1786952911.6922724
0.3932830527424812,4,6276,1786952912.1582506
0.3826404851675034,4,6286,1786952912.5979722
0.3762621079881986,4,6296,1786952913.0291162
0.36994711181947165,4,6306,1786952913.462206
0.37023877035826447,4,6316,1786952913.8894584
0.36690816713704005,4,6326,1786952914.31946
0.3732458804547787,4,6336,1786952914.7431905
0.3683442936702208,4,6346,1786952915.1742814
0.3659817447264989,4,6356,1786952915.6052375
0.37167857862435855,4,6366,1786952916.035219
0.36909840341125216,4,6376,1786952916.4733531
0.37244011541207633,4,6386,1786952916.9077983
0.37077612802386284,4,6396,1786952917.349713
0.36868033251341653,4,6406,1786952917.7837427
0.37090770627061526,4,6416,1786952918.2200341
0.37024836571593034,4,6426,1786952918.6525724
0.36865655906498435,4,6436,1786952919.0894914
0.3670222578304155,4,6446,1786952919.5254023
0.36590779647231103,4,6456,1786952919.9613872
0.36484323098607685,4,6466,1786952920.3896954
0.3622231453346709,4,6476,1786952920.8173075
0.3598613413274288,4,6486,1786952921.241338
0.36056926482572005,4,6496,1786952921.6695902
0.359423502093112,4,6506,1786952922.141238
0.35806552727839774,4,6516,1786952922.5782247
0.35866781270195697,4,6526,1786952923.0017998
0.35879291760424775,4,6536,1786952923.4310298
0.3599029518663883,4,6546,1786952923.8639874
0.35761352656409146,4,6556,1786952924.293259
0.35745761511903823,4,6566,1786952924.728464
0.3565305749721387,4,6576,1786952925.159572
0.35880752559219087,4,6586,1786952925.6183395
0.35808688580161996,4,6596,1786952926.067162
0.35791465700478164,4,6606,1786952926.5042264
0.35869106518986976,4,6616,1786952926.9382699
0.35802789806173396,4,6626,1786952927.3711298
0.35795217568054793,4,6636,1786952927.7955246
0.3575213908604005,4,6646,1786952928.2307775
0.3568632590451411,4,6656,1786952928.6663327
0.35725855673121854,4,6666,1786952929.1001675
0.35791266098279845,4,6676,1786952929.5322618
0.3580559482673804,4,6686,1786952929.9631712
0.3574916448768066,4,6696,1786952930.3917577
0.35736337860531,4,6706,1786952930.828417
0.3560042761576672,4,6716,1786952931.2613049
0.3553557525788035,4,6726,1786952931.702395
0.3551527464687824,4,6736,1786952932.1542273
0.35468166266001905,4,6746,1786952932.5816743
0.35470369856518047,4,6756,1786952933.0042615
0.35555966187198207,4,6766,1786952933.4424472
0.354720497738432,4,6776,1786952933.8628411
0.3556383945725181,4,6786,1786952934.2968922
0.3557147267141512,4,6796,1786952934.7331748
0.356001798155015,4,6806,1786952935.1632185
0.35587155294829403,4,6816,1786952935.606097
0.35598616552049833,4,6826,1786952936.0323095
0.35580821335315704,4,6836,1786952936.4614441
0.35591643279204604,4,6846,1786952936.893195
0.35690438355649673,4,6856,1786952937.323764
0.35652680557871624,4,6866,1786952937.7471209
0.3564800817053765,4,6876,1786952938.16956
0.35616721256421163,4,6886,1786952938.596739
0.3564855339174921,4,6896,1786952939.0170941
0.3564103907836017,4,6906,1786952939.4477952
0.35681782958700375,4,6916,1786952939.8759966
0.3568417115703873,4,6926,1786952940.3052406
0.35567849223102843,4,6936,1786952940.7342556
0.3557525795530265,4,6946,1786952941.1617303
0.35593183767050507,4,6956,1786952941.5960329
0.3556201173222228,4,6966,1786952942.0284593
0.3556461326777935,4,6976,1786952942.4899337
0.3554532191157341,4,6986,1786952942.9234495
0.35482777735512505,4,6996,1786952943.3700995
0.35523798666991196,4,7006,1786952943.7952142
0.3554998245758888,4,7016,1786952944.2274435
0.3552717806040486,4,7026,1786952944.66387
0.3558236017823219,4,7036,1786952945.0925083
0.3563992981925423,4,7046,1786952945.5255694
0.3566441355136836,4,7056,1786952945.9471056
0.3563751594488879,4,7066,1786952946.3731127
0.356537999070826,4,7076,1786952946.7991002
0.3566028458931867,4,7086,1786952947.2210786
0.3567192512196164,4,7096,1786952947.6480944
0.3567670909152634,4,7106,1786952948.0738974
0.3566047436303713,4,7116,1786952948.5098913
0.35652231826875985,4,7126,1786952948.9364355
0.35689503489269153,4,7136,1786952949.381682
0.3577396816440991,4,7146,1786952949.825113
0.3575587348283633,4,7156,1786952950.2664688
0.35771398036390223,4,7166,1786952950.7052333
0.3575082691584496,4,7176,1786952951.1380439
0.3577201106830647,4,7186,1786952951.5754259
0.3577361843238274,4,7196,1786952952.009248
0.3574986704538778,4,7206,1786952952.4717126
0.35793081880832206,4,7216,1786952952.9035609
0.35801178825021995,4,7226,1786952953.3333986
0.3582198247611523,4,7236,1786952953.7586493
0.3582440790563527,4,7246,1786952954.1828601
0.358089905290627,4,7256,1786952954.615288
0.35817009135357386,4,7266,1786952955.0392919
0.3583178412599059,4,7276,1786952955.4667664
0.35867118527491887,4,7286,1786952955.8928998
0.3585362540522836,4,7296,1786952956.3288815
0.3592190154662756,4,7306,1786952956.768631
0.3594993155725576,4,7316,1786952957.19623
0.3594427347866767,4,7326,1786952957.6261873
0.35971935379234227,4,7336,1786952958.0619438
0.3597405262492798,4,7346,1786952958.4935637
0.3600570077076554,4,7356,1786952958.9379723
0.3599347556850552,4,7366,1786952959.375939
0.35968970177989257,4,7376,1786952959.8016934
0.35962958999302075,4,7386,1786952960.2321384
0.35975940774740844,4,7396,1786952960.6653206
0.35982842181737607,4,7406,1786952961.0951424
0.3596275769679223,4,7416,1786952961.5430999
0.360915659518302,4,7426,1786952962.006145
0.3607848067457477,4,7436,1786952962.4711835
0.3608213075798405,4,7446,1786952962.9029467
0.36057263645725174,4,7456,1786952963.3298838
0.3610271002340123,4,7466,1786952963.7570636
0.36137122008348666,4,7476,1786952964.1810544
0.3616477351307869,4,7486,1786952964.6093588
0.36249423997979313,4,7496,1786952965.035318
0.3628718748688698,4,7506,1786952965.4661913
0.36265357908559964,4,7516,1786952965.8941815
0.3620725651466569,4,7526,1786952966.323226
0.36228808376651545,4,7536,1786952966.7544641
0.3622748626438716,4,7546,1786952967.1824243
0.36236768524077806,4,7556,1786952967.611921
0.3626446932666284,4,7566,1786952968.0375109
0.3625796334845806,4,7576,1786952968.4664862
0.36261426392528745,4,7586,1786952968.8904731
0.3629955693421995,4,7596,1786952969.3230612
0.3632674777377261,4,7606,1786952969.7490854
0.36353339038897253,4,7616,1786952970.178117
0.3633238966302048,4,7626,1786952970.607691
0.36339389351861817,4,7636,1786952971.031463
0.36373641163322096,4,7646,1786952971.4617293
0.3641103429483696,4,7656,1786952971.8943467
0.3645619955929843,4,7666,1786952972.350928
0.3644501492795017,4,7676,1786952972.7830062
0.3647110386141415,4,7686,1786952973.2101786
0.3645257410937793,4,7696,1786952973.6437924
0.3644170238351335,4,7706,1786952974.0727656
0.36474470972410733,4,7716,1786952974.507102
0.3648058764286489,4,7726,1786952974.9239967
0.364769056002299,4,7736,1786952975.3507195
0.3649908836116854,4,7746,1786952975.7751563
0.3649832372602664,4,7756,1786952976.196443
0.36489031098636926,4,7766,1786952976.6327384
0.36460563125354906,4,7776,1786952977.06069
0.3646094837015675,4,7786,1786952977.491106
0.31486193686723707,5,7805,1786952978.2982159
0.3541494123637676,5,7815,1786952978.728564
0.35304392327864964,5,7825,1786952979.1753237
0.36110295057296754,5,7835,1786952979.6224108
0.3597793716192246,5,7845,1786952980.0611165
0.35570753713448844,5,7855,1786952980.4992125
0.3488890990614891,5,7865,1786952980.9299562
0.3472213299944997,5,7875,1786952981.360659
0.3496193355984158,5,7885,1786952981.7883224
0.35281598508358003,5,7895,1786952982.2446299
0.35688895637338813,5,7905,1786952982.6778991
0.3552528522908688,5,7915,1786952983.1084588
0.3614366847735185,5,7925,1786952983.541055
0.36091142211641586,5,7935,1786952983.971397
0.3593116980791092,5,7945,1786952984.4051392
0.3625182740390301,5,7955,1786952984.829616
0.36224812672418705,5,7965,1786952985.278876
0.3627627698911561,5,7975,1786952985.7254772
0.36336271025632555,5,7985,1786952986.170838
0.36419118084013463,5,7995,1786952986.6180809
0.362545188055152,5,8005,1786952987.0564938
0.3609089589254423,5,8015,1786952987.5080798
0.3622359820034193,5,8025,1786952987.9487276
0.36151488926261666,5,8035,1786952988.3911817
0.363067868411541,5,8045,1786952988.8291087
0.3649519434915139,5,8055,1786952989.2714283
0.36771039443987386,5,8065,1786952989.711731
0.3679959116237504,5,8075,1786952990.1612835
0.36751762335670407,5,8085,1786952990.6103463
0.366365650643905,5,8095,1786952991.0343196
0.366859983628796,5,8105,1786952991.4686046
0.3658084902446717,5,8115,1786952991.9174883
0.36512868539853527,5,8125,1786952992.3732188
0.3640830364297418,5,8135,1786952992.8084886
0.3641128256491252,5,8145,1786952993.2382066
0.36422050346930823,5,8155,1786952993.6726806
0.36444906584314396,5,8165,1786952994.1106029
0.365111050990067,5,8175,1786952994.5514925
0.36530990940638075,5,8185,1786952995.0009627
0.36488397475332024,5,8195,1786952995.4345078
0.3646042725298463,5,8205,1786952995.8978207
0.36375833426912624,5,8215,1786952996.3516603
0.3635032490588898,5,8225,1786952996.789204
0.36329955766824157,5,8235,1786952997.2083433
0.36224486655659144,5,8245,1786952997.6331918
0.361066704923692,5,8255,1786952998.0596905
0.3607534192343976,5,8265,1786952998.5069954
0.36060773314287264,5,8275,1786952998.943033
0.3595735252511745,5,8285,1786952999.3828487
0.3600105929374695,5,8295,1786952999.8326323
0.36121494717457714,5,8305,1786953000.2749522
0.3625441599923831,5,8315,1786953000.7249172
0.36314604931844857,5,8325,1786953001.1659863
0.3638114522452708,5,8335,1786953001.608813
0.36392403207042,5,8345,1786953002.0775814
0.3637771635183266,5,8355,1786953002.5345309
0.3632078981713245,5,8365,1786953002.9762485
0.3630754577445573,5,8375,1786953003.41819
0.36274298373925484,5,8385,1786953003.861056
0.3629490976035595,5,8395,1786953004.3030393
0.36204122971804414,5,8405,1786953004.7403684
0.3616017169769733,5,8415,1786953005.1671515
0.3610396344510336,5,8425,1786953005.5988066
0.3614873950369656,5,8435,1786953006.0280478
0.3616211581230164,5,8445,1786953006.4607506
0.36174628231109995,5,8455,1786953006.8859825
0.3620091011052701,5,8465,1786953007.3120236
0.36247624741757617,5,8475,1786953007.7446046
0.36222776593505474,5,8485,1786953008.1653373
0.36249096265860964,5,8495,1786953008.5931911
0.36350758096701663,5,8505,1786953009.0259297
0.3632576948652665,5,8515,1786953009.4760416
0.36368933809946663,5,8525,1786953009.9262571
0.36394567338598743,5,8535,1786953010.3654037
0.3639497819145521,5,8545,1786953010.8142989
0.36478579667837996,5,8555,1786953011.2577326
0.3648692192582341,5,8565,1786953011.7053037
0.36576576710511477,5,8575,1786953012.1816292
0.3664187613544585,5,8585,1786953012.6297617
0.3665488190203905,5,8595,1786953013.0775833
0.3671444825552128,5,8605,1786953013.5174785
0.36742949711113443,5,8615,1786953013.952699
0.36791293003472936,5,8625,1786953014.3884068
0.368414619635968,5,8635,1786953014.8270597
0.36889946650056277,5,8645,1786953015.2515674
0.3694027790149977,5,8655,1786953015.6779642
0.3718264357797031,5,8665,1786953016.1021116
0.37388451316139915,5,8675,1786953016.5434544
0.374458151419511,5,8685,1786953016.9721422
0.3752024694946077,5,8695,1786953017.3960447
0.37571821301193026,5,8705,1786953017.8193939
0.37562485358313374,5,8715,1786953018.238263
0.3760562383519706,5,8725,1786953018.6579902
0.3770820916808666,5,8735,1786953019.0795288
0.37745448175229523,5,8745,1786953019.5016167
0.37835561176761984,5,8755,1786953019.919755
0.3782859199286736,5,8765,1786953020.3442037
0.37855435143015825,5,8775,1786953020.7683058
0.38009635193480384,5,8785,1786953021.193279
0.3818089121729136,5,8795,1786953021.621443
0.3835800247469751,5,8805,1786953022.0712125
0.38503595492711257,5,8815,1786953022.518583
0.38702666937436875,5,8825,1786953022.9742649
0.38832408489229586,5,8835,1786953023.418518
0.3896073616828237,5,8845,1786953023.8657088
0.39043129453400394,5,8855,1786953024.3082337
0.3923135400793263,5,8865,1786953024.7608645
0.39328288266228306,5,8875,1786953025.2203903
0.39307401002547065,5,8885,1786953025.6603951
0.3933036016334187,5,8895,1786953026.0953994
0.3931770641256023,5,8905,1786953026.525511
0.3937244473557387,5,8915,1786953026.9621797
0.3952850804128478,5,8925,1786953027.3847518
0.39548440439659255,5,8935,1786953027.810231
0.39581126803937167,5,8945,1786953028.239649
0.39655685540417146,5,8955,1786953028.6621456
0.39635365220726043,5,8965,1786953029.093542
0.3960156831448361,5,8975,1786953029.5180278
0.3957203112855679,5,8985,1786953029.952989
0.3956001702075203,5,8995,1786953030.381909
0.3949081926060117,5,9005,1786953030.8190317
0.39489355392631936,5,9015,1786953031.251137
0.39534203921391714,5,9025,1786953031.6817644
0.3954388572804389,5,9035,1786953032.1639595
0.39577016682624816,5,9045,1786953032.6029506
0.3965151641813536,5,9055,1786953033.0445197
0.3967551216483116,5,9065,1786953033.493297
0.3963505186024122,5,9075,1786953033.9390683
0.3961998290909353,5,9085,1786953034.3690267
0.39620980536708467,5,9095,1786953034.7920895
0.3960504013504691,5,9105,1786953035.20803
0.395967995928544,5,9115,1786953035.6366296
0.3959542571041817,5,9125,1786953036.061112
0.39544887806275,5,9135,1786953036.4865446
0.39524256733832536,5,9145,1786953036.9319549
0.39525857247850477,5,9155,1786953037.3729537
0.3955870048625626,5,9165,1786953037.8168747
0.39523062170415685,5,9175,1786953038.2562435
0.39491929159962014,5,9185,1786953038.69712
0.39481688372790813,5,9195,1786953039.1590593
0.394544429707189,5,9205,1786953039.6076417
0.3947364415501205,5,9215,1786953040.0618904
0.39469821838649005,5,9225,1786953040.5163157
0.3943464889915453,5,9235,1786953040.9585059
0.3946367351351113,5,9245,1786953041.3938794
0.39502065473631637,5,9255,1786953041.8317108
0.39488599847774114,5,9265,1786953042.300763
0.39517800391123103,5,9275,1786953042.740972
0.39524410313007813,5,9285,1786953043.181135
0.3952487927675247,5,9295,1786953043.6244133
0.3953414463246895,5,9305,1786953044.061262
0.3953956425288006,5,9315,1786953044.500647
0.395549248743291,5,9325,1786953044.9362733
0.3957076200320349,5,9335,1786953045.3707397
0.3961208792655699,5,9345,1786953045.8011043
0.3764021247625351,6,9364,1786953046.623218
0.3705350495874882,6,9374,1786953047.055733
0.3710068742434184,6,9384,1786953047.4878767
0.3622329689562321,6,9394,1786953047.9170463
0.36470933854579923,6,9404,1786953048.3443205
0.36765335748593014,6,9414,1786953048.7692423
0.37196530146258217,6,9424,1786953049.2027912
0.3728139979764819,6,9434,1786953049.6570582
0.3823501346839799,6,9444,1786953050.1031232
0.37608954042196274,6,9454,1786953050.5473497
0.37841196588494563,6,9464,1786953050.9984052
0.37998179557422795,6,9474,1786953051.4591715
0.3735910720550097,6,9484,1786953051.910853
0.37213976862175124,6,9494,1786953052.380314
0.3734263270099958,6,9504,1786953052.8235555
0.37089358605444434,6,9514,1786953053.2724447
0.3702507700990228,6,9524,1786953053.7138517
0.37126022809081605,6,9534,1786953054.1581092
0.37063184788352566,6,9544,1786953054.6239655
0.3687181869149208,6,9554,1786953055.064531
0.3668206415006093,6,9564,1786953055.497665
0.36664567508480767,6,9574,1786953055.931242
0.36577805980392125,6,9584,1786953056.3733249
0.36495210515956084,6,9594,1786953056.8122005
0.3651833875775337,6,9604,1786953057.238065
0.36401558564259456,6,9614,1786953057.6693308
0.3644939121272829,6,9624,1786953058.1163228
0.36421480476856233,6,9634,1786953058.5473373
0.36558681901158957,6,9644,1786953058.9746664
0.36505160232385,6,9654,1786953059.413731
0.3654827118881287,6,9664,1786953059.842901
0.3654388826806098,6,9674,1786953060.271504
0.36557187234813515,6,9684,1786953060.7008314
0.3660347773310016,6,9694,1786953061.1325576
0.3658242512600762,6,9704,1786953061.5577683
0.3652732715424564,6,9714,1786953061.993119
0.36502048252402125,6,9724,1786953062.4443285
0.36470875049892226,6,9734,1786953062.8722007
0.36428301074565983,6,9744,1786953063.3155627
0.3649011114984751,6,9754,1786953063.7474382
0.36432266075436665,6,9764,1786953064.1919715
0.3645371571537994,6,9774,1786953064.6323743
0.3638847099140633,6,9784,1786953065.0712497
0.3634888808158311,6,9794,1786953065.520858
0.3634061856071154,6,9804,1786953065.9594765
0.3630305159027162,6,9814,1786953066.3966327
0.3629934920909557,6,9824,1786953066.8394089
0.3647734654446443,6,9834,1786953067.2891197
0.3646529329370479,6,9844,1786953067.731176
0.3649734366238117,6,9854,1786953068.1726632
0.3653947169582049,6,9864,1786953068.6134017
0.3647114739108544,6,9874,1786953069.0407324
0.3635553366451893,6,9884,1786953069.4924252
0.36367903291075315,6,9894,1786953069.9342911
0.366639178015969,6,9904,1786953070.3692286
0.37071028548691953,6,9914,1786953070.8134751
0.3711800309649685,6,9924,1786953071.243814
0.37178050246218153,6,9934,1786953071.6693652
0.37306372778395475,6,9944,1786953072.1231856
0.3731271387885014,6,9954,1786953072.5511532
0.37218053575421944,6,9964,1786953072.9816482
0.3719076259962974,6,9974,1786953073.4129336
0.3721619398347915,6,9984,1786953073.841296
0.3745586883276701,6,9994,1786953074.2639208
0.37459598367030805,6,10004,1786953074.6928322
0.3753480396939046,6,10014,1786953075.1211512
0.3763542433728033,6,10024,1786953075.5542102
0.37627674411324896,6,10034,1786953075.983383
0.3760852847194326,6,10044,1786953076.4149914
0.37676162909184185,6,10054,1786953076.847485
0.37639863514144656,6,10064,1786953077.2777808
0.3765426067635417,6,10074,1786953077.709342
0.37583461697787457,6,10084,1786953078.138494
0.3750707671851725,6,10094,1786953078.5693297
0.374840121169885,6,10104,1786953079.0053947
0.37460907885902806,6,10114,1786953079.459722
0.37496032281355424,6,10124,1786953079.9119267
0.37429176754294297,6,10134,1786953080.3591073
0.3740369154871265,6,10144,1786953080.8073733
0.37399343322962525,6,10154,1786953081.2518127
0.37409626525125383,6,10164,1786953081.6900449
0.3734648662369426,6,10174,1786953082.1803622
0.373086164909673,6,10184,1786953082.6203766
0.3728625071900232,6,10194,1786953083.0722406
0.3732319942292045,6,10204,1786953083.5137064
0.3731561020536478,6,10214,1786953083.9641688
0.37256474361337466,6,10224,1786953084.3980615
0.37238043248653413,6,10234,1786953084.8267813
0.37239468000578074,6,10244,1786953085.2505808
0.3724049985077646,6,10254,1786953085.675498
0.37274567486493143,6,10264,1786953086.1028626
0.3723133609832629,6,10274,1786953086.5233328
0.3725134186046098,6,10284,1786953086.9702034
0.3723431999537539,6,10294,1786953087.4317963
0.3718879529520085,6,10304,1786953087.8599641
0.3723470785499861,6,10314,1786953088.288572
0.3720420022600705,6,10324,1786953088.724031
0.37243967375585013,6,10334,1786953089.1584513
0.37263266296699793,6,10344,1786953089.582248
0.3723497646450996,6,10354,1786953090.0191977
0.37232908854390134,6,10364,1786953090.449783
0.3722777236326068,6,10374,1786953090.892441
0.3720559682082204,6,10384,1786953091.323592
0.3716126712755515,6,10394,1786953091.7475889
0.37137917904626755,6,10404,1786953092.2074873
0.37132970635902207,6,10414,1786953092.6496763
0.3709327762511289,6,10424,1786953093.0972435
0.37065579920179315,6,10434,1786953093.544783
0.3705275969631081,6,10444,1786953094.0002947
0.3709269131855531,6,10454,1786953094.4550185
0.37150091524865175,6,10464,1786953094.9062774
0.37136726626860245,6,10474,1786953095.3478055
0.37189985861820457,6,10484,1786953095.7966695
0.37254773224132104,6,10494,1786953096.237349
0.3725977609468543,6,10504,1786953096.67911
0.3728730111800391,6,10514,1786953097.1250691
0.3733729239967134,6,10524,1786953097.570636
0.37295890622219796,6,10534,1786953098.0077875
0.3726871495737749,6,10544,1786953098.4320343
0.37281463282803695,6,10554,1786953098.8565571
0.37253599578191426,6,10564,1786953099.2924876
0.3725479372944988,6,10574,1786953099.7241406
0.3723536951391678,6,10584,1786953100.1512573
0.3722258529956302,6,10594,1786953100.5787432
0.37201721230745316,6,10604,1786953101.0143182
0.37222612653932874,6,10614,1786953101.4478228
0.37188259769143084,6,10624,1786953101.8771994
0.371735074208118,6,10634,1786953102.3343496
0.37191829643277236,6,10644,1786953102.7642674
0.37226384858672434,6,10654,1786953103.1959064
0.37205180112869685,6,10664,1786953103.627274
0.37175823800040014,6,10674,1786953104.0758493
0.3718966276798033,6,10684,1786953104.5172355
0.37159695395115594,6,10694,1786953104.9625034
0.3713594709723084,6,10704,1786953105.3896532
0.37145340134773186,6,10714,1786953105.8181794
0.37162285757108326,6,10724,1786953106.2434707
0.37132691969906073,6,10734,1786953106.6660857
0.371487296410173,6,10744,1786953107.0863962
0.37115593237536293,6,10754,1786953107.6194851
0.37115629769808856,6,10764,1786953108.049951
0.3709116604546426,6,10774,1786953108.4763842
0.37062367915690364,6,10784,1786953108.9009457
0.37048923577078513,6,10794,1786953109.3322055
0.3703857345724928,6,10804,1786953109.7644281
0.37041389214461795,6,10814,1786953110.1943793
0.37038097593451846,6,10824,1786953110.6186519
0.37020761504567956,6,10834,1786953111.0509288
0.3701170730010775,6,10844,1786953111.481078
0.3703176274995009,6,10854,1786953111.9161866
0.3698223327070672,6,10864,1786953112.3628252
0.36978695590637234,6,10874,1786953112.7907727
0.36983437303429334,6,10884,1786953113.2224042
0.3698351368404828,6,10894,1786953113.6489556
0.37006904551098424,6,10904,1786953114.07822
0.34249684661626817,7,10923,1786953114.8883722
0.3527541279792786,7,10933,1786953115.318361
0.3623852868874868,7,10943,1786953115.754833
0.35337423868477347,7,10953,1786953116.186376
0.3630533096194267,7,10963,1786953116.6168818
0.3588545086483161,7,10973,1786953117.0522637
0.36444718475852694,7,10983,1786953117.4820867
0.3619221327826381,7,10993,1786953117.9233477
0.35529178082942964,7,11003,1786953118.3530557
0.3623883816599846,7,11013,1786953118.7802205
0.35820288278839807,7,11023,1786953119.212257
0.3685478283713261,7,11033,1786953119.6369536
0.37401574288423245,7,11043,1786953120.0678048
0.38278505599924495,7,11053,1786953120.50448
0.39162293722232183,7,11063,1786953120.9265175
0.3988650473766029,7,11073,1786953121.3440735
0.40960698715027644,7,11083,1786953121.7797499
0.40952318103777036,7,11093,1786953122.2329588
0.41676105645142103,7,11103,1786953122.6542802
0.4165806446969509,7,11113,1786953123.0818799
0.4135119267872402,7,11123,1786953123.5073984
0.41019901633262634,7,11133,1786953123.9408965
0.40911485397297404,7,11143,1786953124.3938074
0.40767987941702205,7,11153,1786953124.8236432
0.40534504425525664,7,11163,1786953125.253171
0.4022951531868715,7,11173,1786953125.6791396
0.4029274406256499,7,11183,1786953126.106528
0.40007455976946016,7,11193,1786953126.5324097
0.3982419590497839,7,11203,1786953126.9587917
0.39595466569066046,7,11213,1786953127.3885055
0.39518279851444305,7,11223,1786953127.8070304
0.39249291638843714,7,11233,1786953128.2276235
0.3917629938685533,7,11243,1786953128.6535313
0.3908938091467409,7,11253,1786953129.0934138
0.38869554349354335,7,11263,1786953129.5218089
0.3879196208384302,7,11273,1786953129.9552946
0.3877471243207519,7,11283,1786953130.3783426
0.38803177777873843,7,11293,1786953130.806542
0.38757707740251834,7,11303,1786953131.2337463
0.38508450029417873,7,11313,1786953131.66343
0.3841780288008655,7,11323,1786953132.1250281
0.3824664475484973,7,11333,1786953132.5629625
0.38125725130355637,7,11343,1786953132.9917665
0.381326577660035,7,11353,1786953133.4233508
0.38042920276522635,7,11363,1786953133.8510315
0.3794895442121703,7,11373,1786953134.2913814
0.37903423066785996,7,11383,1786953134.7138681
0.3790929307695478,7,11393,1786953135.1409547
0.3781542141978838,7,11403,1786953135.5710754
0.3777349707633257,7,11413,1786953135.9934878
0.37719953856339644,7,11423,1786953136.420037
0.3761525460303976,7,11433,1786953136.8375082
0.3750432010388599,7,11443,1786953137.2565277
0.37530191464832535,7,11453,1786953137.679328
0.37576706237413665,7,11463,1786953138.1079268
0.37565193826864873,7,11473,1786953138.5422485
0.3747630342710436,7,11483,1786953138.9692392
0.37458027519028764,7,11493,1786953139.412255
0.37481704172441516,7,11503,1786953139.8472147
0.37505713785688083,7,11513,1786953140.2891178
0.3746649159759772,7,11523,1786953140.733974
0.3746246657544567,7,11533,1786953141.1808481
0.37405300282296683,7,11543,1786953141.6134355
0.3734915614826605,7,11553,1786953142.061565
0.373422713302649,7,11563,1786953142.5125988
0.3734758326275782,7,11573,1786953142.938761
0.37236395602795613,7,11583,1786953143.3688
0.3725719375864548,7,11593,1786953143.797142
0.37323338149682334,7,11603,1786953144.2297776
0.3755539435148239,7,11613,1786953144.653773
0.37650831845444693,7,11623,1786953145.0874481
0.37655212918503417,7,11633,1786953145.520408
0.37662285801074274,7,11643,1786953145.9483738
0.37744578984943594,7,11653,1786953146.3685346
0.3775244734287262,7,11663,1786953146.7939022
0.3775091584183668,7,11673,1786953147.223298
0.37727600308981807,7,11683,1786953147.6471238
0.3773731771569986,7,11693,1786953148.0719364
0.37807211879687974,7,11703,1786953148.4988174
0.3787042060866952,7,11713,1786953148.9253452
0.37814504542836436,7,11723,1786953149.3599024
0.37859958168573493,7,11733,1786953149.7890277
0.3788600206554654,7,11743,1786953150.2329252
0.3811069433355615,7,11753,1786953150.6803641
0.382251699338941,7,11763,1786953151.1286123
0.38285056520686594,7,11773,1786953151.5673797
0.3836568342714474,7,11783,1786953152.0063326
0.38489455748349427,7,11793,1786953152.4689717
0.3857824555106377,7,11803,1786953152.9029305
0.3869218853612741,7,11813,1786953153.3410342
0.38803399878216316,7,11823,1786953153.7605705
0.38772090875908083,7,11833,1786953154.1877046
0.3874485273034342,7,11843,1786953154.6160696
0.38666427728343516,7,11853,1786953155.0477057
0.386814718936619,7,11863,1786953155.4835694
0.3868697479367256,7,11873,1786953155.9105406
0.3868195436357223,7,11883,1786953156.3375483
0.38652010255930375,7,11893,1786953156.7654772
0.38624019109540514,7,11903,1786953157.209699
0.38615181341767313,7,11913,1786953157.6492858
0.38621575206813247,7,11923,1786953158.0715747
0.38598801381155556,7,11933,1786953158.4955354
0.3863757240685444,7,11943,1786953158.9274914
0.3858744326620721,7,11953,1786953159.368329
0.3855396670315947,7,11963,1786953159.7967672
0.3857670942215987,7,11973,1786953160.2357028
0.3855326703984604,7,11983,1786953160.6643214
0.38536230863106474,7,11993,1786953161.0946712
0.38510413718743064,7,12003,1786953161.5263882
0.38501156302338296,7,12013,1786953161.9669046
0.3847715917941149,7,12023,1786953162.429153
0.38465958894230423,7,12033,1786953162.8782058
0.3846033423018139,7,12043,1786953163.302175
0.3853447726617257,7,12053,1786953163.7353692
0.38557667863757716,7,12063,1786953164.1692739
0.3869547666853358,7,12073,1786953164.599229
0.3869654555287626,7,12083,1786953165.031705
0.3867993298918009,7,12093,1786953165.4585745
0.38650039013068216,7,12103,1786953165.8890448
0.3857730519461135,7,12113,1786953166.3071969
0.38578764527174064,7,12123,1786953166.7278564
0.3853519791401312,7,12133,1786953167.1494308
0.38546577638121154,7,12143,1786953167.5744374
0.38540111868492055,7,12153,1786953167.9950519
0.3851457417428493,7,12163,1786953168.425515
0.38520282166936093,7,12173,1786953168.8405402
0.3850138936045132,7,12183,1786953169.2672374
0.3850193832826335,7,12193,1786953169.6830955
0.38473288463645205,7,12203,1786953170.1030388
0.38461335506003635,7,12213,1786953170.5230021
0.3843526314176221,7,12223,1786953170.9438896
0.3841938977045092,7,12233,1786953171.3665633
0.3842329366146622,7,12243,1786953171.7942767
0.38393771885824735,7,12253,1786953172.2453973
0.3835365851444227,7,12263,1786953172.6696994
0.3831764657762559,7,12273,1786953173.1162639
0.38281952278131115,7,12283,1786953173.5401819
0.38269890769776227,7,12293,1786953173.9622684
0.3825726525442635,7,12303,1786953174.3789752
0.3822406014321106,7,12313,1786953174.800433
0.38226023290491273,7,12323,1786953175.2370749
0.3823044455124879,7,12333,1786953175.6685302
0.38214398501115243,7,12343,1786953176.1038477
0.38193720551725063,7,12353,1786953176.532772
0.38196225459719524,7,12363,1786953176.9636567
0.3817641254820644,7,12373,1786953177.3940547
0.38162574046829933,7,12383,1786953177.8473134
0.38184840379635226,7,12393,1786953178.3171802
0.38158452213310556,7,12403,1786953178.739045
0.38141801351805527,7,12413,1786953179.173442
0.3811122594142197,7,12423,1786953179.598542
0.3810315579224966,7,12433,1786953180.0202913
0.38116777315735817,7,12443,1786953180.443297
0.38085971108407946,7,12453,1786953180.8705316
0.38074292765029016,7,12463,1786953181.3003573
0.326126229763031,8,12482,1786953182.1312947
0.3517211049795151,8,12492,1786953182.5552845
0.3376137937108676,8,12502,1786953182.987316
0.3420156862586737,8,12512,1786953183.4240527
0.3513828071951866,8,12522,1786953183.846813
0.35490944012999537,8,12532,1786953184.2643805
0.35235785458769114,8,12542,1786953184.6957197
0.3571963835507631,8,12552,1786953185.121345
0.3549886561102337,8,12562,1786953185.549491
0.35030177116394046,8,12572,1786953185.9984405
0.3462681764906103,8,12582,1786953186.4379938
0.3484488862256209,8,12592,1786953186.8789694
0.35269979249972566,8,12602,1786953187.3254926
0.35645386118974004,8,12612,1786953187.769065
0.3599775164326032,8,12622,1786953188.2147806
0.3624684615060687,8,12632,1786953188.6591296
0.36350843099986807,8,12642,1786953189.1108603
0.3657499989701642,8,12652,1786953189.565456
0.3676162506404676,8,12662,1786953190.0252323
0.3669574436545372,8,12672,1786953190.469794
0.36540044908012664,8,12682,1786953190.898001
0.365548294714906,8,12692,1786953191.3349934
0.36313641654408496,8,12702,1786953191.7697272
0.36331128887832165,8,12712,1786953192.2290604
0.36359303271770477,8,12722,1786953192.6610274
0.36289056889139687,8,12732,1786953193.0943995
0.36115459970853947,8,12742,1786953193.5326905
0.3607237346470356,8,12752,1786953193.956299
0.3610883922412478,8,12762,1786953194.3845253
0.3609196652472019,8,12772,1786953194.808561
0.3609302932696958,8,12782,1786953195.2415934
0.3613737588748336,8,12792,1786953195.6714463
0.36167131296613,8,12802,1786953196.1042962
0.36068863469888185,8,12812,1786953196.538951
0.3601373504315104,8,12822,1786953196.9602153
0.3600630111578438,8,12832,1786953197.3875725
0.3599714215140085,8,12842,1786953197.8113186
0.3602605639319671,8,12852,1786953198.241417
0.3594535014568231,8,12862,1786953198.6795602
0.35892922297120095,8,12872,1786953199.1163585
0.35826760523202944,8,12882,1786953199.5485325
0.35885053887253715,8,12892,1786953199.9734228
0.35788337432367856,8,12902,1786953200.404769
0.3581782169301401,8,12912,1786953200.8373184
0.35884776959816617,8,12922,1786953201.2721822
0.358066319382709,8,12932,1786953201.7019973
0.35844698713180867,8,12942,1786953202.1552045
0.3577125012253722,8,12952,1786953202.5771499
0.3571474559148964,8,12962,1786953203.0047755
0.3573677400648594,8,12972,1786953203.4431624
0.3577229978114951,8,12982,1786953203.873116
0.3584285621746228,8,12992,1786953204.2963583
0.3580987346059871,8,13002,1786953204.736077
0.35767867377510776,8,13012,1786953205.171277
0.35809664225036447,8,13022,1786953205.5962422
0.35767829649682553,8,13032,1786953206.0191803
0.35826564747513384,8,13042,1786953206.4394696
0.35799631247746533,8,13052,1786953206.8516808
0.3571513263350826,8,13062,1786953207.2754352
0.35714015081524847,8,13072,1786953207.7001426
0.3573270902281902,8,13082,1786953208.1363828
0.35781864269125846,8,13092,1786953208.5767395
0.35799436888524466,8,13102,1786953209.0056007
0.35857745001558217,8,13112,1786953209.4304984
0.3577833643097144,8,13122,1786953209.8558726
0.3576375874831821,8,13132,1786953210.2889206
0.35773783917747326,8,13142,1786953210.7246642
0.357374962024829,8,13152,1786953211.1517918
0.357750029106071,8,13162,1786953211.5792663
0.35779129060251375,8,13172,1786953212.032604
0.35752205703879747,8,13182,1786953212.489883
0.35674698673602606,8,13192,1786953212.920025
0.35679874750849316,8,13202,1786953213.3590195
0.35759450986578656,8,13212,1786953213.7901814
0.3585246974627177,8,13222,1786953214.2219694
0.35823321667940994,8,13232,1786953214.6567402
0.35820870635571417,8,13242,1786953215.088582
0.35835928175693904,8,13252,1786953215.5283253
0.3585900640751742,8,13262,1786953215.9537895
0.35870852917432783,8,13272,1786953216.385401
0.3597691301946287,8,13282,1786953216.8119776
0.3600500670874991,8,13292,1786953217.238356
0.3603585034788373,8,13302,1786953217.6775615
0.36060614403159846,8,13312,1786953218.119401
0.3608199934223119,8,13322,1786953218.5488477
0.36159109599715056,8,13332,1786953218.985052
0.3613396856120263,8,13342,1786953219.4206004
0.36158879680389705,8,13352,1786953219.8470497
0.36286441653632046,8,13362,1786953220.2760017
0.3640577142106162,8,13372,1786953220.709658
0.366146602506166,8,13382,1786953221.1333787
0.36780223101377485,8,13392,1786953221.558732
0.3691636078460242,8,13402,1786953221.9947155
0.37163780480623243,8,13412,1786953222.4508665
0.3729333039020237,8,13422,1786953222.8746424
0.3748965111250679,8,13432,1786953223.3203948
0.37548935106120157,8,13442,1786953223.7534826
0.3763836487519498,8,13452,1786953224.1875188
0.37678614913514163,8,13462,1786953224.6221416
0.3769099539369345,8,13472,1786953225.0551453
0.3781560702341618,8,13482,1786953225.4867244
0.37871891530413254,8,13492,1786953225.923907
0.3787679052757985,8,13502,1786953226.353331
0.3791588781544795,8,13512,1786953226.7963717
0.3791176747850009,8,13522,1786953227.2298026
0.3787223828429321,8,13532,1786953227.6604168
0.3781906415229646,8,13542,1786953228.0928366
0.378021716988749,8,13552,1786953228.5260568
0.3775553124076729,8,13562,1786953228.9513972
0.37763821589675817,8,13572,1786953229.3861215
0.37748105462875453,8,13582,1786953229.8183777
0.37770162830129267,8,13592,1786953230.2517006
0.37831009752982486,8,13602,1786953230.6844578
0.378097621181555,8,13612,1786953231.1050768
0.3779663090861362,8,13622,1786953231.5427003
0.37766051549336005,8,13632,1786953231.97715
0.3773030921944186,8,13642,1786953232.4306033
0.3771246885596696,8,13652,1786953232.8526816
0.3773074237989778,8,13662,1786953233.2824552
0.3767159361516436,8,13672,1786953233.706448
0.37627126700129393,8,13682,1786953234.1353238
0.37629759658555517,8,13692,1786953234.5662751
0.37671780564436097,8,13702,1786953235.0017407
0.376149706566526,8,13712,1786953235.437999
0.37623524938821795,8,13722,1786953235.8739743
0.3763176502807746,8,13732,1786953236.3103564
0.37654570220258293,8,13742,1786953236.737712
0.37598571020644156,8,13752,1786953237.1624765
0.3760312152578849,8,13762,1786953237.5849974
0.37565880769720444,8,13772,1786953238.0085921
0.37575423861960416,8,13782,1786953238.4395134
0.3759018950841644,8,13792,1786953238.8686554
0.3758007367078523,8,13802,1786953239.2995296
0.3758665469822599,8,13812,1786953239.7238195
0.37558964660874117,8,13822,1786953240.1474755
0.3751950068289743,8,13832,1786953240.5693142
0.3751726832268012,8,13842,1786953240.9872406
0.37573086457407995,8,13852,1786953241.4103312
0.37592333548789403,8,13862,1786953241.8418756
0.3758240042254329,8,13872,1786953242.301071
0.37600948357730046,8,13882,1786953242.7382324
0.37613319544200324,8,13892,1786953243.1661994
0.3760259707230371,8,13902,1786953243.593396
0.37558677489869297,8,13912,1786953244.0210996
0.37598247159657805,8,13922,1786953244.454202
0.3759969247479553,8,13932,1786953244.8785474
0.37628681366236844,8,13942,1786953245.3114312
0.37653382994939344,8,13952,1786953245.7372425
0.37661352998158276,8,13962,1786953246.1662242
0.3768948117941618,8,13972,1786953246.5895178
0.37669265580591776,8,13982,1786953247.018327
0.37669132267075933,8,13992,1786953247.4509592
0.37675512267970573,8,14002,1786953247.8775165
0.37648695579113123,8,14012,1786953248.3080943
0.3764417921871908,8,14022,1786953248.729348
0.4092400223016739,9,14041,1786953249.5458322
0.3473524056375027,9,14051,1786953249.9732692
0.3515197897950808,9,14061,1786953250.4006367
0.3473293498158455,9,14071,1786953250.8194864
0.36050923824310305,9,14081,1786953251.2424896
0.3507600905994574,9,14091,1786953251.6705854
0.36124957140002933,9,14101,1786953252.1475017
0.36118590272963047,9,14111,1786953252.583228
0.36040308839744994,9,14121,1786953253.018656
0.3608942423760891,9,14131,1786953253.4509017
0.3668433654037389,9,14141,1786953253.8762088
0.3664807789027691,9,14151,1786953254.3122785
0.36629518201717964,9,14161,1786953254.7365391
0.3646161829786641,9,14171,1786953255.1662226
0.3629207397500674,9,14181,1786953255.5963354
0.363409838732332,9,14191,1786953256.0317228
0.362033285901827,9,14201,1786953256.4920347
0.35846870831317373,9,14211,1786953256.9323413
0.361614518259701,9,14221,1786953257.377182
0.3613664710521698,9,14231,1786953257.80668
0.3597127467393875,9,14241,1786953258.2528784
0.3599770402366465,9,14251,1786953258.6820521
0.3609560693087785,9,14261,1786953259.1162233
0.36019888184964655,9,14271,1786953259.5645537
0.36085529780387876,9,14281,1786953259.9887407
0.3612616868546376,9,14291,1786953260.4216998
0.3610146548461031,9,14301,1786953260.8516989
0.35892888738640716,9,14311,1786953261.282507
0.35761303572819153,9,14321,1786953261.7169724
0.3570530993739764,9,14331,1786953262.1962526
0.3557749629982056,9,14341,1786953262.6303673
0.3549577596131712,9,14351,1786953263.0729885
0.3551593287876158,9,14361,1786953263.5180557
0.35571217672789796,9,14371,1786953263.9484112
0.35527863451412744,9,14381,1786953264.3833828
0.35526185693840184,9,14391,1786953264.8114061
0.3554576370361689,9,14401,1786953265.2433107
0.35632866048499157,9,14411,1786953265.6749403
0.3565474170140731,9,14421,1786953266.1033602
0.3564204402267933,9,14431,1786953266.5377955
0.3554727909405057,9,14441,1786953266.9601672
0.3554228716308162,9,14451,1786953267.3850532
0.3550108006180719,9,14461,1786953267.8089104
0.3557913699610667,9,14471,1786953268.238002
0.3574861654970381,9,14481,1786953268.6786494
0.35753408942533577,9,14491,1786953269.133695
0.3578894444919647,9,14501,1786953269.578705
0.35833294270560145,9,14511,1786953270.011395
0.35853703189261105,9,14521,1786953270.4476779
0.35887372478842733,9,14531,1786953270.8764853
0.3596374580380963,9,14541,1786953271.3047392
0.36006897931488663,9,14551,1786953271.7351663
0.36137242893565374,9,14561,1786953272.189343
0.3606969438769199,9,14571,1786953272.621696
0.36123693371360954,9,14581,1786953273.0562174
0.36148373053542204,9,14591,1786953273.4884906
0.3621062939627129,9,14601,1786953273.919499
0.36193000119307944,9,14611,1786953274.34759
0.3613796480378862,9,14621,1786953274.7855659
0.36205607481300833,9,14631,1786953275.2167294
0.36150730567388845,9,14641,1786953275.646956
0.3612961068509086,9,14651,1786953276.0793803
0.3618371021416452,9,14661,1786953276.509315
0.36175501516554504,9,14671,1786953276.9490626
0.3613713342639116,9,14681,1786953277.3858032
0.36156629678426366,9,14691,1786953277.8248806
0.3613299008403251,9,14701,1786953278.2652416
0.36160508214550857,9,14711,1786953278.697121
0.36101412071266037,9,14721,1786953279.1307313
0.36143563287598746,9,14731,1786953279.5683174
0.361662986098041,9,14741,1786953279.999716
0.36099818986323146,9,14751,1786953280.4310853
0.3603005596627928,9,14761,1786953280.8669705
0.36070121885151474,9,14771,1786953281.300946
0.3610943462053935,9,14781,1786953281.728486
0.3609547121744407,9,14791,1786953282.1885717
0.3609728604168087,9,14801,1786953282.6193438
0.361106753272888,9,14811,1786953283.0640304
0.3615848941139028,9,14821,1786953283.4963994
0.36155784271657465,9,14831,1786953283.926953
0.3610012126925551,9,14841,1786953284.364809
0.36105865152870736,9,14851,1786953284.7984536
0.36255674003118493,9,14861,1786953285.2293465
0.36270840091719514,9,14871,1786953285.6624546
0.3629845128515187,9,14881,1786953286.091413
0.3627149670103262,9,14891,1786953286.5264425
0.36296356325519497,9,14901,1786953286.964086
0.3629180668599226,9,14911,1786953287.4032168
0.36275832932651714,9,14921,1786953287.8473155
0.3630537999338574,9,14931,1786953288.279298
0.3633148969857247,9,14941,1786953288.7120461
0.36307794701146046,9,14951,1786953289.16539
0.3628364438491483,9,14961,1786953289.612271
0.36279331111210456,9,14971,1786953290.0450976
0.36328493587280575,9,14981,1786953290.4892976
0.363521568554764,9,14991,1786953290.9201455
0.3630550361939312,9,15001,1786953291.365851
0.3630148162343064,9,15011,1786953291.8072112
0.3634451283348931,9,15021,1786953292.288393
0.36339269402623176,9,15031,1786953292.73046
0.36326815084655684,9,15041,1786953293.1783426
0.36312770787991727,9,15051,1786953293.6301956
0.36307497151847024,9,15061,1786953294.0729153
0.36285003632880175,9,15071,1786953294.513219
0.3625412896559352,9,15081,1786953294.9460373
0.36271030611868177,9,15091,1786953295.3841057
0.3630001352629929,9,15101,1786953295.8152215
0.36291109978876734,9,15111,1786953296.2476654
0.36302892490537886,9,15121,1786953296.6814814
0.36316997223279696,9,15131,1786953297.1170542
0.36399795285484815,9,15141,1786953297.5460885
0.3650222052820027,9,15151,1786953297.9770877
0.3653097799525852,9,15161,1786953298.4115593
0.3654935124542629,9,15171,1786953298.843222
0.3658043168809103,9,15181,1786953299.2755408
0.3659735277166654,9,15191,1786953299.7126613
0.366120790097958,9,15201,1786953300.1433663
0.3663142997203237,9,15211,1786953300.5844555
0.36659610946388804,9,15221,1786953301.0163183
0.36665268544107676,9,15231,1786953301.4479215
0.36690012629120805,9,15241,1786953301.8751273
0.3668190547555196,9,15251,1786953302.3427062
0.367355171124625,9,15261,1786953302.7767193
0.3683061448676932,9,15271,1786953303.2043362
0.3688213785767555,9,15281,1786953303.6361115
0.36933520442200085,9,15291,1786953304.0698988
0.37003426585845123,9,15301,1786953304.5032895
0.37086325691780075,9,15311,1786953304.9408522
0.37140307852695154,9,15321,1786953305.3774118
0.3714567515712518,9,15331,1786953305.8137684
0.372008021232736,9,15341,1786953306.2513201
0.37233544724682965,9,15351,1786953306.696456
0.3726530972167962,9,15361,1786953307.1399875
0.3725818642818216,9,15371,1786953307.5854735
0.37252965848754954,9,15381,1786953308.0221436
0.37231365262585525,9,15391,1786953308.4619234
0.37202989907160294,9,15401,1786953308.8985252
0.3717460680483044,9,15411,1786953309.3565443
0.37169794535679784,9,15421,1786953309.8107898
0.37141764896256585,9,15431,1786953310.2512867
0.37144834310450453,9,15441,1786953310.7006824
0.3718840535048028,9,15451,1786953311.1418235
0.3723315445276407,9,15461,1786953311.5815043
0.3720787623586754,9,15471,1786953312.0229166
0.37191796323348736,9,15481,1786953312.486386
0.37191590189117274,9,15491,1786953312.929432
0.37200330939828136,9,15501,1786953313.3641477
0.372502769086812,9,15511,1786953313.7982297
0.3728886737119431,9,15521,1786953314.2400405
0.3728994636933009,9,15531,1786953314.6762323
0.3726227196340529,9,15541,1786953315.11759
0.3725218261739141,9,15551,1786953315.5520928
0.37255263531130123,9,15561,1786953315.9862437
0.37231382118030026,9,15571,1786953316.4172626
0.3720246174354707,9,15581,1786953316.856221
1.9756676375865936,0,10,1786958136.4641514
1.329315158724785,0,20,1786958136.9433696
1.074078728755315,0,30,1786958137.42419
0.9269399888813495,0,40,1786958137.9027956
0.8285544675588608,0,50,1786958138.3879051
0.7710484743118287,0,60,1786958138.8865938
0.7298423073121479,0,70,1786958139.3797479
0.7193886201828719,0,80,1786958139.8894732
0.6841370145479838,0,90,1786958140.3702803
0.6620529347658157,0,100,1786958140.863815
0.6414263665676116,0,110,1786958141.3506818
0.6193977266550064,0,120,1786958141.8288088
0.6073656804286517,0,130,1786958142.3357859
0.5957651723708425,0,140,1786958142.815263
0.5859665860732396,0,150,1786958143.2866023
0.5762645235285163,0,160,1786958143.7447305
0.5674765125793569,0,170,1786958144.2079854
0.5611887608965238,0,180,1786958144.681403
0.5569991607415049,0,190,1786958145.1633418
0.5483300559222698,0,200,1786958145.6403291
0.5448625113282884,0,210,1786958146.1144416
0.5393125489354134,0,220,1786958146.5913532
0.535124163005663,0,230,1786958147.0597255
0.5293495185673237,0,240,1786958147.5320528
0.5250003987550735,0,250,1786958148.012596
0.5197042045684961,0,260,1786958148.4863846
0.5157641452771646,0,270,1786958148.959836
0.5114455799971308,0,280,1786958149.4335058
0.5092924333851913,0,290,1786958149.9084015
0.5073652362823486,0,300,1786958150.384924
0.5055418770159444,0,310,1786958150.8592951
0.5018656270578503,0,320,1786958151.3488443
0.49936117584055123,0,330,1786958151.8293521
0.5020505623782382,0,340,1786958152.3238475
0.5014587012359074,0,350,1786958152.7907684
0.4986778704656495,0,360,1786958153.2815456
0.4968186363175109,0,370,1786958153.7657168
0.4976403838709781,0,380,1786958154.248689
0.4957048581960874,0,390,1786958154.7225664
0.49437912441790105,0,400,1786958155.1930707
0.4921358528660565,0,410,1786958155.6744056
0.4903504000533195,0,420,1786958156.1555128
0.48945098748040755,0,430,1786958156.6253192
0.48880863718011164,0,440,1786958157.0984566
0.4887080552842882,0,450,1786958157.5698962
0.48723337812268214,0,460,1786958158.0321796
0.4847867871218539,0,470,1786958158.497345
0.4821230680371324,0,480,1786958158.9660587
0.4810330575218006,0,490,1786958159.4314845
0.48035990846157073,0,500,1786958159.9010284
0.47858392911798814,0,510,1786958160.3746626
0.4782450056419923,0,520,1786958160.849856
0.4764634076716765,0,530,1786958161.3203707
0.47536664847974425,0,540,1786958161.7913606
0.4743534130941738,0,550,1786958162.2892945
0.4735916300543717,0,560,1786958162.7637103
0.4724718941931139,0,570,1786958163.2381022
0.4711907968952738,0,580,1786958163.718369
0.4694770640488398,0,590,1786958164.1929004
0.4687873723357916,0,600,1786958164.6601698
0.4673992776235596,0,610,1786958165.127767
0.4666914317156038,0,620,1786958165.6015267
0.46558816198791775,0,630,1786958166.0790863
0.464364225580357,0,640,1786958166.551357
0.4628666365375886,0,650,1786958167.0087137
0.46219298096768785,0,660,1786958167.4638112
0.46141090390842354,0,670,1786958167.9264867
0.46091887059018893,0,680,1786958168.3903663
0.46046548159658046,0,690,1786958168.8558376
0.4603707687130996,0,700,1786958169.3410497
0.4590241816472,0,710,1786958169.8070948
0.45849915086809134,0,720,1786958170.2721362
0.4577185669378059,0,730,1786958170.7323737
0.45740142563307606,0,740,1786958171.2253454
0.4567412556211154,0,750,1786958171.702887
0.4559448329829856,0,760,1786958172.2137315
0.4550352900252714,0,770,1786958172.6980877
0.45503588332197603,0,780,1786958173.180696
0.45483717146930813,0,790,1786958173.6433501
0.4537315732054412,0,800,1786958174.1082292
0.45320496266638793,0,810,1786958174.5738995
0.4524603311426756,0,820,1786958175.0437522
0.4521504931959761,0,830,1786958175.5207016
0.4517077880068904,0,840,1786958176.0029783
0.4516667752581484,0,850,1786958176.4794538
0.45087588244052823,0,860,1786958176.9447033
0.45057892869601307,0,870,1786958177.41486
0.4498344865881584,0,880,1786958177.8827183
0.44966814737306554,0,890,1786958178.3613613
0.4494584166175789,0,900,1786958178.8361847
0.4491344886657956,0,910,1786958179.2979977
0.4485341826048882,0,920,1786958179.7631693
0.448491859708422,0,930,1786958180.236729
0.447834337185672,0,940,1786958180.711722
0.4475280686271818,0,950,1786958181.1792674
0.44714796665745477,0,960,1786958181.6503284
0.4471054950172139,0,970,1786958182.2100332
0.4479171845833866,0,980,1786958182.716369
0.4484265478421943,0,990,1786958183.1874135
0.4493089102655649,0,1000,1786958183.6647606
0.44905398126580925,0,1010,1786958184.1478462
0.4492389191745543,0,1020,1786958184.615929
0.44921931368344037,0,1030,1786958185.089799
0.4487818314049106,0,1040,1786958185.5602744
0.4486693837387221,0,1050,1786958186.0214894
0.4492255405575599,0,1060,1786958186.4954445
0.45079638786683573,0,1070,1786958186.9686096
0.45118269836185154,0,1080,1786958187.448091
0.45158463668659193,0,1090,1786958187.9246688
0.4524111293798143,0,1100,1786958188.3973973
0.451948876974282,0,1110,1786958188.8653686
0.4523131225391158,0,1120,1786958189.3404772
0.4527589469488743,0,1130,1786958189.817054
0.4529004820475453,0,1140,1786958190.289297
0.4532171098175256,0,1150,1786958190.764499
0.45393071330056106,0,1160,1786958191.2398727
0.45315473936816564,0,1170,1786958191.7114043
0.45381318612371463,0,1180,1786958192.21944
0.4539071938445588,0,1190,1786958192.6862178
0.4537239454810818,0,1200,1786958193.1494272
0.4535170459427124,0,1210,1786958193.6313875
0.45390209964797146,0,1220,1786958194.10196
0.45364695245899805,0,1230,1786958194.5840943
0.4532703204140548,0,1240,1786958195.0634677
0.4528994301199913,0,1250,1786958195.5273166
0.4522426977162323,0,1260,1786958196.002704
0.45174116423045557,0,1270,1786958196.482776
0.4510562560870312,0,1280,1786958196.965503
0.45103066148915033,0,1290,1786958197.4388356
0.4509598763516316,0,1300,1786958197.915922
0.45067154220269834,0,1310,1786958198.3913305
0.4505348602817817,0,1320,1786958198.8702834
0.45029554321129517,0,1330,1786958199.3525302
0.4502554769502647,0,1340,1786958199.8275034
0.4505882822694602,0,1350,1786958200.306444
0.45060896786915905,0,1360,1786958200.7775593
0.4502465442475611,0,1370,1786958201.2675354
0.45022608945551124,0,1380,1786958201.7439065
0.449675725035959,0,1390,1786958202.246347
0.44916076292949064,0,1400,1786958202.7233
0.4486331688913893,0,1410,1786958203.1985927
0.44809649820688746,0,1420,1786958203.6776857
0.4482041520151225,0,1430,1786958204.1613717
0.44848820926207633,0,1440,1786958204.6396503
0.44818929245759703,0,1450,1786958205.1117077
0.44834334321626246,0,1460,1786958205.5934672
0.4483352251198827,0,1470,1786958206.0620594
0.4484184713581124,0,1480,1786958206.5322022
0.44821114192072975,0,1490,1786958207.007989
0.44813966476917266,0,1500,1786958207.4783452
0.4478851753749595,0,1510,1786958207.9473095
0.4476345928876024,0,1520,1786958208.4144416
0.4472763897546756,0,1530,1786958208.8782904
0.4469780181812776,0,1540,1786958209.358178
0.4469890470946989,0,1550,1786958209.8339264
0.41466833353042604,1,1569,1786958210.7716959
0.4559226453304291,1,1579,1786958211.227328
0.4384364316860835,1,1589,1786958211.7003071
0.4276664026081562,1,1599,1786958212.1896574
0.41624837994575503,1,1609,1786958212.6464393
0.4184019024173419,1,1619,1786958213.115863
0.417547034578664,1,1629,1786958213.571319
0.4141953093931079,1,1639,1786958214.0228407
0.4167302848564254,1,1649,1786958214.477106
0.41710910901427267,1,1659,1786958214.9291067
0.4176799491047859,1,1669,1786958215.3853693
0.4175307729591926,1,1679,1786958215.8464258
0.41828621545663247,1,1689,1786958216.3113487
0.41722414035882266,1,1699,1786958216.768712
0.41589797447125115,1,1709,1786958217.2149243
0.415335598308593,1,1719,1786958217.6602163
0.41502468840164297,1,1729,1786958218.115962
0.4169343296852377,1,1739,1786958218.5674562
0.4150176136901504,1,1749,1786958219.029164
0.41462065346539023,1,1759,1786958219.485469
0.41484084746667316,1,1769,1786958219.9408247
0.4146295358511535,1,1779,1786958220.3898594
0.4145408076436623,1,1789,1786958220.8462276
0.41568521565447253,1,1799,1786958221.2945406
0.41496366685628894,1,1809,1786958221.7449574
0.4125200728384348,1,1819,1786958222.2295504
0.4125153178970019,1,1829,1786958222.685973
0.4120929657348565,1,1839,1786958223.1451325
0.4123297802333174,1,1849,1786958223.6063755
0.4124210953712463,1,1859,1786958224.0548224
0.4120574527209805,1,1869,1786958224.504433
0.41126055736094713,1,1879,1786958224.9556637
0.41073812007000954,1,1889,1786958225.409213
0.41199367830858513,1,1899,1786958225.8675518
0.4114701709151268,1,1909,1786958226.3241038
0.41100392585827245,1,1919,1786958226.7886257
0.4120323205719123,1,1929,1786958227.238953
0.4110658402113538,1,1939,1786958227.697549
0.41031380242262133,1,1949,1786958228.1521788
0.41088922679424283,1,1959,1786958228.606151
0.410883609768821,1,1969,1786958229.0644705
0.4098986602255276,1,1979,1786958229.5158343
0.4090937425923902,1,1989,1786958229.9814112
0.4092873760245063,1,1999,1786958230.4444096
0.41134491231706405,1,2009,1786958230.896848
0.41198157519102097,1,2019,1786958231.3690808
0.41345881337815144,1,2029,1786958231.8324277
0.4124453742057085,1,2039,1786958232.3191185
0.4124996079474079,1,2049,1786958232.7763252
0.4129087928533554,1,2059,1786958233.2272801
0.41295339681354226,1,2069,1786958233.6724672
0.4123706227884843,1,2079,1786958234.1191354
0.41350814908180594,1,2089,1786958234.5747397
0.41359523556850575,1,2099,1786958235.0282133
0.41436527869918127,1,2109,1786958235.4808433
0.4145936715283564,1,2119,1786958235.9388077
0.41678500332330404,1,2129,1786958236.3919501
0.41778193280614656,1,2139,1786958236.8532288
0.4206797146696155,1,2149,1786958237.300948
0.4212071984509627,1,2159,1786958237.7508585
0.42097035548726064,1,2169,1786958238.2092338
0.4214968192000543,1,2179,1786958238.6699133
0.42170455815300106,1,2189,1786958239.1400878
0.4267313241958618,1,2199,1786958239.5897226
0.4308225972835834,1,2209,1786958240.041916
0.4436458818840258,1,2219,1786958240.5018477
0.45102023962718335,1,2229,1786958240.9634898
0.4550735084887813,1,2239,1786958241.4212549
0.4576341594906821,1,2249,1786958241.8955529
0.45809679465634484,1,2259,1786958242.3712444
0.459182619670747,1,2269,1786958242.824219
0.4587673023343086,1,2279,1786958243.275697
0.4587988700360468,1,2289,1786958243.7302961
0.45915581583976744,1,2299,1786958244.1862895
0.45849903305371603,1,2309,1786958244.6332493
0.4582112039782499,1,2319,1786958245.079482
0.45751592184042,1,2329,1786958245.5305078
0.45694742443469855,1,2339,1786958245.9678104
0.4564508759145495,1,2349,1786958246.4168782
0.4560398063436151,1,2359,1786958246.8710685
0.4554229478409261,1,2369,1786958247.330702
0.45422481970816125,1,2379,1786958247.7858603
0.453996870855251,1,2389,1786958248.2374558
0.4533657550456978,1,2399,1786958248.6862466
0.4524452181072796,1,2409,1786958249.1443348
0.45158740081066306,1,2419,1786958249.5990183
0.4515768232016728,1,2429,1786958250.0610542
0.45154830532317813,1,2439,1786958250.5094647
0.45145859658048393,1,2449,1786958250.9608252
0.4507620662781927,1,2459,1786958251.4105449
0.45072228767714656,1,2469,1786958251.875677
0.4502606499130311,1,2479,1786958252.3654943
0.449481041745473,1,2489,1786958252.8278334
0.4494243431915628,1,2499,1786958253.2884643
0.44870686333430443,1,2509,1786958253.746883
0.44871325890223185,1,2519,1786958254.2058232
0.4484830436632805,1,2529,1786958254.655827
0.4476492658865695,1,2539,1786958255.1035383
0.4472522455634493,1,2549,1786958255.5595505
0.44699821454286576,1,2559,1786958256.024049
0.44680968936127013,1,2569,1786958256.490189
0.4462556193272273,1,2579,1786958256.954375
0.44581916228081414,1,2589,1786958257.4150581
0.44548755580416094,1,2599,1786958257.8797576
0.4455621820404416,1,2609,1786958258.3377533
0.44470781523664044,1,2619,1786958258.7985108
0.44451865378384275,1,2629,1786958259.278851
0.4440427623413227,1,2639,1786958259.7514663
0.4441630328193717,1,2649,1786958260.2209246
0.4437878559123386,1,2659,1786958260.6940947
0.4432974608229087,1,2669,1786958261.1719985
0.4427785478133176,1,2679,1786958261.6342864
0.44216119184166985,1,2689,1786958262.1418133
0.44162092157884647,1,2699,1786958262.6097822
0.4412442679638448,1,2709,1786958263.0793955
0.44115295447409153,1,2719,1786958263.5503337
0.44115782954499255,1,2729,1786958264.0093498
0.44045491128907366,1,2739,1786958264.4651444
0.4405972530486203,1,2749,1786958264.9153845
0.44047705178459484,1,2759,1786958265.3698072
0.4400796926711216,1,2769,1786958265.826692
0.4395893513423498,1,2779,1786958266.2836397
0.4393542366541498,1,2789,1786958266.7397306
0.4391228237219395,1,2799,1786958267.193129
0.4388427001476288,1,2809,1786958267.638478
0.43836081129690957,1,2819,1786958268.0870903
0.43801632922465406,1,2829,1786958268.536919
0.4372985106892884,1,2839,1786958269.0005887
0.4371150191671164,1,2849,1786958269.45549
0.43687686195740333,1,2859,1786958269.9100559
0.43658534670604093,1,2869,1786958270.3732007
0.4360965770979722,1,2879,1786958270.8228724
0.4362579350408755,1,2889,1786958271.2765255
0.4360596493331354,1,2899,1786958271.7603548
0.43559690802185624,1,2909,1786958272.2369103
0.43524515416254017,1,2919,1786958272.680108
0.43498992276017684,1,2929,1786958273.1704285
0.43464064969532734,1,2939,1786958273.658533
0.4348178427639625,1,2949,1786958274.13041
0.43473478734493254,1,2959,1786958274.6063802
0.4347122328923949,1,2969,1786958275.0671344
0.4343063209258335,1,2979,1786958275.5295222
0.43439389565191067,1,2989,1786958275.9775653
0.43466834980580543,1,2999,1786958276.435288
0.43435588232402145,1,3009,1786958276.878581
0.4341948167714354,1,3019,1786958277.3311968
0.43406392811309724,1,3029,1786958277.7765217
0.43397645514357736,1,3039,1786958278.2312367
0.433653204703091,1,3049,1786958278.6793902
0.4339552747607231,1,3059,1786958279.1174622
0.43420745260668114,1,3069,1786958279.5701492
0.434453909197136,1,3079,1786958280.0134213
0.4349541859299529,1,3089,1786958280.467587
0.43539558954827196,1,3099,1786958280.925755
0.4359389058236153,1,3109,1786958281.3873594
0.478909632563591,2,3128,1786958282.3026416
0.4773005783557892,2,3138,1786958282.764322
0.446386793255806,2,3148,1786958283.231454
0.43378683030605314,2,3158,1786958283.69428
0.43277699053287505,2,3168,1786958284.1567063
0.4361782814065615,2,3178,1786958284.626113
0.4349263893706458,2,3188,1786958285.0821452
0.4398589674383402,2,3198,1786958285.5336733
0.43618661860624947,2,3208,1786958286.000814
0.43669391304254535,2,3218,1786958286.4509232
0.4415067618543452,2,3228,1786958286.9007027
0.44034707273046175,2,3238,1786958287.3537326
0.43931670991274024,2,3248,1786958287.8039074
0.4388515681028366,2,3258,1786958288.2485156
0.4363980446259181,2,3268,1786958288.6875043
0.43648851457983256,2,3278,1786958289.1405854
0.43734803883468404,2,3288,1786958289.5885499
0.4358622825807995,2,3298,1786958290.0485337
0.4346302324219754,2,3308,1786958290.5085044
0.43620728090405464,2,3318,1786958290.9645784
0.43682922678334374,2,3328,1786958291.4135861
0.43475968241691587,2,3338,1786958291.8670256
0.4327202974454216,2,3348,1786958292.3406856
0.432036962111791,2,3358,1786958292.793032
0.4316025182008743,2,3368,1786958293.2483413
0.4313647220914181,2,3378,1786958293.7166986
0.430641202794181,2,3388,1786958294.1658587
0.43056679304156986,2,3398,1786958294.6200633
0.4294602799004522,2,3408,1786958295.0632968
0.43058422605196633,2,3418,1786958295.509401
0.42931679035386733,2,3428,1786958295.9609392
0.4283214980736375,2,3438,1786958296.4119298
0.4276028089451067,2,3448,1786958296.8674173
0.42635971789850907,2,3458,1786958297.3164167
0.42555455497332983,2,3468,1786958297.7683535
0.424483454393016,2,3478,1786958298.216127
0.4239479231673318,2,3488,1786958298.6715512
0.42262162040723,2,3498,1786958299.1234968
0.42238912781079613,2,3508,1786958299.5808225
0.4220470432937145,2,3518,1786958300.034364
0.42160933581067295,2,3528,1786958300.484336
0.4207595194734278,2,3538,1786958300.9238234
0.4206172334246857,2,3548,1786958301.3738723
0.4200177140872587,2,3558,1786958301.835297
0.42143791738483644,2,3568,1786958302.3202157
0.4212781056437803,2,3578,1786958302.786659
0.4210097656605091,2,3588,1786958303.241509
0.4208568195501963,2,3598,1786958303.6944702
0.4204546842039848,2,3608,1786958304.1431932
0.420548068434,2,3618,1786958304.600256
0.42077558668805104,2,3628,1786958305.0601313
0.42076131985164605,2,3638,1786958305.5164018
0.42028858996224855,2,3648,1786958305.9731176
0.4195725611790463,2,3658,1786958306.433769
0.41930482455275275,2,3668,1786958306.8895123
0.4198172680767519,2,3678,1786958307.338833
0.42003235730685684,2,3688,1786958307.7873135
0.4268922400114865,2,3698,1786958308.2333488
0.43160764203738355,2,3708,1786958308.6764219
0.439519733513395,2,3718,1786958309.122403
0.4471981315583479,2,3728,1786958309.576412
0.4620710436615252,2,3738,1786958310.0255842
0.49340067971793433,2,3748,1786958310.4836204
0.5172985574463382,2,3758,1786958310.9271686
0.530398781139117,2,3768,1786958311.3843246
0.5392870448981271,2,3778,1786958311.8407393
0.5462576316586182,2,3788,1786958312.3240993
0.5526734907180071,2,3798,1786958312.7854104
0.5562664868391078,2,3808,1786958313.2411907
0.5595856137999466,2,3818,1786958313.7074318
0.562504146489459,2,3828,1786958314.1642914
0.5648460288221637,2,3838,1786958314.6291797
0.5656769861709582,2,3848,1786958315.0831425
0.5660487228752793,2,3858,1786958315.5395412
0.5652486538290977,2,3868,1786958315.995844
0.5637777877677428,2,3878,1786958316.454142
0.5619780219414018,2,3888,1786958316.9026551
0.5608077604228106,2,3898,1786958317.3507922
0.5596922949710978,2,3908,1786958317.799715
0.5589265946485102,2,3918,1786958318.2524724
0.5568787454271023,2,3928,1786958318.7100337
0.555386964776894,2,3938,1786958319.159662
0.553900531383164,2,3948,1786958319.6148925
0.5526083903830676,2,3958,1786958320.0661643
0.5510295765715487,2,3968,1786958320.5212462
0.5493042760983456,2,3978,1786958320.9798446
0.5477701465460075,2,3988,1786958321.4447405
0.5470894630490379,2,3998,1786958321.9102657
0.5459523392359862,2,4008,1786958322.3924696
0.5451758309702078,2,4018,1786958322.846547
0.543498466876182,2,4028,1786958323.2984688
0.5429203185536291,2,4038,1786958323.7700741
0.5417183770127194,2,4048,1786958324.227559
0.5400437790187116,2,4058,1786958324.6930537
0.5388521109913524,2,4068,1786958325.150256
0.5377936175558716,2,4078,1786958325.603235
0.5374780749998141,2,4088,1786958326.0655158
0.5366116628811067,2,4098,1786958326.525203
0.5360424959749887,2,4108,1786958326.9894278
0.5356429127007722,2,4118,1786958327.448718
0.5354055364090617,2,4128,1786958327.9131584
0.5345937582938111,2,4138,1786958328.3749049
0.5337092057159804,2,4148,1786958328.823241
0.5327938804976069,2,4158,1786958329.2847
0.5319250170531727,2,4168,1786958329.7519498
0.530414510630774,2,4178,1786958330.2297351
0.529385157152314,2,4188,1786958330.706484
0.5283975235703918,2,4198,1786958331.164814
0.5271504484322093,2,4208,1786958331.6391232
0.5261642070656473,2,4218,1786958332.1357799
0.5257753916554623,2,4228,1786958332.586492
0.5249548810800272,2,4238,1786958333.0513885
0.5239539350951667,2,4248,1786958333.500692
0.5229173888370656,2,4258,1786958333.9542115
0.5219899807157724,2,4268,1786958334.408466
0.5209798779081681,2,4278,1786958334.8648353
0.5201575002991237,2,4288,1786958335.3339539
0.5194773343533783,2,4298,1786958335.7903209
0.5189864448514305,2,4308,1786958336.2423599
0.5186185201381643,2,4318,1786958336.6994681
0.5178276337744776,2,4328,1786958337.1627443
0.5169952569315668,2,4338,1786958337.6223626
0.5159465059153433,2,4348,1786958338.083636
0.5153596692147755,2,4358,1786958338.5285716
0.5144995681405068,2,4368,1786958338.9733143
0.513390709731787,2,4378,1786958339.4215417
0.5127060072276536,2,4388,1786958339.8716094
0.5119784827926196,2,4398,1786958340.3271205
0.5118237359001655,2,4408,1786958340.7804315
0.5110223597402757,2,4418,1786958341.2365084
0.5098986194902704,2,4428,1786958341.683327
0.5093384495400118,2,4438,1786958342.1578016
0.5089646338408155,2,4448,1786958342.6076345
0.5082516808896812,2,4458,1786958343.0713434
0.5073957859697166,2,4468,1786958343.5392654
0.5072087636217475,2,4478,1786958344.0044742
0.5064581038416737,2,4488,1786958344.452018
0.5059307122468084,2,4498,1786958344.9060075
0.5050854060182468,2,4508,1786958345.361397
0.5047713157641036,2,4518,1786958345.822099
0.5043323202864498,2,4528,1786958346.2838223
0.5038217339822104,2,4538,1786958346.7533767
0.5029472634196281,2,4548,1786958347.2133076
0.5020777683808572,2,4558,1786958347.661493
0.501374140289323,2,4568,1786958348.1178308
0.5007430339818948,2,4578,1786958348.5672424
0.5001397091413842,2,4588,1786958349.0265422
0.49963840567380996,2,4598,1786958349.478302
0.4993577241197528,2,4608,1786958349.9382863
0.4990326081216335,2,4618,1786958350.4018414
0.49846071270325326,2,4628,1786958350.8505516
0.4979930356635075,2,4638,1786958351.3162267
0.49735052311926886,2,4648,1786958351.777697
0.49679649539001575,2,4658,1786958352.2669787
0.49585536798161844,2,4668,1786958352.710708
0.3996965169906616,3,4687,1786958353.5522537
0.3918811962008476,3,4697,1786958353.9924033
0.38817872206370035,3,4707,1786958354.4403503
0.39927685260772705,3,4717,1786958354.882888
0.4151491719484329,3,4727,1786958355.3284752
0.4140729566415151,3,4737,1786958355.7804081
0.41122453127588543,3,4747,1786958356.2328386
0.4104506513103843,3,4757,1786958356.6834924
0.4121713755859269,3,4767,1786958357.1272497
0.407431368380785,3,4777,1786958357.5778697
0.408487803150307,3,4787,1786958358.0220592
0.4044133984794219,3,4797,1786958358.472127
0.4044213713361667,3,4807,1786958358.9224515
0.405047871278865,3,4817,1786958359.3825366
0.4063519415259361,3,4827,1786958359.8377452
0.40880180047824977,3,4837,1786958360.289578
0.4080444221110905,3,4847,1786958360.746417
0.40933706073297393,3,4857,1786958361.2048273
0.4113906263520843,3,4867,1786958361.6786113
0.4106821023672819,3,4877,1786958362.1809728
0.41330774447747637,3,4887,1786958362.6280847
0.414732589437203,3,4897,1786958363.0809886
0.414039571971997,3,4907,1786958363.531064
0.4139012742166718,3,4917,1786958363.9985006
0.416047059237957,3,4927,1786958364.4757905
0.4150504574752771,3,4937,1786958364.9441018
0.4135558588085351,3,4947,1786958365.4001653
0.41208042284207685,3,4957,1786958365.851516
0.41245138938057013,3,4967,1786958366.311299
0.41206447924176853,3,4977,1786958366.7555237
0.41172726428316486,3,4987,1786958367.1929984
0.4107370815705508,3,4997,1786958367.6345098
0.41101803955706684,3,5007,1786958368.0910308
0.4119832971078508,3,5017,1786958368.5512748
0.41171993958098546,3,5027,1786958369.0095394
0.411964499246743,3,5037,1786958369.46946
0.41333490710806203,3,5047,1786958369.9277325
0.4134586476573819,3,5057,1786958370.3867831
0.4130417546782738,3,5067,1786958370.842293
0.41334438625723124,3,5077,1786958371.299197
0.4137890331265403,3,5087,1786958371.7552276
0.41349318981880234,3,5097,1786958372.2434936
0.41393294864615726,3,5107,1786958372.6932597
0.41429359347305517,3,5117,1786958373.1470754
0.4148289297355546,3,5127,1786958373.6087992
0.41442662377072415,3,5137,1786958374.074547
0.41621728561660076,3,5147,1786958374.5310957
0.41658128167813024,3,5157,1786958374.9827867
0.41593310057508703,3,5167,1786958375.4433854
0.41529227438569066,3,5177,1786958375.896698
0.41434754808159435,3,5187,1786958376.3584683
0.4148326688947586,3,5197,1786958376.8193297
0.41407711103839695,3,5207,1786958377.2708442
0.41309529004825485,3,5217,1786958377.729421
0.41224727822975676,3,5227,1786958378.2008235
0.4120951335611088,3,5237,1786958378.659441
0.4112900616568432,3,5247,1786958379.111479
0.4111814342953008,3,5257,1786958379.5495617
0.4117903584393404,3,5267,1786958379.9942005
0.4116375917444626,3,5277,1786958380.438806
0.4110294623208828,3,5287,1786958380.897723
0.4111920687219789,3,5297,1786958381.3569138
0.4109976357174298,3,5307,1786958381.8276987
0.4107867783633992,3,5317,1786958382.331689
0.41045029362806906,3,5327,1786958382.791478
0.4101459471339529,3,5337,1786958383.2463868
0.40987803013022267,3,5347,1786958383.7066097
0.41007058258880585,3,5357,1786958384.1582615
0.4109130704532499,3,5367,1786958384.6058042
0.4107552566059998,3,5377,1786958385.081822
0.4102837121192838,3,5387,1786958385.5362492
0.41025550313707854,3,5397,1786958385.9834728
0.40994952388413963,3,5407,1786958386.4232116
0.40947897383892856,3,5417,1786958386.8765998
0.40927164818843204,3,5427,1786958387.3388145
0.40954579850168604,3,5437,1786958387.79102
0.4089576496512859,3,5447,1786958388.2467327
0.4083160232466001,3,5457,1786958388.6817865
0.4080245087984242,3,5467,1786958389.1373415
0.40820071233436467,3,5477,1786958389.6045372
0.40814571500192454,3,5487,1786958390.0594714
0.40786745720883694,3,5497,1786958390.5307949
0.4082219026713486,3,5507,1786958390.990864
0.40825911861445224,3,5517,1786958391.4584744
0.4078223292792545,3,5527,1786958391.920213
0.4073819878316203,3,5537,1786958392.4079297
0.40737096449767035,3,5547,1786958392.8654277
0.4080958282236348,3,5557,1786958393.328668
0.4079804248521837,3,5567,1786958393.7864096
0.40791873579223953,3,5577,1786958394.2377465
0.4076694945221419,3,5587,1786958394.677232
0.40721974970529906,3,5597,1786958395.1320841
0.4068969284815173,3,5607,1786958395.5764651
0.4067772603890997,3,5617,1786958396.0193243
0.406837850401276,3,5627,1786958396.476411
0.4067446201108396,3,5637,1786958396.914138
0.40675258562736905,3,5647,1786958397.3516397
0.40686458075533105,3,5657,1786958397.7889884
0.40653205300220335,3,5667,1786958398.2357533
0.406279187053442,3,5677,1786958398.6828434
0.4061623999387911,3,5687,1786958399.1285338
0.4063260139787898,3,5697,1786958399.5769322
0.40620053040171133,3,5707,1786958400.0130417
0.40598955014004157,3,5717,1786958400.4561193
0.4059640199229831,3,5727,1786958400.8955212
0.4062930107960161,3,5737,1786958401.3402064
0.40628737935396,3,5747,1786958401.7889838
0.4068222993225963,3,5757,1786958402.278709
0.4066886761046331,3,5767,1786958402.72518
0.4064517759734934,3,5777,1786958403.1833317
0.4065164868896072,3,5787,1786958403.6499379
0.40720087534614974,3,5797,1786958404.1308167
0.40767022400303227,3,5807,1786958404.59738
0.40820139842598063,3,5817,1786958405.0588088
0.40817067988540817,3,5827,1786958405.5229752
0.409147790331265,3,5837,1786958405.9729939
0.40944137484089943,3,5847,1786958406.436385
0.4101213378168769,3,5857,1786958406.8998313
0.41020482698408495,3,5867,1786958407.376201
0.4100408640752236,3,5877,1786958407.830771
0.4103367324210396,3,5887,1786958408.292286
0.41018902307651084,3,5897,1786958408.7345717
0.41041839304493694,3,5907,1786958409.195291
0.41032332919778364,3,5917,1786958409.6474574
0.41057206528186796,3,5927,1786958410.0884674
0.4112742189377073,3,5937,1786958410.5392573
0.41213617991274737,3,5947,1786958410.9901257
0.41254609916359186,3,5957,1786958411.4432216
0.4121918985778971,3,5967,1786958411.9033244
0.41295210547172106,3,5977,1786958412.3883405
0.4129534246584841,3,5987,1786958412.835516
0.4128956149924885,3,5997,1786958413.2995384
0.4133441115008261,3,6007,1786958413.7611558
0.413244801848682,3,6017,1786958414.2261384
0.41342921998765736,3,6027,1786958414.680448
0.4137004288242144,3,6037,1786958415.1405163
0.4135043655868864,3,6047,1786958415.5957563
0.4137628013888995,3,6057,1786958416.0619946
0.4140100514502834,3,6067,1786958416.5288315
0.41463499118174824,3,6077,1786958416.994824
0.4146646421851841,3,6087,1786958417.4543688
0.41516757907582,3,6097,1786958417.9123569
0.41499986102531006,3,6107,1786958418.3652127
0.41506743064771096,3,6117,1786958418.8068235
0.41506046704177196,3,6127,1786958419.2460961
0.4152939487810004,3,6137,1786958419.697421
0.41521909877556523,3,6147,1786958420.1425467
0.4152270140881474,3,6157,1786958420.590326
0.41547313198547237,3,6167,1786958421.0384164
0.41527986282110213,3,6177,1786958421.4796276
0.4150863771999119,3,6187,1786958421.942558
0.41531924593605496,3,6197,1786958422.4234471
0.4156782849162233,3,6207,1786958422.868837
0.4156032032006747,3,6217,1786958423.3098054
0.4156744981196619,3,6227,1786958423.7563188
0.43271190822124483,4,6246,1786958424.5975888
0.4390012502670288,4,6256,1786958425.046413
0.4534424056609472,4,6266,1786958425.5064442
0.4413306288421154,4,6276,1786958425.9621232
0.4344355356693268,4,6286,1786958426.4106529
0.43354154924551647,4,6296,1786958426.862618
0.4256395914724895,4,6306,1786958427.312926
0.4208155795931816,4,6316,1786958427.7631888
0.42420602242151895,4,6326,1786958428.215426
0.41968702226877214,4,6336,1786958428.673346
0.41627319373867727,4,6346,1786958429.1220562
0.4158276165525118,4,6356,1786958429.576891
0.41750278518750117,4,6366,1786958430.0309908
0.4157914928027562,4,6376,1786958430.4881935
0.41518720010916393,4,6386,1786958430.94172
0.4135977869853377,4,6396,1786958431.3913155
0.41725002895383273,4,6406,1786958431.8345244
0.418547574016783,4,6416,1786958432.2932944
0.4178314488185079,4,6426,1786958432.7333918
0.4178608590364456,4,6436,1786958433.1737235
0.41655541516485667,4,6446,1786958433.6265738
0.4299310670657591,4,6456,1786958434.0832148
0.45373746934144393,4,6466,1786958434.526939
0.47106114166478313,4,6476,1786958434.9657354
0.4785898257493973,4,6486,1786958435.4100008
0.48109643700031135,4,6496,1786958435.8500607
0.48045769808468997,4,6506,1786958436.295809
0.4801978330527033,4,6516,1786958436.7646613
0.47799592069510755,4,6526,1786958437.2195919
0.47633796274662016,4,6536,1786958437.663316
0.4755113685323346,4,6546,1786958438.1173494
0.47373702144250274,4,6556,1786958438.5567873
0.4738785709395553,4,6566,1786958439.0092793
0.47291583515265406,4,6576,1786958439.4526477
0.4721403118542262,4,6586,1786958439.902407
0.4706389554672771,4,6596,1786958440.3457813
0.46893619959418836,4,6606,1786958440.7861598
0.4683575024730281,4,6616,1786958441.2325408
0.467478019457597,4,6626,1786958441.6800528
0.4661774234473705,4,6636,1786958442.1525943
0.4653723766164082,4,6646,1786958442.6090806
0.463976129250867,4,6656,1786958443.0648937
0.46351267390472944,4,6666,1786958443.512925
0.4622427154671062,4,6676,1786958443.9609137
0.46155881782372793,4,6686,1786958444.4134114
0.46023644033981403,4,6696,1786958444.8651793
0.4585251844943838,4,6706,1786958445.3258648
0.45824225184818107,4,6716,1786958445.7853513
0.45804443985831983,4,6726,1786958446.2266855
0.4569753070473671,4,6736,1786958446.67417
0.45560496653996263,4,6746,1786958447.129366
0.4557176897732111,4,6756,1786958447.5844097
0.4559421089741419,4,6766,1786958448.0513735
0.4551115586525864,4,6776,1786958448.511374
0.45484744984995235,4,6786,1786958448.9629607
0.45419266865189584,4,6796,1786958449.4224646
0.45314280079645025,4,6806,1786958449.870267
0.45279091393639304,4,6816,1786958450.3234463
0.45333596581624724,4,6826,1786958450.783243
0.4525075611223777,4,6836,1786958451.2413542
0.45189040154218674,4,6846,1786958451.7163203
0.4514730815685564,4,6856,1786958452.1996472
0.4516592350980592,4,6866,1786958452.631103
0.4507440005196258,4,6876,1786958453.0611148
0.45249606671241616,4,6886,1786958453.4964893
0.4519933710721406,4,6896,1786958453.930275
0.4525230075218784,4,6906,1786958454.3721483
0.4523915372569771,4,6916,1786958454.8028176
0.45179800091014394,4,6926,1786958455.2612717
0.45134788728186065,4,6936,1786958455.7302961
0.45115128812235844,4,6946,1786958456.1695087
0.4509034286149674,4,6956,1786958456.6127706
0.4500265718527036,4,6966,1786958457.0483193
0.4500978420110973,4,6976,1786958457.4821868
0.44997349598010383,4,6986,1786958457.9115682
0.44914784684385123,4,6996,1786958458.3415194
0.4519804194956631,4,7006,1786958458.7830906
0.4535284920953787,4,7016,1786958459.2316089
0.4536321320299861,4,7026,1786958459.677843
0.45357155045494435,4,7036,1786958460.1235802
0.45273426279977513,4,7046,1786958460.5658557
0.4523484562046644,4,7056,1786958461.0023055
0.451917288335691,4,7066,1786958461.4379816
0.4514436016302733,4,7076,1786958461.8793163
0.45155840388115714,4,7086,1786958462.3546135
0.4505919131948504,4,7096,1786958462.8083696
0.44952959550180654,4,7106,1786958463.25941
0.44886044624515553,4,7116,1786958463.719055
0.44927953563714296,4,7126,1786958464.1698592
0.44901246632138886,4,7136,1786958464.6222355
0.4484514094807289,4,7146,1786958465.0638793
0.4480782081413528,4,7156,1786958465.5121758
0.4478826922274405,4,7166,1786958465.9661949
0.44769543937229095,4,7176,1786958466.406716
0.44733636280423716,4,7186,1786958466.8662167
0.44697450667930144,4,7196,1786958467.313164
0.4464521711480986,4,7206,1786958467.775437
0.4459848505653897,4,7216,1786958468.2369075
0.4456495552803531,4,7226,1786958468.694276
0.44508527030050754,4,7236,1786958469.1508348
0.44448448834147786,4,7246,1786958469.5931768
0.4443336037590223,4,7256,1786958470.050074
0.4443269835079758,4,7266,1786958470.492415
0.44437250049354937,4,7276,1786958470.9333644
0.4442000805054392,4,7286,1786958471.3735232
0.4435537703616439,4,7296,1786958471.8328187
0.44400085744178186,4,7306,1786958472.3041244
0.4435500396484578,4,7316,1786958472.736301
0.44322008850104216,4,7326,1786958473.1781306
0.4438786168667403,4,7336,1786958473.6195202
0.44567349632312586,4,7346,1786958474.0686514
0.44695347849545736,4,7356,1786958474.523253
0.44721675012755185,4,7366,1786958474.9707785
0.44742590402040566,4,7376,1786958475.407286
0.44758780307095986,4,7386,1786958475.863371
0.4483372258343573,4,7396,1786958476.3034165
0.44961919345152684,4,7406,1786958476.7510905
0.4499526993324191,4,7416,1786958477.2133396
0.45051125810176385,4,7426,1786958477.667488
0.45022304248064754,4,7436,1786958478.1172976
0.4503330531814867,4,7446,1786958478.5624354
0.4504598555139831,4,7456,1786958478.994429
0.45051434637327503,4,7466,1786958479.4323292
0.45033751289931034,4,7476,1786958479.8685224
0.4498894201636314,4,7486,1786958480.3143425
0.4496867097914219,4,7496,1786958480.7560318
0.4494196675776497,4,7506,1786958481.1935208
0.4493484586360864,4,7516,1786958481.6524727
0.44870877105367274,4,7526,1786958482.1428452
0.4482127383695199,4,7536,1786958482.6060827
0.44766936728745016,4,7546,1786958483.0705216
0.44730180828182986,4,7556,1786958483.5327623
0.4472078346556291,4,7566,1786958483.9749453
0.4471452208708471,4,7576,1786958484.420832
0.4470449579534707,4,7586,1786958484.8583934
0.44706993914921495,4,7596,1786958485.302949
0.4472462053390315,4,7606,1786958485.7408268
0.4473825002818004,4,7616,1786958486.2030308
0.44766550976381025,4,7626,1786958486.646505
0.44755739291863783,4,7636,1786958487.0847094
0.44729792658530226,4,7646,1786958487.5243382
0.4474873841963184,4,7656,1786958487.9568937
0.44704851296606596,4,7666,1786958488.39973
0.4466148367048138,4,7676,1786958488.8484757
0.44658641830600543,4,7686,1786958489.2832355
0.44635083839705547,4,7696,1786958489.7316763
0.4464910202792713,4,7706,1786958490.1732287
0.4461665114740262,4,7716,1786958490.625119
0.445440072491265,4,7726,1786958491.0747147
0.44528692357738814,4,7736,1786958491.5288358
0.44506125360332577,4,7746,1786958491.9792297
0.4445983274104564,4,7756,1786958492.4494584
0.4445365897093723,4,7766,1786958492.9011645
0.44421262184714344,4,7776,1786958493.3573265
0.4437558737204921,4,7786,1786958493.7952793
0.38411828875541687,5,7805,1786958494.6346376
0.39837925136089325,5,7815,1786958495.074309
0.3985746135314306,5,7825,1786958495.5209203
0.4107270769774914,5,7835,1786958495.9666345
0.4130956655740738,5,7845,1786958496.4111838
0.40789341976245247,5,7855,1786958496.865248
0.40648113191127777,5,7865,1786958497.324547
0.41411032527685165,5,7875,1786958497.7754838
0.42044497629006705,5,7885,1786958498.216762
0.42098815113306043,5,7895,1786958498.663198
0.4214126012542031,5,7905,1786958499.1105442
0.4187759002049764,5,7915,1786958499.5632825
0.4153053221794275,5,7925,1786958500.0114086
0.41372038487877166,5,7935,1786958500.4582236
0.411387454867363,5,7945,1786958500.899262
0.4100979819893837,5,7955,1786958501.3383048
0.40671210271470687,5,7965,1786958501.7829812
0.40702937295039493,5,7975,1786958502.2618003
0.4045913130044937,5,7985,1786958502.7042432
0.40645679548382757,5,7995,1786958503.1574748
0.40697971596604304,5,8005,1786958503.607057
0.40717450150034645,5,8015,1786958504.0620348
0.4087856846011203,5,8025,1786958504.5131772
0.40724208193520706,5,8035,1786958504.9624052
0.40907482779026033,5,8045,1786958505.4104304
0.4076604637962121,5,8055,1786958505.8678746
0.40858474142021606,5,8065,1786958506.3180084
0.40896584050995965,5,8075,1786958506.7639022
0.40848022832952696,5,8085,1786958507.2065647
0.406504870057106,5,8095,1786958507.6517484
0.4070633623869188,5,8105,1786958508.0990312
0.4070196355693042,5,8115,1786958508.5633142
0.40668438465306256,5,8125,1786958509.0218997
0.40541052748175227,5,8135,1786958509.4820611
0.4056824142592294,5,8145,1786958509.9318302
0.40590542298224236,5,8155,1786958510.3885736
0.405537803430815,5,8165,1786958510.8499904
0.4046143629049,5,8175,1786958511.3178148
0.4071488080116419,5,8185,1786958511.796067
0.407004816532135,5,8195,1786958512.281535
0.4060278455658657,5,8205,1786958512.7304387
0.40458384780656725,5,8215,1786958513.183174
0.4042180925607681,5,8225,1786958513.6514816
0.4037647304209796,5,8235,1786958514.1149113
0.40474752346674603,5,8245,1786958514.5712192
0.40486131744540255,5,8255,1786958515.0302763
0.4052194172080527,5,8265,1786958515.4753613
0.40461680985366305,5,8275,1786958515.921303
0.4037048512271472,5,8285,1786958516.369876
0.40524773505330086,5,8295,1786958516.8213813
0.40454082106258354,5,8305,1786958517.2738163
0.4058394690259145,5,8315,1786958517.7246315
0.40630219452223687,5,8325,1786958518.1679273
0.4053075450162093,5,8335,1786958518.6075003
0.4059402672540058,5,8345,1786958519.0402389
0.4047862203791738,5,8355,1786958519.47759
0.40409025061025955,5,8365,1786958519.910188
0.4038382444145351,5,8375,1786958520.3462212
0.4036682157950886,5,8385,1786958520.784814
0.4034982362637917,5,8395,1786958521.220104
0.40319551578799234,5,8405,1786958521.6525733
0.4030203089839028,5,8415,1786958522.1224263
0.40319906579596654,5,8425,1786958522.5830204
0.4024478752864525,5,8435,1786958523.0443153
0.40245965473926987,5,8445,1786958523.5106986
0.4032765833491629,5,8455,1786958523.9748697
0.403044647667835,5,8465,1786958524.4366717
0.40381782188573306,5,8475,1786958524.8897493
0.4028784165131873,5,8485,1786958525.3494165
0.4027413630272661,5,8495,1786958525.8143246
0.4030091756036584,5,8505,1786958526.277984
0.4029685234237048,5,8515,1786958526.7374015
0.402997385863572,5,8525,1786958527.1674354
0.40271361532646255,5,8535,1786958527.5982115
0.40256375978390374,5,8545,1786958528.0323064
0.4021122664801384,5,8555,1786958528.4716222
0.4021108773428124,5,8565,1786958528.9039948
0.4019189568475271,5,8575,1786958529.3481014
0.4016307709526412,5,8585,1786958529.7924736
0.4014237885735929,5,8595,1786958530.2226346
0.40123666677577996,5,8605,1786958530.6593075
0.40133716658484647,5,8615,1786958531.103811
0.4012535971151777,5,8625,1786958531.5569465
0.40074189601554755,5,8635,1786958532.0044203
0.40083424264893813,5,8645,1786958532.4813786
0.40159607177903484,5,8655,1786958532.929577
0.40178286256803863,5,8665,1786958533.392547
0.40174226772717453,5,8675,1786958533.8504736
0.4022756298773744,5,8685,1786958534.311473
0.4024648209247324,5,8695,1786958534.7760727
0.4022936056767191,5,8705,1786958535.2282114
0.4026683043364597,5,8715,1786958535.6807961
0.40265699988731773,5,8725,1786958536.146209
0.40331211072650364,5,8735,1786958536.606374
0.40369783017196154,5,8745,1786958537.0689964
0.4035887634536872,5,8755,1786958537.5227096
0.4036048247181263,5,8765,1786958537.9853177
0.40424080802773943,5,8775,1786958538.4359996
0.4039676381331502,5,8785,1786958538.8764265
0.404273054882884,5,8795,1786958539.3310964
0.4040590313549089,5,8805,1786958539.7793705
0.403935353238793,5,8815,1786958540.228123
0.40397643060649485,5,8825,1786958540.683116
0.40402948605613065,5,8835,1786958541.128085
0.40486565131516683,5,8845,1786958541.5727777
0.4048220272755848,5,8855,1786958542.0411663
0.40496519515726054,5,8865,1786958542.5071225
0.4050558051439347,5,8875,1786958542.9549122
0.40480304274263734,5,8885,1786958543.3998294
0.40486476932059634,5,8895,1786958543.846998
0.4045659191436596,5,8905,1786958544.2878983
0.40430026685020753,5,8915,1786958544.7509239
0.4043873850750712,5,8925,1786958545.1946278
0.4044386390923408,5,8935,1786958545.6457496
0.40440062568239543,5,8945,1786958546.121375
0.4042680496157243,5,8955,1786958546.5841472
0.40424146521040516,5,8965,1786958547.032543
0.4043971911199012,5,8975,1786958547.4750903
0.4047514404945013,5,8985,1786958547.9283848
0.40475613409032424,5,8995,1786958548.376226
0.40438043944352914,5,9005,1786958548.837984
0.40429844857483616,5,9015,1786958549.3008115
0.4045226048526725,5,9025,1786958549.7452843
0.4048307458599729,5,9035,1786958550.1772842
0.4054250918269157,5,9045,1786958550.603032
0.4056288659690864,5,9055,1786958551.0403347
0.4057900277765717,5,9065,1786958551.4777727
0.405616710789036,5,9075,1786958551.923315
0.4056771062256754,5,9085,1786958552.3936508
0.4059828969492362,5,9095,1786958552.829346
0.40580012203400373,5,9105,1786958553.2670195
0.40565435384033305,5,9115,1786958553.706265
0.4054384864922753,5,9125,1786958554.1516633
0.4050702113824994,5,9135,1786958554.6004128
0.4055704935502123,5,9145,1786958555.0469542
0.40540559306083357,5,9155,1786958555.477813
0.40572801803367853,5,9165,1786958555.9182663
0.4059253951237685,5,9175,1786958556.361135
0.40618911920477163,5,9185,1786958556.8065546
0.40656112314334936,5,9195,1786958557.250287
0.4067929405586939,5,9205,1786958557.6988697
0.40676340413555295,5,9215,1786958558.1372178
0.4067765569249233,5,9225,1786958558.5727215
0.40658336758820546,5,9235,1786958559.0188768
0.4062008592897448,5,9245,1786958559.460448
0.40632374085587997,5,9255,1786958559.90739
0.40617229197503757,5,9265,1786958560.3585823
0.4065844753606094,5,9275,1786958560.803166
0.4063825343579254,5,9285,1786958561.2341762
0.4062723366121451,5,9295,1786958561.6772606
0.40647564247151874,5,9305,1786958562.1486585
0.4063809064363963,5,9315,1786958562.592188
0.40645681466736827,5,9325,1786958563.0375392
0.4062939473270596,5,9335,1786958563.4825165
0.40659500840210144,5,9345,1786958563.918662
0.4760353475809097,6,9364,1786958564.7489038
0.41045591086149213,6,9374,1786958565.185048
0.414185764392217,6,9384,1786958565.627278
0.4191950909793377,6,9394,1786958566.0739439
0.42354371547698977,6,9404,1786958566.5241914
0.4248696987827619,6,9414,1786958566.9561005
0.4226347416639328,6,9424,1786958567.3881345
0.42925775721669196,6,9434,1786958567.8277833
0.43164351847436694,6,9444,1786958568.2726912
0.43768694788217544,6,9454,1786958568.7084575
0.4451352116736499,6,9464,1786958569.1718733
0.4499249987304211,6,9474,1786958569.6113288
0.4492912945839075,6,9484,1786958570.0465076
0.45308040125029425,6,9494,1786958570.4777827
0.45091722965240477,6,9504,1786958570.9133377
0.450031509809196,6,9514,1786958571.3687906
0.4482173025608063,6,9524,1786958571.8388517
0.44781997435622745,6,9534,1786958572.3302472
0.4463396735881504,6,9544,1786958572.7825122
0.4440286983549595,6,9554,1786958573.2382233
0.4449428659109842,6,9564,1786958573.6866918
0.4418161833828146,6,9574,1786958574.1557436
0.43944646871608234,6,9584,1786958574.616342
0.4424460125466188,6,9594,1786958575.0791454
0.44401971697807313,6,9604,1786958575.5255542
0.44343155519320415,6,9614,1786958575.9709315
0.4437143905295266,6,9624,1786958576.419068
0.4413610640381064,6,9634,1786958576.884705
0.440423777288404,6,9644,1786958577.3277926
0.4382948473095894,6,9654,1786958577.7719886
0.43926701997556994,6,9664,1786958578.2096415
0.43764910572208465,6,9674,1786958578.6471953
0.4351945405205091,6,9684,1786958579.087097
0.4344595740384915,6,9694,1786958579.5232296
0.4330359952364649,6,9704,1786958579.9614577
0.4320980219791333,6,9714,1786958580.4132793
0.4310732183021468,6,9724,1786958580.8513343
0.43003358629189037,6,9734,1786958581.2981045
0.429016145834556,6,9744,1786958581.7383645
0.4286982248723507,6,9754,1786958582.2287896
0.42919856724215716,6,9764,1786958582.689698
0.4285758938817751,6,9774,1786958583.1474485
0.42759048574885655,6,9784,1786958583.6019318
0.42702442827549847,6,9794,1786958584.0572908
0.42616948028405505,6,9804,1786958584.5077713
0.4254496087198672,6,9814,1786958584.9572134
0.4253557647796387,6,9824,1786958585.4194496
0.42489095715185005,6,9834,1786958585.8830802
0.4248515517735968,6,9844,1786958586.3456986
0.4248042431473732,6,9854,1786958586.7944062
0.42429309271129906,6,9864,1786958587.2395682
0.4234958157516443,6,9874,1786958587.6715622
0.4229316023723134,6,9884,1786958588.0953953
0.4233322561890991,6,9894,1786958588.528473
0.42272062892263584,6,9904,1786958588.9740953
0.4215768736920186,6,9914,1786958589.4182768
0.420912618856681,6,9924,1786958589.8602126
0.4210320509713272,6,9934,1786958590.2951348
0.4225285798816358,6,9944,1786958590.7272425
0.4222728000084559,6,9954,1786958591.1659417
0.4215511877517231,6,9964,1786958591.598342
0.4211559615788921,6,9974,1786958592.0469108
0.42042163894290013,6,9984,1786958592.5100255
0.42128758020699025,6,9994,1786958592.9424317
0.4217367017727632,6,10004,1786958593.3793833
0.42120775097247326,6,10014,1786958593.8112154
0.42129499316215513,6,10024,1786958594.276489
0.42043095700004524,6,10034,1786958594.730425
0.42015271990195563,6,10044,1786958595.185491
0.4207674748131207,6,10054,1786958595.6440446
0.42106315762224333,6,10064,1786958596.1033175
0.4206442587077618,6,10074,1786958596.5592706
0.42066537194872555,6,10084,1786958597.0143054
0.42034274085953427,6,10094,1786958597.4714031
0.4202453223466873,6,10104,1786958597.9294436
0.41925227802835013,6,10114,1786958598.3914096
0.4195825997111085,6,10124,1786958598.8445091
0.4191534685782897,6,10134,1786958599.2969224
0.41921880196166944,6,10144,1786958599.7396796
0.41940356481820346,6,10154,1786958600.1810472
0.41868226211748005,6,10164,1786958600.6282063
0.41896791469033173,6,10174,1786958601.0619147
0.41867838641965244,6,10184,1786958601.4968474
0.41830370990293364,6,10194,1786958601.9587498
0.41778396452174466,6,10204,1786958602.4434206
0.41793100106161696,6,10214,1786958602.898447
0.4179747101904332,6,10224,1786958603.348886
0.4175873114642772,6,10234,1786958603.796331
0.4178540709983097,6,10244,1786958604.2475924
0.41834483861923216,6,10254,1786958604.699798
0.41826858477933065,6,10264,1786958605.1526396
0.4177177167457083,6,10274,1786958605.5985405
0.4179820509687547,6,10284,1786958606.0482116
0.4174883799032962,6,10294,1786958606.5062652
0.4168878408795909,6,10304,1786958606.962374
0.41703809921940166,6,10314,1786958607.418254
0.4180026919878635,6,10324,1786958607.8697875
0.4179850004157242,6,10334,1786958608.3123293
0.4190383421953278,6,10344,1786958608.756334
0.4191915674507618,6,10354,1786958609.2027044
0.41898022736653245,6,10364,1786958609.6434896
0.41909549420370773,6,10374,1786958610.0766675
0.4185852195163375,6,10384,1786958610.533085
0.41828879427451354,6,10394,1786958610.9866662
0.4186998769499007,6,10404,1786958611.4443493
0.41835215395351627,6,10414,1786958611.881759
0.4185345470348251,6,10424,1786958612.348621
0.4182323273133349,6,10434,1786958612.7907608
0.4180332627318321,6,10444,1786958613.2293153
0.4179138523340225,6,10454,1786958613.6683843
0.4179710455574431,6,10464,1786958614.1216428
0.4179516905120441,6,10474,1786958614.568941
0.4185691030679551,6,10484,1786958615.0142457
0.41876990755921917,6,10494,1786958615.463556
0.418872763618179,6,10504,1786958615.9113512
0.41902607206640574,6,10514,1786958616.3621306
0.41932096952556547,6,10524,1786958616.8120117
0.4196044622588966,6,10534,1786958617.2637632
0.41958428228101813,6,10544,1786958617.7154303
0.41943133066097893,6,10554,1786958618.1648302
0.41895028562092584,6,10564,1786958618.60749
0.4187192378229782,6,10574,1786958619.0573554
0.418500156034299,6,10584,1786958619.502913
0.4184235702358907,6,10594,1786958619.9404032
0.4187248749256134,6,10604,1786958620.3854914
0.4188984884629174,6,10614,1786958620.8284757
0.41918507821447265,6,10624,1786958621.2604063
0.41952197735663505,6,10634,1786958621.7013059
0.4203148580798807,6,10644,1786958622.1800232
0.4200999165727542,6,10654,1786958622.6218636
0.4200068213102472,6,10664,1786958623.0705247
0.4201678751770294,6,10674,1786958623.5288017
0.4204605411093934,6,10684,1786958623.9729726
0.4207486293431538,6,10694,1786958624.403935
0.42075066347916923,6,10704,1786958624.8507514
0.42104668902123676,6,10714,1786958625.302856
0.4215162791692427,6,10724,1786958625.7509265
0.4215144265821015,6,10734,1786958626.1889827
0.42147953947671024,6,10744,1786958626.6331558
0.4214033569501979,6,10754,1786958627.1590872
0.42131625975066045,6,10764,1786958627.6095316
0.420894061186364,6,10774,1786958628.0539927
0.42048728719249473,6,10784,1786958628.4971485
0.42072740715617934,6,10794,1786958628.9454098
0.4206542732283987,6,10804,1786958629.3934433
0.4209315907975582,6,10814,1786958629.837783
0.4208968699688003,6,10824,1786958630.2867346
0.42110287777676775,6,10834,1786958630.7280464
0.42143143122428217,6,10844,1786958631.168239
0.4217484177052975,6,10854,1786958631.6381843
0.4223453977940888,6,10864,1786958632.1215405
0.4224101886055187,6,10874,1786958632.580238
0.42270230420079885,6,10884,1786958633.035775
0.4226288855946683,6,10894,1786958633.4870715
0.4226831698129254,6,10904,1786958633.946191
0.3833506256341934,7,10923,1786958634.8236952
0.37358060032129287,7,10933,1786958635.3008392
0.3753538548946381,7,10943,1786958635.7674036
0.3850338593125343,7,10953,1786958636.2313669
0.39105550944805145,7,10963,1786958636.6985168
0.39761772056420647,7,10973,1786958637.193179
0.40019899691854205,7,10983,1786958637.6643603
0.39676344618201254,7,10993,1786958638.141286
0.39434684647454155,7,11003,1786958638.6212213
0.39829932898283005,7,11013,1786958639.088044
0.3990607151930982,7,11023,1786958639.5608761
0.39883038563032946,7,11033,1786958640.0214486
0.4004154866704574,7,11043,1786958640.490419
0.40347397955400605,7,11053,1786958640.946808
0.4043977529803912,7,11063,1786958641.4022486
0.4135376145131886,7,11073,1786958641.8625305
0.4171149286277154,7,11083,1786958642.340757
0.4175627540383074,7,11093,1786958642.7942712
0.4183471572242285,7,11103,1786958643.2399304
0.4170533426851034,7,11113,1786958643.690574
0.4154043950495266,7,11123,1786958644.1489582
0.42162259810350156,7,11133,1786958644.6038342
0.4290664632035338,7,11143,1786958645.0464554
0.4388378670439124,7,11153,1786958645.4876304
0.44932890361547473,7,11163,1786958645.9447093
0.45212658729690774,7,11173,1786958646.3828247
0.4577787575346452,7,11183,1786958646.834431
0.462364374473691,7,11193,1786958647.2975862
0.4648901031448923,7,11203,1786958647.74281
0.4714505994816621,7,11213,1786958648.1808097
0.4736406714204819,7,11223,1786958648.6149192
0.4754034803714603,7,11233,1786958649.0574777
0.4748688161824689,7,11243,1786958649.5104055
0.47734316863557874,7,11253,1786958649.9567976
0.4769873062627656,7,11263,1786958650.3986962
0.47675057090818884,7,11273,1786958650.8325417
0.4771591115239504,7,11283,1786958651.2688904
0.4755147928862195,7,11293,1786958651.7023826
0.47413807530433705,7,11303,1786958652.170985
0.4721314113214612,7,11313,1786958652.6148329
0.4733402192229178,7,11323,1786958653.0599613
0.47473359636607626,7,11333,1786958653.4965398
0.4745091622998548,7,11343,1786958653.9297087
0.47324688397347925,7,11353,1786958654.371581
0.4736858939131101,7,11363,1786958654.8112504
0.47525937839046767,7,11373,1786958655.256445
0.47501145331783495,7,11383,1786958655.702043
0.4747218729617695,7,11393,1786958656.147378
0.4740605774886754,7,11403,1786958656.5924726
0.4740860812962055,7,11413,1786958657.0381672
0.4730198332784223,7,11423,1786958657.5008016
0.4714429706048507,7,11433,1786958657.9489331
0.4701744016330197,7,11443,1786958658.40643
0.47062106968628037,7,11453,1786958658.8693132
0.47024478015574545,7,11463,1786958659.332371
0.46938380277050396,7,11473,1786958659.7914898
0.46833967474991817,7,11483,1786958660.2464879
0.46703249208372216,7,11493,1786958660.6912653
0.466428835993096,7,11503,1786958661.1474411
0.46625558686753116,7,11513,1786958661.624932
0.4659135665805613,7,11523,1786958662.1058896
0.46526108314433406,7,11533,1786958662.557369
0.46439202236277716,7,11543,1786958663.0048575
0.46334239665884525,7,11553,1786958663.447395
0.46194579355991805,7,11563,1786958663.8905003
0.46099047699209417,7,11573,1786958664.3404555
0.46024106253883734,7,11583,1786958664.7827897
0.4593758000827887,7,11593,1786958665.2253847
0.45859687481669414,7,11603,1786958665.661855
0.4578633862946715,7,11613,1786958666.0942564
0.45755520313978193,7,11623,1786958666.5345094
0.4572488582175639,7,11633,1786958666.9833415
0.45656886866239654,7,11643,1786958667.4372733
0.45646211692207567,7,11653,1786958667.879456
0.45677219293514887,7,11663,1786958668.3364398
0.4601947048188824,7,11673,1786958668.7677903
0.46063115753523715,7,11683,1786958669.2178957
0.4624244713821472,7,11693,1786958669.6697128
0.4629485325911377,7,11703,1786958670.1183157
0.4621597610972822,7,11713,1786958670.559034
0.4629796294702424,7,11723,1786958671.005575
0.4625085632430344,7,11733,1786958671.4542017
0.462201610584575,7,11743,1786958671.905719
0.46169057291533266,7,11753,1786958672.3856547
0.4618198465775041,7,11763,1786958672.8342912
0.4616739597951257,7,11773,1786958673.2901738
0.460691145182341,7,11783,1786958673.7283113
0.45986430362205616,7,11793,1786958674.1597698
0.4597847072093674,7,11803,1786958674.6006758
0.4593260710272524,7,11813,1786958675.0447733
0.4589023949516999,7,11823,1786958675.4760597
0.45836615306527717,7,11833,1786958675.920603
0.4578131511326759,7,11843,1786958676.365725
0.45757736541489336,7,11853,1786958676.8086596
0.4571156823007684,7,11863,1786958677.251421
0.45710033824046453,7,11873,1786958677.693075
0.456501677048575,7,11883,1786958678.13541
0.4571628088853797,7,11893,1786958678.586991
0.45720329757290656,7,11903,1786958679.0486658
0.45699195232987405,7,11913,1786958679.494656
0.4569972606578676,7,11923,1786958679.9276664
0.45681401272030436,7,11933,1786958680.3654525
0.45685231668277854,7,11943,1786958680.8012857
0.45659013605461674,7,11953,1786958681.2484877
0.4563443544932774,7,11963,1786958681.7042775
0.45706968321552816,7,11973,1786958682.1928031
0.4581184777979539,7,11983,1786958682.6354606
0.45887054828581986,7,11993,1786958683.080031
0.4617608054242003,7,12003,1786958683.5237343
0.4640870901400393,7,12013,1786958683.9716566
0.46494428405353616,7,12023,1786958684.4190297
0.4704928246725883,7,12033,1786958684.8648717
0.47270636769522606,7,12043,1786958685.3005836
0.4736805989815478,7,12053,1786958685.738353
0.47413712187953616,7,12063,1786958686.1843805
0.4749500766139606,7,12073,1786958686.6239383
0.47489229596068716,7,12083,1786958687.0653968
0.47540818611949176,7,12093,1786958687.5147343
0.4755374139346996,7,12103,1786958687.954227
0.4756181324273348,7,12113,1786958688.399499
0.47550830405113126,7,12123,1786958688.8493674
0.4762900709373052,7,12133,1786958689.303463
0.4763602584842744,7,12143,1786958689.761811
0.47654242121404217,7,12153,1786958690.2158942
0.4768291424036026,7,12163,1786958690.6738472
0.4767225552172888,7,12173,1786958691.1084971
0.4768221054490157,7,12183,1786958691.5658514
0.4769997514085844,7,12193,1786958692.0230825
0.47685256205325904,7,12203,1786958692.503224
0.4767149873192494,7,12213,1786958692.9449193
0.47688943714130927,7,12223,1786958693.3983827
0.47654370430744053,7,12233,1786958693.835285
0.4760369332661306,7,12243,1786958694.2744012
0.47550535293212576,7,12253,1786958694.7072954
0.4756098873085446,7,12263,1786958695.1419039
0.47577405396629785,7,12273,1786958695.5847218
0.47529155788195393,7,12283,1786958696.035648
0.47484547934238464,7,12293,1786958696.4850159
0.47456271371824277,7,12303,1786958696.9253812
0.47434885697705403,7,12313,1786958697.3680978
0.47408666972150193,7,12323,1786958697.8118753
0.4736841650286191,7,12333,1786958698.2521951
0.4746263723898601,7,12343,1786958698.6967561
0.4747349536460307,7,12353,1786958699.1416428
0.476198099769395,7,12363,1786958699.57348
0.4765066072753031,7,12373,1786958699.999758
0.4763864886801259,7,12383,1786958700.432472
0.4764405529644038,7,12393,1786958700.8676279
0.4765852853355792,7,12403,1786958701.326393
0.4767684529821078,7,12413,1786958701.783864
0.4769289869741099,7,12423,1786958702.2612522
0.476664466254021,7,12433,1786958702.7064512
0.4762525019302867,7,12443,1786958703.1479824
0.47659288896368696,7,12453,1786958703.5906847
0.47647334571807615,7,12463,1786958704.0435078
0.48582973182201383,8,12482,1786958704.9173338
0.46903555989265444,8,12492,1786958705.3622808
0.4606913894414902,8,12502,1786958705.8025372
0.44271721243858336,8,12512,1786958706.2413554
0.4348605179786682,8,12522,1786958706.6818547
0.43663386851549146,8,12532,1786958707.1134768
0.429815520133291,8,12542,1786958707.5671058
0.4334222890436649,8,12552,1786958708.0089843
0.43660931918356155,8,12562,1786958708.4438694
0.4392558968067169,8,12572,1786958708.8859403
0.441323950344866,8,12582,1786958709.3382726
0.44111920644839603,8,12592,1786958709.7808893
0.44148415074898645,8,12602,1786958710.2285366
0.44035397746733257,8,12612,1786958710.6751628
0.4360966181755066,8,12622,1786958711.1199198
0.43762684147804976,8,12632,1786958711.567808
0.4382540259291144,8,12642,1786958712.018828
0.43953642679585353,8,12652,1786958712.503032
0.43843895651792225,8,12662,1786958712.9501543
0.4379624277353287,8,12672,1786958713.403889
0.4365753891922179,8,12682,1786958713.8424647
0.4365715819326314,8,12692,1786958714.2835836
0.4360802700986033,8,12702,1786958714.7232053
0.4357352285335461,8,12712,1786958715.1604388
0.43608947801589965,8,12722,1786958715.6024346
0.43589994127933795,8,12732,1786958716.0403106
0.43388939025225465,8,12742,1786958716.4774892
0.4334209044064794,8,12752,1786958716.9121604
0.4327381469052413,8,12762,1786958717.3567033
0.43192670146624246,8,12772,1786958717.790511
0.4320123457139538,8,12782,1786958718.2376707
0.4304665118455887,8,12792,1786958718.6801062
0.42889947051351723,8,12802,1786958719.1322634
0.42692042668076124,8,12812,1786958719.5715072
0.42641131562846046,8,12822,1786958720.002835
0.4262914470500416,8,12832,1786958720.4441662
0.4263357171335736,8,12842,1786958720.8764405
0.4247843110247662,8,12852,1786958721.316217
0.424523012760358,8,12862,1786958721.7796905
0.42418087504804136,8,12872,1786958722.2622674
0.42415483266842074,8,12882,1786958722.7073083
0.4246240738601912,8,12892,1786958723.1452184
0.425424118443977,8,12902,1786958723.5905
0.4258928536014123,8,12912,1786958724.032327
0.4266752939754062,8,12922,1786958724.4836988
0.42788265295650646,8,12932,1786958724.9385808
0.42796619306219386,8,12942,1786958725.3824317
0.4278793743501107,8,12952,1786958725.8224306
0.42788802701599743,8,12962,1786958726.2661166
0.4267254273295403,8,12972,1786958726.7098656
0.426404085930656,8,12982,1786958727.1571715
0.426594354556157,8,12992,1786958727.6186957
0.42545232851550263,8,13002,1786958728.093517
0.4256063914961285,8,13012,1786958728.553229
0.4253386356613853,8,13022,1786958728.9883225
0.42498999780842234,8,13032,1786958729.4325962
0.4245745935460977,8,13042,1786958729.877048
0.42424482276727415,8,13052,1786958730.3308153
0.4235272051419242,8,13062,1786958730.7808452
0.42305183976888655,8,13072,1786958731.2197008
0.4219580207691818,8,13082,1786958731.6784348
0.42114483702086636,8,13092,1786958732.1739647
0.4209811730753808,8,13102,1786958732.6327212
0.4204264310421422,8,13112,1786958733.0884683
0.4202274684034861,8,13122,1786958733.5595202
0.4199919408695264,8,13132,1786958734.0122082
0.41981932136105066,8,13142,1786958734.4799824
0.4203588929465588,8,13152,1786958734.9215288
0.41976946132338566,8,13162,1786958735.367081
0.4196516720099109,8,13172,1786958735.814152
0.4201997579613202,8,13182,1786958736.265153
0.42003307199726503,8,13192,1786958736.7164695
0.42028025549976794,8,13202,1786958737.160137
0.41969373904772705,8,13212,1786958737.6141596
0.41926348131895064,8,13222,1786958738.054557
0.4189962041025099,8,13232,1786958738.5131469
0.4194425504896548,8,13242,1786958738.9663005
0.4195768762857486,8,13252,1786958739.4134066
0.41926791686800463,8,13262,1786958739.8482895
0.4187083660624921,8,13272,1786958740.2830884
0.41844741806939795,8,13282,1786958740.7203386
0.41829391076433947,8,13292,1786958741.1501377
0.4179365096501557,8,13302,1786958741.5972862
0.41793939111133416,8,13312,1786958742.0527546
0.4175458135499674,8,13322,1786958742.5153966
0.4175700090479019,8,13332,1786958742.9631426
0.41739020965907764,8,13342,1786958743.40987
0.41698791305111216,8,13352,1786958743.8550398
0.416704198031613,8,13362,1786958744.3016646
0.41680130138993265,8,13372,1786958744.7583077
0.41625383226098595,8,13382,1786958745.200759
0.4160132775650076,8,13392,1786958745.6478677
0.4159952234677089,8,13402,1786958746.0850854
0.41588102120985376,8,13412,1786958746.520532
0.41607433069693417,8,13422,1786958746.9649467
0.416066454583779,8,13432,1786958747.401454
0.4158335418891661,8,13442,1786958747.8476522
0.4156548425707282,8,13452,1786958748.2991743
0.41601489883179615,8,13462,1786958748.7416496
0.4161803917437792,8,13472,1786958749.1819727
0.4164672366610848,8,13482,1786958749.6235788
0.41642497674215073,8,13492,1786958750.0768585
0.41620844171463867,8,13502,1786958750.5219827
0.41665514102922035,8,13512,1786958750.961103
0.4167912386428742,8,13522,1786958751.41258
0.4164261852795223,8,13532,1786958751.8643274
0.41606302673571577,8,13542,1786958752.3343906
0.41602245111156394,8,13552,1786958752.781111
0.4158051068082862,8,13562,1786958753.2300644
0.41586539859121496,8,13572,1786958753.6831625
0.4158296997482712,8,13582,1786958754.1203341
0.4162375005494271,8,13592,1786958754.5684085
0.4162262477442227,8,13602,1786958755.0132124
0.4166344026724497,8,13612,1786958755.4534855
0.4171457297905632,8,13622,1786958755.9054625
0.4167944641462688,8,13632,1786958756.3592784
0.416373358004623,8,13642,1786958756.7995117
0.41591886060975364,8,13652,1786958757.2412872
0.41606513498460546,8,13662,1786958757.685125
0.41602921437472107,8,13672,1786958758.1233168
0.4156965020890078,8,13682,1786958758.58048
0.4157512958298941,8,13692,1786958759.0264263
0.4156562366984724,8,13702,1786958759.4874887
0.41546182578369495,8,13712,1786958759.9360726
0.41521706076860426,8,13722,1786958760.380758
0.41496045072636906,8,13732,1786958760.820184
0.41477902763941155,8,13742,1786958761.2532196
0.41443806590978055,8,13752,1786958761.7070053
0.4140810831110607,8,13762,1786958762.1874096
0.41386623416955653,8,13772,1786958762.6387537
0.413553440457082,8,13782,1786958763.0838377
0.41346289878993325,8,13792,1786958763.5274963
0.41310046841775566,8,13802,1786958763.9642024
0.4129552403492714,8,13812,1786958764.414163
0.4128195884051146,8,13822,1786958764.86613
0.41317234405261627,8,13832,1786958765.3063428
0.413609694586183,8,13842,1786958765.7397547
0.4132398258084836,8,13852,1786958766.171832
0.41362168523047466,8,13862,1786958766.6335864
0.41361040587936126,8,13872,1786958767.0904858
0.4135083058835767,8,13882,1786958767.5505643
0.41337523580017227,8,13892,1786958768.0050678
0.4136019362436308,8,13902,1786958768.4698036
0.41354891542966166,8,13912,1786958768.9177835
0.4135716399344905,8,13922,1786958769.3785954
0.4135677848266412,8,13932,1786958769.8404937
0.41357799692421543,8,13942,1786958770.296634
0.41326271127406006,8,13952,1786958770.7523413
0.4128064045470033,8,13962,1786958771.2094448
0.4126964031755924,8,13972,1786958771.6758726
0.41265034648953686,8,13982,1786958772.1734228
0.4125020113332491,8,13992,1786958772.633838
0.4126905797840723,8,14002,1786958773.085306
0.41273767883320905,8,14012,1786958773.5335708
0.4126988383935344,8,14022,1786958773.982594
0.36656824946403505,9,14041,1786958774.815358
0.39581703692674636,9,14051,1786958775.2524605
0.3981241355339686,9,14061,1786958775.6826591
0.39329604133963586,9,14071,1786958776.115462
0.4042842024564743,9,14081,1786958776.5541742
0.3990257879098256,9,14091,1786958776.9971864
0.3990654136453356,9,14101,1786958777.4374323
0.39702284522354603,9,14111,1786958777.8771977
0.40243472125795154,9,14121,1786958778.3118968
0.3984684182703495,9,14131,1786958778.7524354
0.3958889669992707,9,14141,1786958779.193506
0.3990530360490084,9,14151,1786958779.6465042
0.39942094420011226,9,14161,1786958780.0920162
0.3985488320035594,9,14171,1786958780.5330746
0.3988235438863436,9,14181,1786958780.9707668
0.4023165968246758,9,14191,1786958781.4061441
0.400605125988231,9,14201,1786958781.862327
0.4027498172389136,9,14211,1786958782.3443806
0.40354110096630297,9,14221,1786958782.7948024
0.40414649561047555,9,14231,1786958783.2325177
0.40439173117989585,9,14241,1786958783.6702797
0.402608659253879,9,14251,1786958784.1213913
0.4032005923597709,9,14261,1786958784.5605788
0.4042527507369717,9,14271,1786958785.0110826
0.40594257670640943,9,14281,1786958785.4594853
0.40597967385099487,9,14291,1786958785.890844
0.40512174053324596,9,14301,1786958786.3264675
0.4052637774497271,9,14311,1786958786.7686357
0.4055373447208569,9,14321,1786958787.208784
0.4056547514597575,9,14331,1786958787.6473043
0.4061650981826167,9,14341,1786958788.0837739
0.4038436859846115,9,14351,1786958788.533246
0.4027555751981157,9,14361,1786958788.9709387
0.4024935031638426,9,14371,1786958789.4139464
0.40420165496213095,9,14381,1786958789.8462603
0.40376298965679275,9,14391,1786958790.2807014
0.40424849552077213,9,14401,1786958790.726949
0.40433757187504515,9,14411,1786958791.1689374
0.40500691785262183,9,14421,1786958791.6067133
0.40391810290515423,9,14431,1786958792.0695267
0.40313842013114837,9,14441,1786958792.5288553
0.404146451822349,9,14451,1786958792.965171
0.40413294094939567,9,14461,1786958793.411531
0.40389405956322494,9,14471,1786958793.856271
0.40424210647741954,9,14481,1786958794.3033988
0.40372958027798195,9,14491,1786958794.749449
0.4049667556235131,9,14501,1786958795.1910005
0.4045462353775899,9,14511,1786958795.6309776
0.4047644009395521,9,14521,1786958796.0734782
0.4042445877790451,9,14531,1786958796.522101
0.4054007952704149,9,14541,1786958796.9684768
0.4074142390718827,9,14551,1786958797.4350767
0.41080841332111717,9,14561,1786958797.8803196
0.4138341282804807,9,14571,1786958798.3279903
0.4175805886767127,9,14581,1786958798.7754173
0.4190276859594243,9,14591,1786958799.2294564
0.4225093726526227,9,14601,1786958799.6785026
0.4271407866272433,9,14611,1786958800.1172671
0.4324501460891659,9,14621,1786958800.562832
0.43670410543680194,9,14631,1786958801.0082314
0.4405441851889501,9,14641,1786958801.448808
0.44220476289910654,9,14651,1786958801.9002979
0.44332193249747864,9,14661,1786958802.39215
0.4444362123962492,9,14671,1786958802.8421867
0.4456255138378877,9,14681,1786958803.2859807
0.44597843745441146,9,14691,1786958803.7306542
0.4466552487060205,9,14701,1786958804.173638
0.44629230153034716,9,14711,1786958804.6196816
0.44619204108265864,9,14721,1786958805.0664015
0.4455750158854893,9,14731,1786958805.525034
0.44550605693333584,9,14741,1786958805.972449
0.4457589282343785,9,14751,1786958806.412714
0.4457961272295207,9,14761,1786958806.854814
0.4454512587672955,9,14771,1786958807.3017871
0.44463403916358946,9,14781,1786958807.74356
0.4445692849786658,9,14791,1786958808.1873717
0.44421823469849375,9,14801,1786958808.637747
0.44369070346538836,9,14811,1786958809.0775588
0.4433921335995952,9,14821,1786958809.5238333
0.4425597924366593,9,14831,1786958809.9615204
0.44192959048129893,9,14841,1786958810.4101267
0.4417148743097375,9,14851,1786958810.8603036
0.4419249982718962,9,14861,1786958811.3305728
0.4415615154873757,9,14871,1786958811.8017287
0.4416865608622046,9,14881,1786958812.269503
0.44123845561299213,9,14891,1786958812.7134745
0.4404328577134801,9,14901,1786958813.1518202
0.4398320153186267,9,14911,1786958813.607559
0.4390865466065621,9,14921,1786958814.0603921
0.43865991771221163,9,14931,1786958814.5005863
0.43821620980461873,9,14941,1786958814.9542282
0.437933826867653,9,14951,1786958815.3973498
0.4373570958132385,9,14961,1786958815.8364139
0.4369076799839101,9,14971,1786958816.278377
0.43659778027158036,9,14981,1786958816.7309625
0.43656192229439816,9,14991,1786958817.1790588
0.43732080739183526,9,15001,1786958817.6214728
0.4372807316025909,9,15011,1786958818.0605416
0.4373354832632373,9,15021,1786958818.5146754
0.4369677108824253,9,15031,1786958818.9572742
0.4363267980294652,9,15041,1786958819.4108248
0.43644416352697446,9,15051,1786958819.8674583
0.4362512338219337,9,15061,1786958820.3187752
0.4364033354589572,9,15071,1786958820.7660718
0.4360560702426093,9,15081,1786958821.2022896
0.43623837173547386,9,15091,1786958821.6441922
0.4361618616313578,9,15101,1786958822.127997
0.43528021998979427,9,15111,1786958822.5795014
0.43481564568270237,9,15121,1786958823.0262506
0.43488618495789444,9,15131,1786958823.4711158
0.43474814918664123,9,15141,1786958823.9127896
0.43450323824903797,9,15151,1786958824.355933
0.4343219042615553,9,15161,1786958824.7937899
0.4341785111971069,9,15171,1786958825.2431965
0.4343703131831211,9,15181,1786958825.6936865
0.4345231033347804,9,15191,1786958826.1372175
0.434650613533126,9,15201,1786958826.574523
0.43461361105664303,9,15211,1786958827.0119977
0.43467165960484194,9,15221,1786958827.457605
0.43470986696581043,9,15231,1786958827.8972373
0.4344931913062561,9,15241,1786958828.3413372
0.4342979306813146,9,15251,1786958828.7891681
0.4338863343000412,9,15261,1786958829.2420504
0.4336274747646624,9,15271,1786958829.6862304
0.4332421656370163,9,15281,1786958830.1200883
0.4330764562601135,9,15291,1786958830.5685039
0.43269967342924887,9,15301,1786958831.0152843
0.4324883288471028,9,15311,1786958831.478937
0.4323017471058424,9,15321,1786958831.9290411
0.431990061218922,9,15331,1786958832.4069972
0.4315340265062929,9,15341,1786958832.852832
0.43154533778627713,9,15351,1786958833.2956464
0.43122964725458535,9,15361,1786958833.7481837
0.4312461847467209,9,15371,1786958834.2034214
0.4309940414075498,9,15381,1786958834.6557484
0.4307717736591311,9,15391,1786958835.0930061
0.4303943061263022,9,15401,1786958835.5324311
0.430191718948924,9,15411,1786958835.9649704
0.42978645811835636,9,15421,1786958836.410097
0.42981696722762924,9,15431,1786958836.8568747
0.42950913354437403,9,15441,1786958837.3074543
0.4289775899178545,9,15451,1786958837.7515054
0.4286707570919624,9,15461,1786958838.184449
0.42845238813509545,9,15471,1786958838.6334002
0.4281306848032721,9,15481,1786958839.0758944
0.4278601550688482,9,15491,1786958839.5289626
0.42751911450810987,9,15501,1786958839.978052
0.4275005523820181,9,15511,1786958840.42324
0.4274192330621233,9,15521,1786958840.8639731
0.42734670013189313,9,15531,1786958841.2993135
0.4275559478248192,9,15541,1786958841.7416458
0.4277877155691385,9,15551,1786958842.2306597
0.42761245110845253,9,15561,1786958842.6704435
0.4271820292844401,9,15571,1786958843.1234913
0.4271838952841297,9,15581,1786958843.5703511
