train/loss,epoch,step,timestamp
2.0966897130012514,0,10,1786960289.7247844
1.4288370251655578,0,20,1786960290.1587272
1.1223259011904398,0,30,1786960290.594304
0.9710839159786702,0,40,1786960291.0267305
0.8816251790523529,0,50,1786960291.4584346
0.8125014767050743,0,60,1786960291.9220169
0.7704257015671049,0,70,1786960292.394023
0.733521506562829,0,80,1786960292.8397827
0.7076061692502763,0,90,1786960293.2760997
0.686385245025158,0,100,1786960293.7242174
0.6665793548930775,0,110,1786960294.1715157
0.6516669377684593,0,120,1786960294.6302414
0.6369694645588214,0,130,1786960295.0762727
0.630859324336052,0,140,1786960295.5288794
0.6216147714853286,0,150,1786960295.9764497
0.6094445176422596,0,160,1786960296.4243326
0.59992116531905,0,170,1786960296.8756323
0.5900914226969083,0,180,1786960297.3323793
0.5852374070569089,0,190,1786960297.7853894
0.5808929504454136,0,200,1786960298.226681
0.5734946493591581,0,210,1786960298.667645
0.569074600528587,0,220,1786960299.1162834
0.5629561507183573,0,230,1786960299.5605485
0.5603513352572917,0,240,1786960299.9932582
0.554041398525238,0,250,1786960300.4349177
0.5513940106217677,0,260,1786960300.871963
0.5464929744049355,0,270,1786960301.307693
0.540840874080147,0,280,1786960301.748186
0.5387006097826464,0,290,1786960302.2183125
0.5364904779195786,0,300,1786960302.6543436
0.5353817280261747,0,310,1786960303.0884805
0.5318672055378556,0,320,1786960303.5296218
0.5277704172965252,0,330,1786960303.977283
0.5261113790904774,0,340,1786960304.41124
0.5236984782559531,0,350,1786960304.881138
0.5208232138719824,0,360,1786960305.3208282
0.5193125330113076,0,370,1786960305.762113
0.5167745517272698,0,380,1786960306.2119381
0.5156057105614589,0,390,1786960306.661158
0.5134419103711844,0,400,1786960307.1113238
0.5104169549738489,0,410,1786960307.5524492
0.5092343165760949,0,420,1786960308.0018792
0.5072411734004353,0,430,1786960308.4455492
0.503101878410036,0,440,1786960308.8872042
0.49947698858049183,0,450,1786960309.3283386
0.49747960071848785,0,460,1786960309.7681653
0.49619922431859564,0,470,1786960310.2010677
0.49400946910803517,0,480,1786960310.642635
0.492809127818565,0,490,1786960311.0771363
0.49196523424983024,0,500,1786960311.531096
0.48986218007756216,0,510,1786960311.97775
0.4879184338622368,0,520,1786960312.4468892
0.48597357174697914,0,530,1786960312.8887255
0.4850689212757128,0,540,1786960313.333543
0.48339593825015154,0,550,1786960313.783765
0.48233487326651814,0,560,1786960314.2269614
0.4804202128659215,0,570,1786960314.6706934
0.4780376492646234,0,580,1786960315.1173937
0.4775739639239796,0,590,1786960315.5721889
0.47609770101805526,0,600,1786960316.0062046
0.4750026786180793,0,610,1786960316.4443738
0.47425544706563794,0,620,1786960316.8733184
0.47235518814552396,0,630,1786960317.3229241
0.4708415190922096,0,640,1786960317.7798364
0.47001181027063954,0,650,1786960318.2290168
0.4696035222799489,0,660,1786960318.6795394
0.4693637789407773,0,670,1786960319.1425812
0.46854075616335167,0,680,1786960319.610377
0.4675599220222321,0,690,1786960320.063853
0.46695620445268493,0,700,1786960320.517094
0.46636131198053626,0,710,1786960320.9687243
0.4652703892232643,0,720,1786960321.439639
0.46446244530890085,0,730,1786960321.9124303
0.46283342284527984,0,740,1786960322.4086463
0.4627337654630343,0,750,1786960322.862504
0.46212303914914005,0,760,1786960323.3167486
0.46117215398457145,0,770,1786960323.7837756
0.4607002307016116,0,780,1786960324.2469327
0.45974008789922616,0,790,1786960324.7036514
0.4583066817559302,0,800,1786960325.159402
0.4582035858506038,0,810,1786960325.6102214
0.45765367177564925,0,820,1786960326.052946
0.45751210233892303,0,830,1786960326.497571
0.4580160561949015,0,840,1786960326.9494731
0.4583419084373642,0,850,1786960327.4165678
0.45843496514960774,0,860,1786960327.8670745
0.45855816004947686,0,870,1786960328.3264894
0.459960744953291,0,880,1786960328.7815974
0.4601642222049531,0,890,1786960329.2430274
0.46067799679107135,0,900,1786960329.7018461
0.46092189519287463,0,910,1786960330.1543136
0.46042562608161697,0,920,1786960330.605906
0.46023422321004254,0,930,1786960331.0631452
0.4609500743131688,0,940,1786960331.5233097
0.46087466859503795,0,950,1786960331.9713755
0.4604024145907412,0,960,1786960332.443719
0.4597835101110419,0,970,1786960332.9017608
0.45975305903322844,0,980,1786960333.3798196
0.4595993433937882,0,990,1786960333.82722
0.4609505361318588,0,1000,1786960334.2626925
0.4623595266353966,0,1010,1786960334.7081246
0.46394707323873746,0,1020,1786960335.1469433
0.46361298448252447,0,1030,1786960335.5851
0.46282944639141743,0,1040,1786960336.0300002
0.46254353103183565,0,1050,1786960336.4792583
0.46170525885415525,0,1060,1786960336.9286842
0.46123453253340496,0,1070,1786960337.3841522
0.46088977166348033,0,1080,1786960337.8274636
0.46121156163718724,0,1090,1786960338.269061
0.46103200963952323,0,1100,1786960338.7119117
0.461384152882808,0,1110,1786960339.1560972
0.46097113184098687,0,1120,1786960339.6077883
0.46031165782329253,0,1130,1786960340.057257
0.45993415130334986,0,1140,1786960340.4988515
0.4599081482835438,0,1150,1786960340.9471595
0.4593703667151517,0,1160,1786960341.396135
0.4587225952464291,0,1170,1786960341.848159
0.45798785992093005,0,1180,1786960342.320484
0.4580377683669579,0,1190,1786960342.77196
0.45736444152891637,0,1200,1786960343.2130482
0.4569238616168992,0,1210,1786960343.6530914
0.4564734729342773,0,1220,1786960344.0946364
0.45588338081914237,0,1230,1786960344.553816
0.45527402530274086,0,1240,1786960345.0064635
0.4549636724472046,0,1250,1786960345.4537897
0.4544509922228162,0,1260,1786960345.8963373
0.45424948468452364,0,1270,1786960346.3467648
0.4535131954587996,0,1280,1786960346.786526
0.45331718785356184,0,1290,1786960347.2173553
0.4525386486832912,0,1300,1786960347.6513
0.45175685839343616,0,1310,1786960348.0843315
0.4508536495832783,0,1320,1786960348.5287297
0.45013757013064576,0,1330,1786960348.9620981
0.44987710132750114,0,1340,1786960349.4010363
0.44948357426457936,0,1350,1786960349.834257
0.44902039765215973,0,1360,1786960350.2733035
0.44875090534452106,0,1370,1786960350.7110393
0.44843403777998425,0,1380,1786960351.1516936
0.44771962331996545,0,1390,1786960351.5973325
0.44754068005297865,0,1400,1786960352.0513134
0.44707585546775913,0,1410,1786960352.5151598
0.44650354532288833,0,1420,1786960352.962996
0.4463700126309495,0,1430,1786960353.4100952
0.44583788472745156,0,1440,1786960353.8608115
0.44533309959132095,0,1450,1786960354.3040626
0.44530644610728304,0,1460,1786960354.7509866
0.444782693298901,0,1470,1786960355.1860542
0.4442850174835405,0,1480,1786960355.6216502
0.44411576541278186,0,1490,1786960356.0588248
0.44354799553751945,0,1500,1786960356.489366
0.44297059775385633,0,1510,1786960356.9217546
0.4428959243881859,0,1520,1786960357.3597138
0.44239124652801776,0,1530,1786960357.7907155
0.44198689332062546,0,1540,1786960358.2272916
0.44128711408184423,0,1550,1786960358.664393
0.3735030949115753,1,1569,1786960359.5391872
0.40329371094703675,1,1579,1786960359.9823337
0.38687508602937065,1,1589,1786960360.4204106
0.38010957427322867,1,1599,1786960360.86367
0.3734698978066444,1,1609,1786960361.3040373
0.37330884163578354,1,1619,1786960361.745431
0.3813129931688309,1,1629,1786960362.2145305
0.3770808979868889,1,1639,1786960362.6570687
0.38444363358947964,1,1649,1786960363.104083
0.379862290173769,1,1659,1786960363.5437508
0.3723930005322803,1,1669,1786960363.9876385
0.3689471144229174,1,1679,1786960364.4245484
0.36879039716262085,1,1689,1786960364.8746624
0.3700752734073571,1,1699,1786960365.3266172
0.3702620729804039,1,1709,1786960365.7595663
0.3729875066317618,1,1719,1786960366.1953344
0.3753768306444673,1,1729,1786960366.631257
0.3797873679962423,1,1739,1786960367.0718582
0.38401631861925123,1,1749,1786960367.5089738
0.38604634515941144,1,1759,1786960367.9417808
0.3858505295146079,1,1769,1786960368.3797245
0.38863369192589414,1,1779,1786960368.8134425
0.3882642733662025,1,1789,1786960369.2602687
0.3890958312277993,1,1799,1786960369.6991
0.3889352540373802,1,1809,1786960370.137231
0.3877714628783556,1,1819,1786960370.579037
0.3873218368049021,1,1829,1786960371.0158308
0.3858278131910733,1,1839,1786960371.4537563
0.38531195141118146,1,1849,1786960371.8994613
0.38585101912419,1,1859,1786960372.36432
0.3877115854332524,1,1869,1786960372.8038151
0.3875254224054515,1,1879,1786960373.2470882
0.38714335109248305,1,1889,1786960373.6921818
0.3853456347304232,1,1899,1786960374.1353252
0.3843647557922772,1,1909,1786960374.5739655
0.3855908086316453,1,1919,1786960375.0210924
0.3851321943305634,1,1929,1786960375.4622707
0.3859852194393936,1,1939,1786960375.8899486
0.38567947038473227,1,1949,1786960376.3247619
0.38572060205042363,1,1959,1786960376.7638211
0.38482616398392655,1,1969,1786960377.1987853
0.3841674086948236,1,1979,1786960377.6322718
0.38298538095036216,1,1989,1786960378.0666897
0.3823617571118203,1,1999,1786960378.5039492
0.3828265623582734,1,2009,1786960378.9404652
0.3833028182063414,1,2019,1786960379.3843684
0.38334123527115965,1,2029,1786960379.8202293
0.38484741520757476,1,2039,1786960380.2538073
0.3849293117316402,1,2049,1786960380.6907442
0.38546230760216715,1,2059,1786960381.1241488
0.38676431646534043,1,2069,1786960381.5698757
0.3897459988983778,1,2079,1786960382.0034618
0.39122981772107895,1,2089,1786960382.4599066
0.39369725673287004,1,2099,1786960382.8981016
0.3934228705818003,1,2109,1786960383.3376994
0.3933644487921681,1,2119,1786960383.7761524
0.39434439926816706,1,2129,1786960384.2128322
0.397048815468262,1,2139,1786960384.6601043
0.4049244560932709,1,2149,1786960385.090653
0.40898437062899273,1,2159,1786960385.5429673
0.410844441613213,1,2169,1786960385.9899402
0.41260172205586587,1,2179,1786960386.4246995
0.4148336632857247,1,2189,1786960386.8543367
0.4157776306848973,1,2199,1786960387.2842538
0.41728160922343915,1,2209,1786960387.7248821
0.41714244191393707,1,2219,1786960388.1641495
0.4183318977035693,1,2229,1786960388.5990875
0.4184995131895823,1,2239,1786960389.0422637
0.4190993811773217,1,2249,1786960389.4978836
0.4204235198668071,1,2259,1786960389.9415078
0.4208880279265659,1,2269,1786960390.374743
0.4223052288922999,1,2279,1786960390.818035
0.4271172295286231,1,2289,1786960391.2523048
0.43132178948537725,1,2299,1786960391.683339
0.4342656460205714,1,2309,1786960392.1434226
0.43646286941672624,1,2319,1786960392.5787427
0.43755839877314384,1,2329,1786960393.0103068
0.4377238868138729,1,2339,1786960393.4440842
0.4377914947422245,1,2349,1786960393.881801
0.43761467896401884,1,2359,1786960394.312985
0.43727003026891637,1,2369,1786960394.749844
0.4375206643124906,1,2379,1786960395.1841996
0.43672471940517427,1,2389,1786960395.6327028
0.4363526340751421,1,2399,1786960396.0662606
0.4353654068007189,1,2409,1786960396.5020647
0.434639837384917,1,2419,1786960396.938723
0.43507605059736076,1,2429,1786960397.3702545
0.43635582194070927,1,2439,1786960397.7975378
0.4371374410692226,1,2449,1786960398.2290735
0.4372825404836072,1,2459,1786960398.666191
0.43717425699744905,1,2469,1786960399.104906
0.4371028190559667,1,2479,1786960399.5391893
0.43714474037449846,1,2489,1786960399.9702315
0.43704524295444186,1,2499,1786960400.3994548
0.43705405773300876,1,2509,1786960400.8309422
0.4367511747404933,1,2519,1786960401.2654579
0.43614585371976045,1,2529,1786960401.6997523
0.4354705949827116,1,2539,1786960402.177834
0.4349789802173171,1,2549,1786960402.619281
0.43446562242507936,1,2559,1786960403.0571349
0.4343106682052707,1,2569,1786960403.4884474
0.43393651413566925,1,2579,1786960403.9256845
0.4335521160977558,1,2589,1786960404.3617625
0.43277592674757426,1,2599,1786960404.804205
0.4325066053157761,1,2609,1786960405.2388308
0.4320946365876018,1,2619,1786960405.6788142
0.43185813780699933,1,2629,1786960406.131372
0.431090729214527,1,2639,1786960406.5730178
0.4305991254815268,1,2649,1786960407.0034013
0.4296914810348641,1,2659,1786960407.462515
0.42915353599163863,1,2669,1786960407.9123082
0.4290574475457626,1,2679,1786960408.3701894
0.4285239578084608,1,2689,1786960408.8198261
0.4277378416897958,1,2699,1786960409.266788
0.4272065786563832,1,2709,1786960409.7162364
0.4273618899671168,1,2719,1786960410.1719747
0.4275136889428155,1,2729,1786960410.6244452
0.4272842367953163,1,2739,1786960411.0804403
0.4267280398171489,1,2749,1786960411.5430002
0.42712311731030544,1,2759,1786960412.010405
0.42683355139553053,1,2769,1786960412.4835758
0.42640062991957195,1,2779,1786960412.9187224
0.4266449037000416,1,2789,1786960413.3531394
0.4266831599296101,1,2799,1786960413.792077
0.4270189391255379,1,2809,1786960414.2564573
0.42763873510180955,1,2819,1786960414.712194
0.42802110362475315,1,2829,1786960415.1553884
0.4279867151635699,1,2839,1786960415.602898
0.42736688416826635,1,2849,1786960416.052266
0.42701068183550467,1,2859,1786960416.5063746
0.42742291065572785,1,2869,1786960416.9668078
0.4275318538600748,1,2879,1786960417.4329834
0.4269250184521639,1,2889,1786960417.8898048
0.42650246070836906,1,2899,1786960418.3573325
0.4262775798197146,1,2909,1786960418.8097608
0.4262293514959952,1,2919,1786960419.2592585
0.4258152171643111,1,2929,1786960419.6992886
0.4254477885322294,1,2939,1786960420.1333234
0.42533245804927333,1,2949,1786960420.5735433
0.42544103724615917,1,2959,1786960421.012131
0.4255833789811912,1,2969,1786960421.4454489
0.42542907059402535,1,2979,1786960421.8866851
0.4253074604418728,1,2989,1786960422.3481956
0.42538204699133836,1,2999,1786960422.7826655
0.4249408109948553,1,3009,1786960423.2243507
0.4242304614145462,1,3019,1786960423.6654537
0.42369633554195874,1,3029,1786960424.104538
0.4235562630601831,1,3039,1786960424.540708
0.42321049187007365,1,3049,1786960424.9872139
0.42287870864073435,1,3059,1786960425.43312
0.42257593564245083,1,3069,1786960425.8797038
0.4226104417521703,1,3079,1786960426.3200788
0.42227057019869485,1,3089,1786960426.7752082
0.42203305469124347,1,3099,1786960427.2324345
0.4217618046652886,1,3109,1786960427.6830456
0.3599683463573456,2,3128,1786960428.53218
0.3656676232814789,2,3138,1786960428.9898372
0.3719112704197566,2,3148,1786960429.445553
0.3771528027951717,2,3158,1786960429.886813
0.37985474765300753,2,3168,1786960430.3291683
0.3764057000478109,2,3178,1786960430.779352
0.3814742101090295,2,3188,1786960431.2351153
0.3914412405341864,2,3198,1786960431.7045596
0.38874602218468984,2,3208,1786960432.2004368
0.3864456421136856,2,3218,1786960432.6509998
0.3851802346381274,2,3228,1786960433.0988014
0.3844424933195114,2,3238,1786960433.540504
0.38481098367617683,2,3248,1786960433.9833612
0.3841000085430486,2,3258,1786960434.426711
0.3852447975675265,2,3268,1786960434.866478
0.3876451409421861,2,3278,1786960435.3085277
0.38975630402565004,2,3288,1786960435.7505379
0.39245053612523606,2,3298,1786960436.1909513
0.39364727461024335,2,3308,1786960436.639141
0.3949166629463434,2,3318,1786960437.1043732
0.39293063148146584,2,3328,1786960437.5599768
0.3927892831916159,2,3338,1786960438.02243
0.39479186981916425,2,3348,1786960438.4841566
0.394457394691805,2,3358,1786960438.947176
0.3937452345490456,2,3368,1786960439.4071646
0.39387283353851393,2,3378,1786960439.851862
0.3930445373058319,2,3388,1786960440.2966647
0.39566233679652213,2,3398,1786960440.7396529
0.3975158626663274,2,3408,1786960441.1820354
0.396428003013134,2,3418,1786960441.6290185
0.39660755756401245,2,3428,1786960442.1009839
0.39735894021578133,2,3438,1786960442.5605388
0.3990883469130054,2,3448,1786960443.0243366
0.39706492564257456,2,3458,1786960443.486269
0.39563298127480917,2,3468,1786960443.9398203
0.39327920865681437,2,3478,1786960444.3902528
0.3921102775512515,2,3488,1786960444.833572
0.3918538856663202,2,3498,1786960445.284612
0.39047814030677847,2,3508,1786960445.723974
0.3905463268235326,2,3518,1786960446.1667764
0.390465877150617,2,3528,1786960446.62139
0.3905597173387096,2,3538,1786960447.0853322
0.3899983958102936,2,3548,1786960447.5363925
0.38891794952479275,2,3558,1786960447.9831696
0.388934106098281,2,3568,1786960448.4318447
0.38769654268803805,2,3578,1786960448.8804529
0.38589486682668644,2,3588,1786960449.3412647
0.38512700656428933,2,3598,1786960449.7956595
0.3848975608847579,2,3608,1786960450.2312922
0.384478969424963,2,3618,1786960450.6804876
0.38462046364358826,2,3628,1786960451.1272485
0.384661139232608,2,3638,1786960451.5696728
0.38448841484650126,2,3648,1786960452.0110307
0.38467661437612993,2,3658,1786960452.4869652
0.38448832460425114,2,3668,1786960452.9284115
0.38473492368523565,2,3678,1786960453.3729534
0.3851711075818329,2,3688,1786960453.8146405
0.3852068885390101,2,3698,1786960454.2622802
0.3850857525811357,2,3708,1786960454.703393
0.3849148071060578,2,3718,1786960455.150743
0.38514559010013205,2,3728,1786960455.6250656
0.38539662704833094,2,3738,1786960456.1141877
0.3851556465502769,2,3748,1786960456.5864487
0.38432284083683044,2,3758,1786960457.0376709
0.38389360920741006,2,3768,1786960457.4820101
0.3839777062562379,2,3778,1786960457.9266186
0.3838953587323872,2,3788,1786960458.3798313
0.3842153772492619,2,3798,1786960458.8398905
0.38406242291996445,2,3808,1786960459.2973104
0.38345110290816853,2,3818,1786960459.7655065
0.3831415089713016,2,3828,1786960460.2246063
0.38279834002670315,2,3838,1786960460.687947
0.38276300550731895,2,3848,1786960461.1528313
0.3824558866386478,2,3858,1786960461.6278577
0.381719702343146,2,3868,1786960462.1384935
0.38124362383233873,2,3878,1786960462.5941467
0.38123966749612387,2,3888,1786960463.0372977
0.3811633962087142,2,3898,1786960463.4805987
0.38058593275049063,2,3908,1786960463.920237
0.38084333823993805,2,3918,1786960464.3672812
0.38056199806339946,2,3928,1786960464.8133976
0.38016166656119066,2,3938,1786960465.2565222
0.37978196120764834,2,3948,1786960465.6991596
0.37936419897845813,2,3958,1786960466.1503575
0.3795482387963463,2,3968,1786960466.5973942
0.3786870261437671,2,3978,1786960467.0370367
0.3781187100485824,2,3988,1786960467.4825141
0.3783386952667074,2,3998,1786960467.9212801
0.3783019181885076,2,4008,1786960468.3804955
0.37816511844595274,2,4018,1786960468.8406754
0.37755087884245336,2,4028,1786960469.303116
0.3766924554887025,2,4038,1786960469.7501636
0.3761756743474673,2,4048,1786960470.1854074
0.37656062456204537,2,4058,1786960470.631822
0.37604216064277446,2,4068,1786960471.0710914
0.3759513839613646,2,4078,1786960471.5110765
0.37582039458235517,2,4088,1786960471.9565403
0.37615988050796545,2,4098,1786960472.443541
0.37646825099834286,2,4108,1786960472.899521
0.3763428700566292,2,4118,1786960473.3593826
0.37626173015278164,2,4128,1786960473.8017428
0.3759898203260758,2,4138,1786960474.2484376
0.3758813297864303,2,4148,1786960474.701031
0.3760980188846588,2,4158,1786960475.1438382
0.3761138566902706,2,4168,1786960475.5944645
0.37610980175294967,2,4178,1786960476.0343878
0.37607730132675615,2,4188,1786960476.5178914
0.37593598827995633,2,4198,1786960476.9774754
0.3756353926221165,2,4208,1786960477.4378066
0.37557297218929636,2,4218,1786960477.8788075
0.37510017548595465,2,4228,1786960478.319206
0.3749321496247181,2,4238,1786960478.7627995
0.3746956856772963,2,4248,1786960479.2102394
0.3743509648269729,2,4258,1786960479.6804593
0.374292560154977,2,4268,1786960480.1366026
0.3742521628223616,2,4278,1786960480.597785
0.37366281398850626,2,4288,1786960481.0565133
0.37372586362190163,2,4298,1786960481.501911
0.3738782523559923,2,4308,1786960481.9490933
0.3738235211620728,2,4318,1786960482.423174
0.37425870156485186,2,4328,1786960482.873195
0.3739414955504605,2,4338,1786960483.3159294
0.37443541104231426,2,4348,1786960483.7601345
0.3740273312575394,2,4358,1786960484.2014039
0.3743699401021004,2,4368,1786960484.6382236
0.3746825285728962,2,4378,1786960485.0759797
0.3745254445615716,2,4388,1786960485.51912
0.37466353123309093,2,4398,1786960485.9634662
0.3748922993623933,2,4408,1786960486.4125588
0.37461337634004077,2,4418,1786960486.8568542
0.3744837485310685,2,4428,1786960487.2969604
0.3742647186937657,2,4438,1786960487.7445178
0.373984305639016,2,4448,1786960488.1955535
0.3741279099637003,2,4458,1786960488.6307693
0.37417343311839635,2,4468,1786960489.0693645
0.37418369864497114,2,4478,1786960489.5149918
0.3742023966717024,2,4488,1786960489.9566786
0.3740282091217628,2,4498,1786960490.3995903
0.37401531365492363,2,4508,1786960490.8435655
0.37361658493322986,2,4518,1786960491.2842119
0.37333418525068474,2,4528,1786960491.738471
0.3732790555962375,2,4538,1786960492.2324972
0.3730782906492273,2,4548,1786960492.6981518
0.37299559735175636,2,4558,1786960493.1587553
0.37273091550531057,2,4568,1786960493.633173
0.37267926704801924,2,4578,1786960494.1032085
0.3731593165470629,2,4588,1786960494.576432
0.373024243035832,2,4598,1786960495.0421507
0.37321961638111395,2,4608,1786960495.5092707
0.373494750837485,2,4618,1786960495.9794145
0.373406500078195,2,4628,1786960496.4444556
0.37336343642520275,2,4638,1786960496.89269
0.3732892810324438,2,4648,1786960497.3381524
0.37297353989311627,2,4658,1786960497.7839928
0.3729665345338083,2,4668,1786960498.23244
0.3614733129739761,3,4687,1786960499.072196
0.35468453615903855,3,4697,1786960499.5234742
0.3599265366792679,3,4707,1786960499.9769046
0.3611595034599304,3,4717,1786960500.4239638
0.35503419131040576,3,4727,1786960500.864489
0.35380145187179246,3,4737,1786960501.306639
0.36065695945705684,3,4747,1786960501.7528636
0.3615170447155833,3,4757,1786960502.2273006
0.35969636109140185,3,4767,1786960502.6742487
0.3622376962006092,3,4777,1786960503.1157482
0.3604615487835624,3,4787,1786960503.5560975
0.36229223385453224,3,4797,1786960504.0075588
0.3620580166578293,3,4807,1786960504.4734108
0.36261922046542167,3,4817,1786960504.9141345
0.365609857738018,3,4827,1786960505.3605711
0.3689394828863442,3,4837,1786960505.8003426
0.368089967703118,3,4847,1786960506.240499
0.36809818430079355,3,4857,1786960506.7004175
0.3686415742886694,3,4867,1786960507.163415
0.3696750044822693,3,4877,1786960507.6121857
0.3700116231327965,3,4887,1786960508.0693526
0.36982831927863036,3,4897,1786960508.52317
0.37066574187382406,3,4907,1786960508.9865608
0.37229742370545865,3,4917,1786960509.466992
0.37517225050926206,3,4927,1786960509.9319434
0.39238723413302345,3,4937,1786960510.3933675
0.39965564332626485,3,4947,1786960510.8551648
0.4038188521351133,3,4957,1786960511.303155
0.4281891318230793,3,4967,1786960511.7500527
0.43863051225741706,3,4977,1786960512.2270987
0.44927888483770434,3,4987,1786960512.6876602
0.4625524576753378,3,4997,1786960513.1382885
0.474620161634503,3,5007,1786960513.5932426
0.5149785208351472,3,5017,1786960514.046349
0.5553723210947854,3,5027,1786960514.49296
0.5812085557315084,3,5037,1786960514.9374068
0.6053175396210438,3,5047,1786960515.3817248
0.624110251508261,3,5057,1786960515.8353233
0.6401685218016306,3,5067,1786960516.2904317
0.6538334882259369,3,5077,1786960516.7256775
0.6605049977942211,3,5087,1786960517.1613169
0.6653951131162189,3,5097,1786960517.6017587
0.6662967953571054,3,5107,1786960518.0386868
0.6691840055313978,3,5117,1786960518.4815228
0.6717147935761346,3,5127,1786960518.927642
0.6751349612422611,3,5137,1786960519.377203
0.6746080139215956,3,5147,1786960519.8242695
0.7095221525058151,3,5157,1786960520.2735538
0.7677150926419667,3,5167,1786960520.7167935
0.8176961856484413,3,5177,1786960521.156952
0.865294666909704,3,5187,1786960521.5972142
0.9103686356200622,3,5197,1786960522.067652
0.9529992936354763,3,5207,1786960522.5328205
0.9915429522041921,3,5217,1786960522.9821956
1.0299440479820425,3,5227,1786960523.435662
1.066432791150042,3,5237,1786960523.883732
1.1026408492995983,3,5247,1786960524.3372862
1.138748501549507,3,5257,1786960524.7835753
1.172240863462626,3,5267,1786960525.2282732
1.205372351060311,3,5277,1786960525.6731927
1.2367464589779493,3,5287,1786960526.116397
1.2670573061993045,3,5297,1786960526.57376
1.2951896088936972,3,5307,1786960527.0155766
1.3230761245358735,3,5317,1786960527.4707482
1.3503386343900974,3,5327,1786960527.9053214
1.3770528465057865,3,5337,1786960528.3580973
1.4028639993116037,3,5347,1786960528.8027394
1.428890287218725,3,5357,1786960529.2441537
1.4535261555426362,3,5367,1786960529.6870334
1.4774984162620135,3,5377,1786960530.129071
1.500952252577728,3,5387,1786960530.578938
1.523612984062897,3,5397,1786960531.0238762
1.5451561777967295,3,5407,1786960531.4619093
1.5664997561960607,3,5417,1786960531.903303
1.5867898162603378,3,5427,1786960532.3796728
1.6068449692114404,3,5437,1786960532.8239746
1.6259008807408346,3,5447,1786960533.267824
1.6444243330603991,3,5457,1786960533.712371
1.663334251996837,3,5467,1786960534.1542435
1.681315161921084,3,5477,1786960534.6070676
1.6988826816832578,3,5487,1786960535.0465534
1.7137915655243687,3,5497,1786960535.4895272
1.7309525636664356,3,5507,1786960535.9296806
1.7481021725350903,3,5517,1786960536.3757787
1.7624878342362011,3,5527,1786960536.8149712
1.777663431091364,3,5537,1786960537.2606208
1.7931749733357594,3,5547,1786960537.7076275
1.8078966493294997,3,5557,1786960538.147281
1.8227384605099646,3,5567,1786960538.5944533
1.837181447380119,3,5577,1786960539.0393414
1.8508748450449535,3,5587,1786960539.4904912
1.8640555314719678,3,5597,1786960539.9371705
1.8778597362900293,3,5607,1786960540.4017813
1.8911300299332496,3,5617,1786960540.8492248
1.9033601507701372,3,5627,1786960541.298148
1.9157233479432763,3,5637,1786960541.759005
1.9280587125377557,3,5647,1786960542.2463803
1.9396142706883197,3,5657,1786960542.7121658
1.9514232108388285,3,5667,1786960543.1707568
1.962358540803194,3,5677,1786960543.6306329
1.9736361735232986,3,5687,1786960544.079845
1.984171277430712,3,5697,1786960544.5394711
1.9949383856312743,3,5707,1786960544.9990962
2.0054302520763416,3,5717,1786960545.4546487
2.0150647284019563,3,5727,1786960545.9160645
2.0259764833551532,3,5737,1786960546.3621542
2.0352625945182603,3,5747,1786960546.8294737
2.0456109830902682,3,5757,1786960547.3025315
2.055787786021145,3,5767,1786960547.774953
2.064789636812427,3,5777,1786960548.238526
2.074183977428857,3,5787,1786960548.7073176
2.08196142403675,3,5797,1786960549.150272
2.0900317540474695,3,5807,1786960549.5912042
2.0998105651715346,3,5817,1786960550.0251427
2.1084982890927275,3,5827,1786960550.4580948
2.1164144561465443,3,5837,1786960550.891502
2.1253486352343844,3,5847,1786960551.3291304
2.1335893835304147,3,5857,1786960551.7740052
2.1409500699333783,3,5867,1786960552.2300394
2.148064944570263,3,5877,1786960552.6742713
2.1551956781917365,3,5887,1786960553.1071825
2.1619907092119828,3,5897,1786960553.5441976
2.1695616670013442,3,5907,1786960553.9811425
2.17764172460283,3,5917,1786960554.4210217
2.18523914129734,3,5927,1786960554.8662903
2.1923364618704433,3,5937,1786960555.3138328
2.1994967263749263,3,5947,1786960555.7542744
2.206525843613781,3,5957,1786960556.1851926
2.211798077798629,3,5967,1786960556.626929
2.2186905664893297,3,5977,1786960557.0612593
2.2251672533859734,3,5987,1786960557.5001678
2.231470271516027,3,5997,1786960557.9359808
2.2378967738913413,3,6007,1786960558.3773692
2.244446209673561,3,6017,1786960558.815346
2.2506655816899404,3,6027,1786960559.2554047
2.255940624392208,3,6037,1786960559.6954753
2.2612997511225026,3,6047,1786960560.127708
2.2668006895460944,3,6057,1786960560.5761423
2.27182855642528,3,6067,1786960561.020131
2.2774106799066067,3,6077,1786960561.462518
2.283814162755689,3,6087,1786960561.9039476
2.289623177072532,3,6097,1786960562.3781137
2.2951715229482916,3,6107,1786960562.8179965
2.300633878033194,3,6117,1786960563.2582219
2.3058795504939966,3,6127,1786960563.7001157
2.311125464165864,3,6137,1786960564.1409705
2.3156757322501162,3,6147,1786960564.5761123
2.3204198333258566,3,6157,1786960565.014645
2.326103232550941,3,6167,1786960565.4560266
2.331302363892396,3,6177,1786960565.893929
2.3362470267032154,3,6187,1786960566.3498018
2.341189793869853,3,6197,1786960566.8131638
2.3454551287141503,3,6207,1786960567.2689862
2.3505405441700638,3,6217,1786960567.7148013
2.35502744415114,3,6227,1786960568.1497142
3.070480799674988,4,6246,1786960568.9918866
3.0652103304862974,4,6256,1786960569.447946
3.089500594139099,4,6266,1786960569.9063697
3.0961243987083433,4,6276,1786960570.3464134
3.0694311904907225,4,6286,1786960570.790326
3.052938453356425,4,6296,1786960571.2359235
3.045528394835336,4,6306,1786960571.679524
3.0621449291706084,4,6316,1786960572.1607249
3.0691462675730388,4,6326,1786960572.614993
3.0746264457702637,4,6336,1786960573.059158
3.0746943430467084,4,6346,1786960573.507818
3.078948746124903,4,6356,1786960573.95586
3.0780820571459255,4,6366,1786960574.391496
3.079270953791482,4,6376,1786960574.8351216
3.075271015167236,4,6386,1786960575.2720363
3.0680821999907493,4,6396,1786960575.718743
3.0728754225899193,4,6406,1786960576.1548815
3.0739670236905416,4,6416,1786960576.5932732
3.073232196506701,4,6426,1786960577.035258
3.073283883333206,4,6436,1786960577.4837515
3.0737628266924903,4,6446,1786960577.9403672
3.07348453131589,4,6456,1786960578.3955848
3.0746513252672942,4,6466,1786960578.863636
3.071731709440549,4,6476,1786960579.309648
3.071428544998169,4,6486,1786960579.7499924
3.0708072644013624,4,6496,1786960580.1924798
3.0700994880111128,4,6506,1786960580.6440036
3.069496873446873,4,6516,1786960581.0909805
3.070772012348833,4,6526,1786960581.5342448
3.071517918109894,4,6536,1786960582.007574
3.0694742348886304,4,6546,1786960582.4894757
3.0722065567970276,4,6556,1786960582.9419847
3.0691631122068928,4,6566,1786960583.3934715
3.0683290719985963,4,6576,1786960583.8570662
3.0666414499282837,4,6586,1786960584.3140488
3.068250121672948,4,6596,1786960584.7845464
3.068017635474334,4,6606,1786960585.2454028
3.0690986940735265,4,6616,1786960585.702994
3.070397507838714,4,6626,1786960586.1593251
3.0697568809986113,4,6636,1786960586.6160324
3.0701582774883365,4,6646,1786960587.0729828
3.070773102555956,4,6656,1786960587.5328526
3.0705624147903086,4,6666,1786960587.9924252
3.0699609398841856,4,6676,1786960588.4487236
3.0701194175084434,4,6686,1786960588.9090555
3.06954613302065,4,6696,1786960589.3602195
3.070148510628558,4,6706,1786960589.8086863
3.0719558065136274,4,6716,1786960590.2455223
3.071693669533243,4,6726,1786960590.6874757
3.071999422073364,4,6736,1786960591.1225474
3.072020166527991,4,6746,1786960591.5624375
3.0731608051520127,4,6756,1786960592.0105226
3.0730986352236767,4,6766,1786960592.4952044
3.0720630870925056,4,6776,1786960592.9371085
3.072430450266058,4,6786,1786960593.3851268
3.073351652281625,4,6796,1786960593.8388298
3.073831281745643,4,6806,1786960594.2806628
3.074800089721022,4,6816,1786960594.7257848
3.074355814820629,4,6826,1786960595.168961
3.074295082887014,4,6836,1786960595.615758
3.074874245925028,4,6846,1786960596.0673938
3.075106305460776,4,6856,1786960596.5104003
3.0747424171084448,4,6866,1786960596.955617
3.075478922203183,4,6876,1786960597.438634
3.0751586488577036,4,6886,1786960597.88731
3.0756444269960577,4,6896,1786960598.3385363
3.0740527181483026,4,6906,1786960598.7864463
3.0739258064943202,4,6916,1786960599.236351
3.0734502149664835,4,6926,1786960599.6832156
3.0719178182738167,4,6936,1786960600.124257
3.073523031154149,4,6946,1786960600.560184
3.073907489246792,4,6956,1786960600.999693
3.0741444313362853,4,6966,1786960601.4402337
3.074032101115665,4,6976,1786960601.8867033
3.073294611930847,4,6986,1786960602.3756583
3.073547612679632,4,6996,1786960602.841509
3.0736594695549506,4,7006,1786960603.3073957
3.072987886881217,4,7016,1786960603.7708
3.074115774299525,4,7026,1786960604.2288795
3.0735355851054194,4,7036,1786960604.678824
3.0739686447897077,4,7046,1786960605.126159
3.074567631105097,4,7056,1786960605.5643861
3.074616873407938,4,7066,1786960606.0052178
3.073464968658629,4,7076,1786960606.4388473
3.072708691148197,4,7086,1786960606.8725026
3.0724451808042303,4,7096,1786960607.3065379
3.07307231426239,4,7106,1786960607.7330513
3.072677305340767,4,7116,1786960608.178453
3.0726002189550505,4,7126,1786960608.6345778
3.0734306152661643,4,7136,1786960609.0851395
3.0733264925715686,4,7146,1786960609.5281417
3.0736392814180125,4,7156,1786960609.9669287
3.072455741769524,4,7166,1786960610.4085865
3.072673356279414,4,7176,1786960610.857263
3.0716493423361526,4,7186,1786960611.2964962
3.0714063252011936,4,7196,1786960611.7670012
3.0728803634643556,4,7206,1786960612.2396748
3.0723400602535325,4,7216,1786960612.6923573
3.071385056563098,4,7226,1786960613.1440923
3.0705490238666533,4,7236,1786960613.591333
3.0692599221031265,4,7246,1786960614.0424733
3.0696531384598975,4,7256,1786960614.4876895
3.0704396277955435,4,7266,1786960614.934104
3.0708381288326705,4,7276,1786960615.3989816
3.0710127451306297,4,7286,1786960615.8772857
3.0704586841025443,4,7296,1786960616.3402147
3.0710166084432156,4,7306,1786960616.7969744
3.070586285326216,4,7316,1786960617.2393014
3.0701608207247673,4,7326,1786960617.6790452
3.069959423975511,4,7336,1786960618.1161282
3.068990591410044,4,7346,1786960618.5604715
3.0693208111183985,4,7356,1786960619.0035586
3.0691813443614318,4,7366,1786960619.450395
3.0691938262236746,4,7376,1786960619.896202
3.0685543464577716,4,7386,1786960620.354057
3.06812976495973,4,7396,1786960620.799826
3.0681261027980056,4,7406,1786960621.2610824
3.067268130940906,4,7416,1786960621.733431
3.0658788300361954,4,7426,1786960622.2447727
3.0647742489973706,4,7436,1786960622.7205744
3.0634857723535585,4,7446,1786960623.1943038
3.0624576349727444,4,7456,1786960623.6534321
3.0613207822892723,4,7466,1786960624.1138024
3.060813615206749,4,7476,1786960624.5824986
3.0612582834243773,4,7486,1786960625.0683978
3.060630410815042,4,7496,1786960625.549391
3.0610133788717073,4,7506,1786960626.0289104
3.060994067788124,4,7516,1786960626.492137
3.0613569329875383,4,7526,1786960626.9478881
3.061099805831909,4,7536,1786960627.4072223
3.0610215117913167,4,7546,1786960627.865185
3.0608468227314227,4,7556,1786960628.3287785
3.061176710379751,4,7566,1786960628.7913065
3.060879128192788,4,7576,1786960629.2595143
3.0605738302513403,4,7586,1786960629.7325377
3.0603548468912347,4,7596,1786960630.186537
3.060071674576641,4,7606,1786960630.6449316
3.0606095082517983,4,7616,1786960631.1240993
3.0606447259299188,4,7626,1786960631.606734
3.0607494526250023,4,7636,1786960632.1074855
3.060806426257952,4,7646,1786960632.5771327
3.059991195336194,4,7656,1786960633.052516
3.0601206065891504,4,7666,1786960633.5284486
3.0601812029878297,4,7676,1786960633.9984856
3.059474816486753,4,7686,1786960634.4728959
3.0594667255061947,4,7696,1786960634.936144
3.0596634410676504,4,7706,1786960635.3998039
3.0597267938626778,4,7716,1786960635.8614833
3.0592978912711946,4,7726,1786960636.3263257
3.0591065060297646,4,7736,1786960636.789472
3.05934206744693,4,7746,1786960637.2410612
3.059111547470093,4,7756,1786960637.7225552
3.059299912172205,4,7766,1786960638.1906872
3.0595536439449758,4,7776,1786960638.6396976
3.059074168051443,4,7786,1786960639.1069093
3.0547332763671875,5,7805,1786960639.9667203
3.0669131517410277,5,7815,1786960640.4121978
3.0597527662913007,5,7825,1786960640.8693206
3.041786903142929,5,7835,1786960641.322651
3.0380197191238403,5,7845,1786960641.7934322
3.0477769017219543,5,7855,1786960642.26931
3.0408385378973826,5,7865,1786960642.715283
3.0404243648052214,5,7875,1786960643.1784837
3.0493499967787,5,7885,1786960643.638427
3.050131962299347,5,7895,1786960644.1043997
3.049308007413691,5,7905,1786960644.574189
3.044860231876373,5,7915,1786960645.081166
3.044940847616929,5,7925,1786960645.5652127
3.04150070973805,5,7935,1786960646.010623
3.0484945503870646,5,7945,1786960646.4533927
3.051246923208237,5,7955,1786960646.8899949
3.050956640524023,5,7965,1786960647.3310711
3.0534301188257005,5,7975,1786960647.7683141
3.0524267359783774,5,7985,1786960648.2131712
3.044818966388702,5,7995,1786960648.6873431
3.0478658630734397,5,8005,1786960649.1375186
3.048001071539792,5,8015,1786960649.589278
3.047096860927084,5,8025,1786960650.0368495
3.040003091096878,5,8035,1786960650.4917903
3.034942690849304,5,8045,1786960650.9451177
3.029029751740969,5,8055,1786960651.391782
3.0243054186856306,5,8065,1786960651.8441052
3.0235643105847494,5,8075,1786960652.3267417
3.02267553559665,5,8085,1786960652.7807312
3.020140733718872,5,8095,1786960653.2352889
3.020425304289787,5,8105,1786960653.6931636
3.021417774260044,5,8115,1786960654.143903
3.02233226443782,5,8125,1786960654.594322
3.0208273032132316,5,8135,1786960655.056837
3.0220859813690186,5,8145,1786960655.5014777
3.0239977988931868,5,8155,1786960655.9457705
3.0251864987450676,5,8165,1786960656.3907554
3.0241262197494505,5,8175,1786960656.8372605
3.025683288085155,5,8185,1786960657.289147
3.026822478175163,5,8195,1786960657.7312245
3.0234645826060595,5,8205,1786960658.1808038
3.023276238214402,5,8215,1786960658.631671
3.0226418722507566,5,8225,1786960659.0887823
3.021628416668285,5,8235,1786960659.5259297
3.020224028163486,5,8245,1786960659.9634054
3.016854294486668,5,8255,1786960660.403585
3.0127360141023676,5,8265,1786960660.8409395
3.0109306822220483,5,8275,1786960661.2790673
3.0102699571726275,5,8285,1786960661.721927
3.0096713156700132,5,8295,1786960662.1990705
3.007968815635232,5,8305,1786960662.6331427
3.0078366407981285,5,8315,1786960663.079042
3.0073751607031194,5,8325,1786960663.5169134
3.0072838050347785,5,8335,1786960663.9533806
3.0062369428981435,5,8345,1786960664.3937283
3.0060435384511948,5,8355,1786960664.8329978
3.007075888232181,5,8365,1786960665.2734773
3.0089874300463446,5,8375,1786960665.716158
3.009464007312969,5,8385,1786960666.1568587
3.008482949733734,5,8395,1786960666.5963368
3.009405815796774,5,8405,1786960667.0461535
3.007375792918667,5,8415,1786960667.4837313
3.0078542081136552,5,8425,1786960667.9179885
3.0074658554047344,5,8435,1786960668.3790464
3.008794814990117,5,8445,1786960668.8300242
3.0099385106202328,5,8455,1786960669.271152
3.011384461886847,5,8465,1786960669.711332
3.011922786165686,5,8475,1786960670.1494777
3.012420898935069,5,8485,1786960670.5870402
3.012002283505031,5,8495,1786960671.0244248
3.011877394058335,5,8505,1786960671.4709685
3.0117399944199454,5,8515,1786960671.941091
3.011017264405342,5,8525,1786960672.4088604
3.011873089622807,5,8535,1786960672.8501647
3.0112845538457234,5,8545,1786960673.2941694
3.0117237150669096,5,8555,1786960673.731234
3.010676635395397,5,8565,1786960674.1781273
3.009866044154534,5,8575,1786960674.6232436
3.008518936966039,5,8585,1786960675.068354
3.0079598212242127,5,8595,1786960675.5102303
3.008576274212496,5,8605,1786960675.9473357
3.0079375610118957,5,8615,1786960676.3897603
3.007636856171022,5,8625,1786960676.826151
3.0066398353803727,5,8635,1786960677.2613335
3.0065021582210765,5,8645,1786960677.7052739
3.0064722574034404,5,8655,1786960678.1624167
3.0067483660818515,5,8665,1786960678.6033485
3.0071593206037175,5,8675,1786960679.0453017
3.007181614704346,5,8685,1786960679.4937394
3.0072304794523452,5,8695,1786960679.925639
3.0081088453858764,5,8705,1786960680.3592937
3.0088301256946894,5,8715,1786960680.7989357
3.0094819630345993,5,8725,1786960681.2471526
3.0090563705626954,5,8735,1786960681.6900744
3.0088549445804795,5,8745,1786960682.1622787
3.0084108764926594,5,8755,1786960682.598269
3.008017022830924,5,8765,1786960683.0449538
3.0079397790286007,5,8775,1786960683.4821758
3.0072982949439924,5,8785,1786960683.9177814
3.007312169790268,5,8795,1786960684.3634176
3.0063745777205666,5,8805,1786960684.8031828
3.0037181157691806,5,8815,1786960685.2537725
3.0025080660014476,5,8825,1786960685.702418
3.001349279972223,5,8835,1786960686.1502476
2.9998542240687778,5,8845,1786960686.590451
2.9996467189968756,5,8855,1786960687.027261
3.0003983992282475,5,8865,1786960687.4707198
3.000054293208652,5,8875,1786960687.9064178
3.000403776300063,5,8885,1786960688.3477364
3.0007139444351196,5,8895,1786960688.796871
3.000014401126552,5,8905,1786960689.2564666
2.999776919398989,5,8915,1786960689.715468
2.9988458129157007,5,8925,1786960690.162041
2.9988491309316534,5,8935,1786960690.6036532
2.9977907564329063,5,8945,1786960691.0503943
2.9972527703334544,5,8955,1786960691.4953504
2.9965973342585768,5,8965,1786960691.9458225
2.998742870153007,5,8975,1786960692.4143405
2.999804314044343,5,8985,1786960692.8579934
2.999419361750285,5,8995,1786960693.2974458
2.999593221057545,5,9005,1786960693.7364252
2.9997191370510663,5,9015,1786960694.1784992
2.998689150810242,5,9025,1786960694.6173925
2.99840270530793,5,9035,1786960695.0668678
2.9985640197753907,5,9045,1786960695.5085945
2.9982779325000823,5,9055,1786960695.949956
2.9981616622819676,5,9065,1786960696.3944724
2.997529211267829,5,9075,1786960696.8354583
2.9975096338479092,5,9085,1786960697.279875
2.9971945922191328,5,9095,1786960697.722077
2.9967259152244976,5,9105,1786960698.1641824
2.996862692002094,5,9115,1786960698.6064067
2.996346630548176,5,9125,1786960699.0561247
2.9962677925380308,5,9135,1786960699.494973
2.9959131016554656,5,9145,1786960699.9351928
2.996159934646943,5,9155,1786960700.372107
2.99573515818937,5,9165,1786960700.8094976
2.9964185984238334,5,9175,1786960701.251836
2.9959078516033912,5,9185,1786960701.6879447
2.995677705321993,5,9195,1786960702.1716807
2.994981633348668,5,9205,1786960702.6169915
2.994426580382065,5,9215,1786960703.0807986
2.9937540576174544,5,9225,1786960703.5271661
2.994262789686521,5,9235,1786960703.9664466
2.9942917221990126,5,9245,1786960704.4084938
2.994532697168115,5,9255,1786960704.8489532
2.9944817017535774,5,9265,1786960705.299656
2.9935130336800135,5,9275,1786960705.7450306
2.9934233980690874,5,9285,1786960706.1912355
2.9927486518224082,5,9295,1786960706.6319377
2.9926857520412926,5,9305,1786960707.074278
2.993133813299631,5,9315,1786960707.5210268
2.9935412656248004,5,9325,1786960707.9555678
2.9943998137077728,5,9335,1786960708.3947246
2.994985404629861,5,9345,1786960708.8295553
3.081944131851196,6,9364,1786960709.6623764
3.057088387012482,6,9374,1786960710.0994976
3.05621018409729,6,9384,1786960710.545517
3.0762653708457948,6,9394,1786960710.9988987
3.0683177709579468,6,9404,1786960711.4366465
3.0579466700553892,6,9414,1786960711.88141
3.0575544152941023,6,9424,1786960712.3550808
3.0555801153182984,6,9434,1786960712.7994077
3.0551567051145767,6,9444,1786960713.2453754
3.064011070728302,6,9454,1786960713.6905198
3.0705019278959793,6,9464,1786960714.1371813
3.0757256746292114,6,9474,1786960714.5831196
3.0728317499160767,6,9484,1786960715.0331454
3.0763132418904986,6,9494,1786960715.5050025
3.068140017191569,6,9504,1786960715.9543166
3.0671488121151924,6,9514,1786960716.4074962
3.0708779545391307,6,9524,1786960716.8585835
3.0677580330106946,6,9534,1786960717.3049345
3.066849388574299,6,9544,1786960717.7497056
3.0681687593460083,6,9554,1786960718.197373
3.066664131482442,6,9564,1786960718.6390846
3.0666589065031573,6,9574,1786960719.0917637
3.0675627905389535,6,9584,1786960719.5389757
3.0657373795906704,6,9594,1786960719.9875786
3.0647829608917236,6,9604,1786960720.4342582
3.0659134653898388,6,9614,1786960720.874565
3.0666752806416264,6,9624,1786960721.3244193
3.064347861494337,6,9634,1786960721.7759762
3.067084292707772,6,9644,1786960722.2601953
3.0661817280451458,6,9654,1786960722.7018378
3.065337222622287,6,9664,1786960723.1509078
3.0634316548705103,6,9674,1786960723.6092203
3.062685983831232,6,9684,1786960724.0634038
3.059426789423999,6,9694,1786960724.5108771
3.061228061403547,6,9704,1786960724.9495435
3.0621854729122586,6,9714,1786960725.3922484
3.06186860380946,6,9724,1786960725.834532
3.063087669799202,6,9734,1786960726.2782733
3.062985094388326,6,9744,1786960726.7170303
3.0633147889375687,6,9754,1786960727.1597536
3.062776249211009,6,9764,1786960727.597156
3.0627799068178447,6,9774,1786960728.0342374
3.0624908181123955,6,9784,1786960728.4925153
3.064203298633749,6,9794,1786960728.9783618
3.065067534446716,6,9804,1786960729.4379416
3.0639795318893763,6,9814,1786960729.8735592
3.0650680820992653,6,9824,1786960730.3133955
3.065785247584184,6,9834,1786960730.7511373
3.06538048569037,6,9844,1786960731.1906855
3.064708368778229,6,9854,1786960731.632701
3.064316137164247,6,9864,1786960732.1078777
3.06334061897718,6,9874,1786960732.5507886
3.0631738662719727,6,9884,1786960732.9943857
3.0638151875248663,6,9894,1786960733.432019
3.063907232718034,6,9904,1786960733.8680305
3.0629696650164466,6,9914,1786960734.30354
3.060746737948635,6,9924,1786960734.7467914
3.062062109338826,6,9934,1786960735.2027922
3.0611112727957255,6,9944,1786960735.6482458
3.06038805325826,6,9954,1786960736.0992298
3.0607687903232264,6,9964,1786960736.5601168
3.0597182412301343,6,9974,1786960737.0154705
3.0603278905626325,6,9984,1786960737.4786286
3.0600270092487336,6,9994,1786960737.9285355
3.060050616997939,6,10004,1786960738.3908696
3.0600686831907793,6,10014,1786960738.8507035
3.0599003008942107,6,10024,1786960739.3241613
3.0591164371546578,6,10034,1786960739.7766783
3.059305287098539,6,10044,1786960740.2373242
3.058486007962908,6,10054,1786960740.693683
3.058637915530675,6,10064,1786960741.1629508
3.0582950787411796,6,10074,1786960741.6270816
3.0587577875346352,6,10084,1786960742.1215506
3.0577274106644294,6,10094,1786960742.577868
3.0582213198343915,6,10104,1786960743.0328856
3.0586150922273334,6,10114,1786960743.502979
3.0580715002951684,6,10124,1786960743.9727838
3.0582632263501486,6,10134,1786960744.424382
3.0588979850841476,6,10144,1786960744.8626704
3.05888073772192,6,10154,1786960745.3174555
3.0586421251297,6,10164,1786960745.7639472
3.058558303844638,6,10174,1786960746.2283192
3.0587463783930584,6,10184,1786960746.676174
3.0568714678287505,6,10194,1786960747.1262786
3.057286874827217,6,10204,1786960747.5734506
3.0569636200749595,6,10214,1786960748.015812
3.057264344993679,6,10224,1786960748.4586766
3.0575276783921503,6,10234,1786960748.896409
3.0566152797656114,6,10244,1786960749.373489
3.056708880795373,6,10254,1786960749.8336794
3.0573076127649665,6,10264,1786960750.2843866
3.056897811008536,6,10274,1786960750.7243326
3.056669719244844,6,10284,1786960751.1642284
3.056125713916535,6,10294,1786960751.61518
3.056479109211972,6,10304,1786960752.0636985
3.056815734754006,6,10314,1786960752.523954
3.0564926420290446,6,10324,1786960752.960389
3.056298509422614,6,10334,1786960753.40644
3.056326233256947,6,10344,1786960753.8457508
3.0568369145393373,6,10354,1786960754.322509
3.056646381510366,6,10364,1786960754.7811315
3.0566844475035575,6,10374,1786960755.2623785
3.0560167402897065,6,10384,1786960755.7390308
3.0564926257500282,6,10394,1786960756.2026908
3.0561113857087636,6,10404,1786960756.6627622
3.055968195312428,6,10414,1786960757.1281524
3.0560357706569063,6,10424,1786960757.5884774
3.0552173499707824,6,10434,1786960758.041691
3.054197220189856,6,10444,1786960758.502316
3.053937811634757,6,10454,1786960758.9561012
3.0530647739633783,6,10464,1786960759.5001905
3.0525932465280805,6,10474,1786960759.9392657
3.052908044578755,6,10484,1786960760.3849182
3.051796737470125,6,10494,1786960760.8254747
3.051630837191706,6,10504,1786960761.2681808
3.0516511540988396,6,10514,1786960761.728088
3.0513769983226418,6,10524,1786960762.2202795
3.0508590488110556,6,10534,1786960762.6773791
3.051177243024361,6,10544,1786960763.1237135
3.050091654062271,6,10554,1786960763.5669763
3.0498137040571733,6,10564,1786960764.0061092
3.0498818317397696,6,10574,1786960764.4528303
3.0498979694475,6,10584,1786960764.8924127
3.04969083955211,6,10594,1786960765.333567
3.049442358970642,6,10604,1786960765.7845285
3.0487288571539377,6,10614,1786960766.2241135
3.0489092263649766,6,10624,1786960766.6653273
3.0488293532282116,6,10634,1786960767.1035619
3.049283621662347,6,10644,1786960767.5461385
3.0490808024773233,6,10654,1786960767.9884334
3.0493243292087815,6,10664,1786960768.4331992
3.049321575237043,6,10674,1786960768.8892827
3.0486040231876803,6,10684,1786960769.3544037
3.047975182889113,6,10694,1786960769.8117464
3.0481886471642388,6,10704,1786960770.2714112
3.047675961256027,6,10714,1786960770.7412465
3.0468169948480424,6,10724,1786960771.1949127
3.046184121525806,6,10734,1786960771.6625671
3.0458658650624666,6,10744,1786960772.1481674
3.0462560188770293,6,10754,1786960772.6138184
3.04504993452248,6,10764,1786960773.0715656
3.0451916204371923,6,10774,1786960773.53774
3.0452221083474327,6,10784,1786960773.9819567
3.0448030759890874,6,10794,1786960774.4341345
3.0444679452633037,6,10804,1786960774.886165
3.044770209593316,6,10814,1786960775.3354564
3.0450300281550606,6,10824,1786960775.782797
3.0450060950743185,6,10834,1786960776.2391088
3.0451399084705635,6,10844,1786960776.6919017
3.0450923051834105,6,10854,1786960777.1453595
3.044881753416251,6,10864,1786960777.5964377
3.04526894861146,6,10874,1786960778.034219
3.045312071469874,6,10884,1786960778.4717035
3.0449628946069,6,10894,1786960778.9161093
3.0444984228380263,6,10904,1786960779.3608215
3.10051908493042,7,10923,1786960780.2047765
3.1008911609649656,7,10933,1786960780.64865
3.061587357521057,7,10943,1786960781.083912
3.0611346542835234,7,10953,1786960781.532183
3.054731707572937,7,10963,1786960781.9756966
3.047716212272644,7,10973,1786960782.4527729
3.0427639450345723,7,10983,1786960782.888301
3.0380961418151857,7,10993,1786960783.337807
3.029972619480557,7,11003,1786960783.783471
3.0402488803863523,7,11013,1786960784.2206643
3.049973015351729,7,11023,1786960784.6612659
3.0458405752976736,7,11033,1786960785.1001568
3.0453433238542997,7,11043,1786960785.5403273
3.0471345594951083,7,11053,1786960785.9896257
3.0476350275675457,7,11063,1786960786.4379914
3.046692568063736,7,11073,1786960786.8994224
3.045729635743534,7,11083,1786960787.355727
3.046416117085351,7,11093,1786960787.8143933
3.0477388833698473,7,11103,1786960788.2700572
3.0469673109054565,7,11113,1786960788.7358627
3.0485170001075383,7,11123,1786960789.194238
3.04763980995525,7,11133,1786960789.6460526
3.0471585874972136,7,11143,1786960790.109834
3.046847050388654,7,11153,1786960790.576002
3.045546422958374,7,11163,1786960791.0352795
3.047096290038182,7,11173,1786960791.5211477
3.045318161116706,7,11183,1786960791.9957173
3.04316275034632,7,11193,1786960792.4893591
3.045526080295957,7,11203,1786960792.9510362
3.045716183980306,7,11213,1786960793.4118395
3.045011538843955,7,11223,1786960793.8772132
3.043124479055405,7,11233,1786960794.3357506
3.040006786404234,7,11243,1786960794.784391
3.039869957110461,7,11253,1786960795.2495768
3.041128350666591,7,11263,1786960795.7045445
3.0430892613199023,7,11273,1786960796.15024
3.044479444864634,7,11283,1786960796.5930448
3.044455059578544,7,11293,1786960797.0322504
3.0455869717475696,7,11303,1786960797.4842992
3.0463881677389146,7,11313,1786960797.9201448
3.044433430346047,7,11323,1786960798.3641586
3.045285608087267,7,11333,1786960798.8088832
3.0470404242360316,7,11343,1786960799.2450724
3.047054832090031,7,11353,1786960799.689417
3.0460300233629014,7,11363,1786960800.1296697
3.0462802612263222,7,11373,1786960800.571654
3.046607901694927,7,11383,1786960801.0166607
3.047303184866905,7,11393,1786960801.4664273
3.0490679157023526,7,11403,1786960801.9156873
3.049107127666473,7,11413,1786960802.4016662
3.050821492251228,7,11423,1786960802.8460474
3.051448683096812,7,11433,1786960803.2815347
3.050874820745216,7,11443,1786960803.725861
3.0513982662448176,7,11453,1786960804.1701667
3.051659199541265,7,11463,1786960804.6255414
3.051931530237198,7,11473,1786960805.0783982
3.0518572589807342,7,11483,1786960805.5365827
3.0513385402745214,7,11493,1786960805.9921844
3.0523572493407687,7,11503,1786960806.4511855
3.052273857593536,7,11513,1786960806.9069703
3.0522496665110355,7,11523,1786960807.3692229
3.0529196712278552,7,11533,1786960807.8202217
3.0525829633076986,7,11543,1786960808.2697031
3.0527050640434026,7,11553,1786960808.7165015
3.0530962536885187,7,11563,1786960809.1775203
3.0536282842809506,7,11573,1786960809.6377218
3.052672716396958,7,11583,1786960810.1053886
3.052295993706759,7,11593,1786960810.5642462
3.0524795117585555,7,11603,1786960811.0164716
3.05258341721126,7,11613,1786960811.4688065
3.0523566276254788,7,11623,1786960811.916148
3.0525237484110725,7,11633,1786960812.4045165
3.0519181868801377,7,11643,1786960812.8573165
3.0530656073544478,7,11653,1786960813.314324
3.054343579610189,7,11663,1786960813.7656903
3.0551401125757316,7,11673,1786960814.2181668
3.0554256541388374,7,11683,1786960814.685305
3.0549530536700518,7,11693,1786960815.142548
3.05523794059512,7,11703,1786960815.5860636
3.055586042702198,7,11713,1786960816.0227811
3.0547237369749283,7,11723,1786960816.4738765
3.055104474614306,7,11733,1786960816.9201536
3.053388397664909,7,11743,1786960817.3651588
3.053769342956089,7,11753,1786960817.8082902
3.0541080143872428,7,11763,1786960818.256742
3.0533499218696774,7,11773,1786960818.7037845
3.0529309497482475,7,11783,1786960819.1465254
3.0526209338144823,7,11793,1786960819.5979831
3.0531881956571945,7,11803,1786960820.0584052
3.0535493024190266,7,11813,1786960820.5024078
3.0541926161273496,7,11823,1786960820.9364717
3.053355891549069,7,11833,1786960821.383728
3.0540028397754955,7,11843,1786960821.8381064
3.0542866014419716,7,11853,1786960822.3122637
3.054563105733771,7,11863,1786960822.7584343
3.053230217595895,7,11873,1786960823.1994743
3.0538678953328082,7,11883,1786960823.6504607
3.053482074883519,7,11893,1786960824.097656
3.0533060321904193,7,11903,1786960824.5486727
3.0529954888820647,7,11913,1786960824.9941854
3.0533563188987203,7,11923,1786960825.4370162
3.053237830657585,7,11933,1786960825.8754408
3.053663655623649,7,11943,1786960826.318468
3.0534684029909283,7,11953,1786960826.7641935
3.053750812666757,7,11963,1786960827.206696
3.0539436380818206,7,11973,1786960827.6578214
3.054167400565103,7,11983,1786960828.1101637
3.054476340391018,7,11993,1786960828.5633955
3.0544316576161514,7,12003,1786960829.0092225
3.0539458747343584,7,12013,1786960829.4538436
3.0539739116892086,7,12023,1786960829.8937385
3.0543528473802977,7,12033,1786960830.3373258
3.053622901756152,7,12043,1786960830.777523
3.0535741005027504,7,12053,1786960831.2223978
3.0535606966847957,7,12063,1786960831.6668332
3.052995023850737,7,12073,1786960832.1422877
3.0526828276805387,7,12083,1786960832.5912995
3.0534275131710507,7,12093,1786960833.0345144
3.0537383912992078,7,12103,1786960833.478198
3.054040777285894,7,12113,1786960833.9111779
3.054434539857975,7,12123,1786960834.3602104
3.0545363004090356,7,12133,1786960834.8032393
3.0543910776696555,7,12143,1786960835.2481048
3.0544130371462916,7,12153,1786960835.683905
3.054449902153015,7,12163,1786960836.1305218
3.0546846906344096,7,12173,1786960836.574916
3.054226897081991,7,12183,1786960837.019435
3.0545336006209256,7,12193,1786960837.4697127
3.054386094928712,7,12203,1786960837.9092107
3.0550194360659675,7,12213,1786960838.3514452
3.0549900744707528,7,12223,1786960838.7953918
3.054908857020465,7,12233,1786960839.2471669
3.054618455592851,7,12243,1786960839.6933837
3.0550527065547546,7,12253,1786960840.145356
3.054870446699637,7,12263,1786960840.5899072
3.055196184095214,7,12273,1786960841.031825
3.0555387881550478,7,12283,1786960841.479028
3.055922546594039,7,12293,1786960841.9296768
3.055319768404789,7,12303,1786960842.4047954
3.055295317513602,7,12313,1786960842.853463
3.0550484839906082,7,12323,1786960843.3100097
3.0551492973112726,7,12333,1786960843.7579806
3.0544581646685836,7,12343,1786960844.199225
3.054289064804713,7,12353,1786960844.6459136
3.054208571828645,7,12363,1786960845.095383
3.053841219699546,7,12373,1786960845.5300279
3.0540979837884707,7,12383,1786960845.9701028
3.0544751826170327,7,12393,1786960846.4059172
3.054651220212847,7,12403,1786960846.8433924
3.0543877374331156,7,12413,1786960847.2825818
3.054312502469448,7,12423,1786960847.7246857
3.054089957475662,7,12433,1786960848.1654866
3.053594009393181,7,12443,1786960848.6114216
3.0535297516104465,7,12453,1786960849.0551662
3.0536162519454955,7,12463,1786960849.4930513
3.0372188806533815,8,12482,1786960850.3372386
3.0328674793243406,8,12492,1786960850.7860298
3.051735218365987,8,12502,1786960851.2318106
3.0266049981117247,8,12512,1786960851.6887727
3.0422591257095335,8,12522,1786960852.161787
3.031533435980479,8,12532,1786960852.6070535
3.0268451622554235,8,12542,1786960853.0591254
3.0209867656230927,8,12552,1786960853.5034013
3.014332421620687,8,12562,1786960853.9486418
3.0128896188735963,8,12572,1786960854.40127
3.018281761082736,8,12582,1786960854.8496873
3.019380627075831,8,12592,1786960855.3098059
3.0267425830547627,8,12602,1786960855.7554045
3.020299656050546,8,12612,1786960856.1984787
3.0190453863143922,8,12622,1786960856.6434042
3.022387355566025,8,12632,1786960857.0878415
3.0268030391019933,8,12642,1786960857.531152
3.032325347264608,8,12652,1786960857.9741657
3.0262383975480733,8,12662,1786960858.4231246
3.028966829776764,8,12672,1786960858.876746
3.030039099284581,8,12682,1786960859.3384748
3.032281732559204,8,12692,1786960859.7861054
3.0294005736060763,8,12702,1786960860.2352858
3.0320142855246863,8,12712,1786960860.6824737
3.0354794063568113,8,12722,1786960861.125476
3.0372733152829685,8,12732,1786960861.5694
3.039168137974209,8,12742,1786960862.0160353
3.0394019646303994,8,12752,1786960862.4850008
3.039616145758793,8,12762,1786960862.9355335
3.039822619756063,8,12772,1786960863.3797116
3.0415559161093926,8,12782,1786960863.8243814
3.0415982574224474,8,12792,1786960864.2704437
3.0416901407819807,8,12802,1786960864.717793
3.042753773577073,8,12812,1786960865.1664677
3.044002845627921,8,12822,1786960865.6114783
3.0453328801525963,8,12832,1786960866.0543914
3.04643952975402,8,12842,1786960866.4948225
3.0479730386483044,8,12852,1786960866.9352386
3.047024633945563,8,12862,1786960867.3865721
3.049068024158478,8,12872,1786960867.835835
3.049552703485256,8,12882,1786960868.2825694
3.048760296049572,8,12892,1786960868.7268536
3.048348135171935,8,12902,1786960869.1827967
3.046512962471355,8,12912,1786960869.6392462
3.0474212498135036,8,12922,1786960870.0866716
3.0478096257085387,8,12932,1786960870.5334914
3.0472730027868393,8,12942,1786960870.9962292
3.0490861708919206,8,12952,1786960871.442445
3.050188634833511,8,12962,1786960871.8906052
3.049866232395172,8,12972,1786960872.3530428
3.0501289077833587,8,12982,1786960872.7984655
3.048807878677662,8,12992,1786960873.2374568
3.04984008726084,8,13002,1786960873.675269
3.050256309244368,8,13012,1786960874.1164029
3.0503444602272727,8,13022,1786960874.5603004
3.0495729386806487,8,13032,1786960875.0038753
3.049571492379172,8,13042,1786960875.4408677
3.049856370893018,8,13052,1786960875.8831823
3.048889899253845,8,13062,1786960876.3330688
3.0487887167930605,8,13072,1786960876.7767112
3.048620637909311,8,13082,1786960877.2152712
3.0494646560761236,8,13092,1786960877.6589768
3.0506473802384875,8,13102,1786960878.0939674
3.0511978339403867,8,13112,1786960878.531722
3.05183240707104,8,13122,1786960878.9745398
3.050501574169506,8,13132,1786960879.4322584
3.0497822555143443,8,13142,1786960879.8762195
3.049982778815662,8,13152,1786960880.322119
3.050563943213311,8,13162,1786960880.7655678
3.050281970160348,8,13172,1786960881.2067113
3.0506514613057525,8,13182,1786960881.6464958
3.049744165274832,8,13192,1786960882.1328743
3.050162148475647,8,13202,1786960882.5834692
3.0505562382775384,8,13212,1786960883.035547
3.051552450497945,8,13222,1786960883.4801579
3.0511599763443598,8,13232,1786960883.9213033
3.0512846841440573,8,13242,1786960884.3614686
3.0520683869337426,8,13252,1786960884.8084638
3.05119629117507,8,13262,1786960885.250325
3.050386957526207,8,13272,1786960885.693055
3.0509649991989134,8,13282,1786960886.1377974
3.051588205884143,8,13292,1786960886.582843
3.0520855958203237,8,13302,1786960887.0263896
3.051756470260166,8,13312,1786960887.4731772
3.0516489564671234,8,13322,1786960887.9249005
3.0516259686891423,8,13332,1786960888.378347
3.0525825991027657,8,13342,1786960888.8416886
3.051791916110299,8,13352,1786960889.2932405
3.051086974679754,8,13362,1786960889.7439916
3.0507922739452784,8,13372,1786960890.1923273
3.0498935607763435,8,13382,1786960890.640428
3.049740956658902,8,13392,1786960891.0774252
3.050400430669067,8,13402,1786960891.5100892
3.050210114996484,8,13412,1786960891.95909
3.050402288687857,8,13422,1786960892.4277956
3.0499573652942975,8,13432,1786960892.8772964
3.049682715750232,8,13442,1786960893.319257
3.0494587482238305,8,13452,1786960893.7606635
3.050097471294981,8,13462,1786960894.1981812
3.0499985942840575,8,13472,1786960894.644356
3.049819844312007,8,13482,1786960895.0832102
3.050128242782518,8,13492,1786960895.5253904
3.0498200823959793,8,13502,1786960895.966648
3.049789412892782,8,13512,1786960896.4076993
3.0504869476954144,8,13522,1786960896.8549564
3.0508652714063538,8,13532,1786960897.3045616
3.050884743717229,8,13542,1786960897.7481492
3.0507867080193978,8,13552,1786960898.1940062
3.0508274161487545,8,13562,1786960898.6304746
3.0513231320814653,8,13572,1786960899.0758162
3.0515385896235974,8,13582,1786960899.5152135
3.051099706121853,8,13592,1786960899.9539447
3.050869613622142,8,13602,1786960900.3903465
3.0510650214396025,8,13612,1786960900.8293226
3.051342438200246,8,13622,1786960901.2723334
3.0500231031713816,8,13632,1786960901.7143972
3.050050974707318,8,13642,1786960902.1903412
3.0500314702421933,8,13652,1786960902.6327202
3.050340055417614,8,13662,1786960903.0815554
3.0501056694984436,8,13672,1786960903.5281415
3.050125073204356,8,13682,1786960903.9842572
3.050232342422986,8,13692,1786960904.4205241
3.0499031293682934,8,13702,1786960904.871592
3.049972354981207,8,13712,1786960905.3135107
3.050335005569458,8,13722,1786960905.7578278
3.0498038080003527,8,13732,1786960906.209482
3.0495182947849666,8,13742,1786960906.668158
3.049956491030753,8,13752,1786960907.1213949
3.050595321581345,8,13762,1786960907.5733643
3.0506340113052954,8,13772,1786960908.043229
3.0505164785239534,8,13782,1786960908.497444
3.0511291518355863,8,13792,1786960908.9635577
3.0512765674662767,8,13802,1786960909.4305143
3.050756593070813,8,13812,1786960909.8993795
3.051324346507037,8,13822,1786960910.383419
3.050930480396046,8,13832,1786960910.8595102
3.051212727936515,8,13842,1786960911.3183546
3.051546387050463,8,13852,1786960911.7873363
3.0520334832102276,8,13862,1786960912.2993011
3.051966687100274,8,13872,1786960912.763556
3.0518135425892283,8,13882,1786960913.233335
3.0519383012408943,8,13892,1786960913.6974456
3.0517154286791395,8,13902,1786960914.1481779
3.051336285637485,8,13912,1786960914.5887656
3.051028381544968,8,13922,1786960915.0344443
3.05045961010946,8,13932,1786960915.4898455
3.0505443522719298,8,13942,1786960915.9396024
3.050847967412021,8,13952,1786960916.3868606
3.0514322890531296,8,13962,1786960916.827686
3.0518926450411477,8,13972,1786960917.268735
3.052055494832677,8,13982,1786960917.7105956
3.0518698372338946,8,13992,1786960918.159583
3.0518687528722426,8,14002,1786960918.602429
3.051963508748389,8,14012,1786960919.0467782
3.0521712663096765,8,14022,1786960919.4840446
3.0607877016067504,9,14041,1786960920.3233423
3.0382624745368956,9,14051,1786960920.7720203
3.028532449404399,9,14061,1786960921.2122443
3.02973068356514,9,14071,1786960921.650148
3.044816355705261,9,14081,1786960922.1292255
3.04443382024765,9,14091,1786960922.577394
3.0435612065451485,9,14101,1786960923.0253923
3.053359028697014,9,14111,1786960923.469276
3.0476865106158786,9,14121,1786960923.923168
3.051040601730347,9,14131,1786960924.3654687
3.055604694106362,9,14141,1786960924.8041942
3.0511472105979918,9,14151,1786960925.2466705
3.0480310073265664,9,14161,1786960925.6843026
3.046450872080667,9,14171,1786960926.135461
3.0463026746114097,9,14181,1786960926.5884447
3.0456038877367972,9,14191,1786960927.056987
3.0399672746658326,9,14201,1786960927.5120807
3.0441985090573627,9,14211,1786960927.9693732
3.0453554241280805,9,14221,1786960928.432869
3.0456438398361207,9,14231,1786960928.8922837
3.0483368726003737,9,14241,1786960929.3761947
3.0451656915924765,9,14251,1786960929.8461254
3.0470087559326835,9,14261,1786960930.3044167
3.044289211432139,9,14271,1786960930.7668483
3.046796657562256,9,14281,1786960931.2501643
3.0461107299878045,9,14291,1786960931.7014837
3.042621699968974,9,14301,1786960932.1905138
3.042752860273634,9,14311,1786960932.6239026
3.0415026582520586,9,14321,1786960933.0602624
3.039308401743571,9,14331,1786960933.4989376
3.042917652283945,9,14341,1786960933.9348006
3.044754957407713,9,14351,1786960934.3794358
3.0443648872953473,9,14361,1786960934.8256724
3.0447474858340096,9,14371,1786960935.2797813
3.0456822524751934,9,14381,1786960935.725281
3.0460783183574676,9,14391,1786960936.1730227
3.0477167309941473,9,14401,1786960936.643355
3.047842087243733,9,14411,1786960937.112527
3.0485937766539744,9,14421,1786960937.576465
3.0478613448143004,9,14431,1786960938.0455816
3.0474654622194244,9,14441,1786960938.500066
3.0470543412935167,9,14451,1786960938.9621346
3.0441856356554253,9,14461,1786960939.4245484
3.0441437038508328,9,14471,1786960939.8884058
3.043749770058526,9,14481,1786960940.35326
3.0451662612997965,9,14491,1786960940.8209562
3.047233849890689,9,14501,1786960941.3122616
3.047131578127543,9,14511,1786960941.779468
3.046437777305136,9,14521,1786960942.2794762
3.045265776634216,9,14531,1786960942.730898
3.0445579598931705,9,14541,1786960943.1958926
3.0446130362840798,9,14551,1786960943.6472766
3.0436284942447016,9,14561,1786960944.0963457
3.043092224333021,9,14571,1786960944.546488
3.0437455753846603,9,14581,1786960945.0008166
3.0423824233668193,9,14591,1786960945.4509983
3.0434781329673632,9,14601,1786960945.895344
3.042567551136017,9,14611,1786960946.3422964
3.0445369736622956,9,14621,1786960946.811342
3.044875212510427,9,14631,1786960947.277232
3.045437358246475,9,14641,1786960947.7363918
3.0450887626217256,9,14651,1786960948.1878355
3.0447711940795656,9,14661,1786960948.6268272
3.044278438389301,9,14671,1786960949.0843015
3.044417706636282,9,14681,1786960949.545026
3.043564749125278,9,14691,1786960949.9932654
3.0433211586368616,9,14701,1786960950.4407492
3.042886110964943,9,14711,1786960950.8893342
3.0433958475140557,9,14721,1786960951.3384109
3.044199210575649,9,14731,1786960951.7867868
3.0446959294063944,9,14741,1786960952.262693
3.043854242232111,9,14751,1786960952.7008057
3.043365108803527,9,14761,1786960953.142669
3.043586138132456,9,14771,1786960953.5780413
3.0432350680033364,9,14781,1786960954.0076613
3.0444806268340665,9,14791,1786960954.4438639
3.045479562994722,9,14801,1786960954.8741388
3.045130328948681,9,14811,1786960955.3142123
3.0457991841473158,9,14821,1786960955.755055
3.0456663829088213,9,14831,1786960956.200076
3.0457663586110244,9,14841,1786960956.6423595
3.044887804694292,9,14851,1786960957.0965314
3.045842710460525,9,14861,1786960957.5405326
3.046054323230471,9,14871,1786960957.979555
3.047397327703588,9,14881,1786960958.4188738
3.047412242168604,9,14891,1786960958.862088
3.047939778470445,9,14901,1786960959.3133914
3.048310537229885,9,14911,1786960959.752327
3.0482323860854246,9,14921,1786960960.1896415
3.0481274029943677,9,14931,1786960960.6227438
3.0483603464378106,9,14941,1786960961.057864
3.048785954972972,9,14951,1786960961.4983685
3.0485035706591863,9,14961,1786960961.9448948
3.0484217562574023,9,14971,1786960962.4204156
3.0480726588399785,9,14981,1786960962.8604422
3.047313778847456,9,14991,1786960963.294583
3.047507936929919,9,15001,1786960963.7344522
3.0484495216486405,9,15011,1786960964.170925
3.0489373553882944,9,15021,1786960964.610714
3.049194895029068,9,15031,1786960965.047828
3.0484048276844593,9,15041,1786960965.4882789
3.047695519176184,9,15051,1786960965.9313767
3.048706750499392,9,15061,1786960966.3742115
3.0489613441320564,9,15071,1786960966.8136327
3.0481204566501434,9,15081,1786960967.258901
3.0479237410257447,9,15091,1786960967.6977837
3.0486077725330247,9,15101,1786960968.1383374
3.049280126889547,9,15111,1786960968.5824518
3.049095953932596,9,15121,1786960969.0251257
3.0485329662669787,9,15131,1786960969.471928
3.049027865427034,9,15141,1786960969.9085758
3.048827363763537,9,15151,1786960970.344457
3.049015703243492,9,15161,1786960970.7726984
3.0492569730992902,9,15171,1786960971.2107213
3.049601715129355,9,15181,1786960971.664312
3.0497608090269153,9,15191,1786960972.132842
3.0499052182222024,9,15201,1786960972.5770068
3.0496272218429437,9,15211,1786960973.0163507
3.049933420710203,9,15221,1786960973.4606907
3.049908532897631,9,15231,1786960973.9004688
3.0502611248946385,9,15241,1786960974.3363225
3.050304012611264,9,15251,1786960974.7741823
3.0501107229449884,9,15261,1786960975.2387106
3.050026454271809,9,15271,1786960975.7170594
3.049900708580017,9,15281,1786960976.1702688
3.0493028247167193,9,15291,1786960976.6236403
3.049507181850944,9,15301,1786960977.0747583
3.0498666325584054,9,15311,1786960977.5230756
3.0503771325414495,9,15321,1786960977.9717376
3.0509098406938406,9,15331,1786960978.419032
3.0514325036347367,9,15341,1786960978.8507488
3.050896154208617,9,15351,1786960979.28475
3.0507760587491486,9,15361,1786960979.720581
3.051060604159512,9,15371,1786960980.161339
3.0508080812736793,9,15381,1786960980.596334
3.050633667321766,9,15391,1786960981.03083
3.0506171181254143,9,15401,1786960981.4911976
3.05060516682224,9,15411,1786960981.9274976
3.0507457607941664,9,15421,1786960982.4010844
3.0509523715291706,9,15431,1786960982.8402228
3.0503316478526337,9,15441,1786960983.290044
3.0503974153961932,9,15451,1786960983.7390416
3.050810375747147,9,15461,1786960984.1846294
3.051189267469777,9,15471,1786960984.627496
3.0513176429682765,9,15481,1786960985.0644224
3.051465936556254,9,15491,1786960985.5175235
3.0509591847049946,9,15501,1786960985.9583144
3.0510821063776272,9,15511,1786960986.402993
3.0513733767823084,9,15521,1786960986.8395183
3.051158670902252,9,15531,1786960987.2761579
3.0514109279935724,9,15541,1786960987.71945
3.05108575318989,9,15551,1786960988.1504176
3.05112087726593,9,15561,1786960988.588233
3.05126251973115,9,15571,1786960989.0331237
3.051104333631454,9,15581,1786960989.499542
2.083109700679779,0,10,1786961309.950099
1.4023978948593139,0,20,1786961310.4046247
1.1081292261679967,0,30,1786961310.8567843
0.9676614955067635,0,40,1786961311.3126948
0.8765327000617981,0,50,1786961311.7654386
0.8027505626281103,0,60,1786961312.2705598
0.7660572000912258,0,70,1786961312.7290905
0.7279766697436572,0,80,1786961313.1855593
0.6989262163639068,0,90,1786961313.633859
0.6769388544559479,0,100,1786961314.0847576
0.656370934844017,0,110,1786961314.5501885
0.6425773896276951,0,120,1786961315.022304
0.6286567754470385,0,130,1786961315.4874969
0.6228243663907052,0,140,1786961315.9511907
0.6146975169579189,0,150,1786961316.417474
0.6023293327540159,0,160,1786961316.8927622
0.5932354939334533,0,170,1786961317.3712995
0.58330939412117,0,180,1786961317.8356636
0.578761942449369,0,190,1786961318.3053086
0.5748263391852378,0,200,1786961318.7756724
0.5680598527193069,0,210,1786961319.252864
0.56357355307449,0,220,1786961319.7179189
0.5581085452566976,0,230,1786961320.1863317
0.5549083534628153,0,240,1786961320.6493735
0.5483509964942932,0,250,1786961321.1085277
0.546376730960149,0,260,1786961321.5562155
0.541432946589258,0,270,1786961322.007897
0.5358136355876922,0,280,1786961322.4899395
0.5337600645320169,0,290,1786961322.9313288
0.5314857536554336,0,300,1786961323.3761888
0.5302265460452725,0,310,1786961323.829841
0.5266951548866927,0,320,1786961324.2850342
0.5228806852391272,0,330,1786961324.7365298
0.5212497155455982,0,340,1786961325.1863692
0.5190537624699729,0,350,1786961325.6466105
0.5166325642002954,0,360,1786961326.1012914
0.5152262664324528,0,370,1786961326.5478482
0.5130442982441501,0,380,1786961326.9956458
0.5127837032079696,0,390,1786961327.4494565
0.5104500523209572,0,400,1786961327.8981247
0.507477514118683,0,410,1786961328.3568866
0.5064392614222708,0,420,1786961328.8026488
0.5045057936463245,0,430,1786961329.254181
0.5003629244863987,0,440,1786961329.7016919
0.4969473635819223,0,450,1786961330.151571
0.49511677901382034,0,460,1786961330.6102638
0.49411144884342845,0,470,1786961331.066536
0.4921886377036572,0,480,1786961331.5303807
0.4910693188102878,0,490,1786961331.9915752
0.4901528641581535,0,500,1786961332.4924598
0.4881215410489662,0,510,1786961332.9415877
0.4865008294582367,0,520,1786961333.385257
0.4848368410231932,0,530,1786961333.8311474
0.4841254660928691,0,540,1786961334.2826598
0.4826532584428787,0,550,1786961334.7370746
0.48179402340735705,0,560,1786961335.1909935
0.47980886195835315,0,570,1786961335.647289
0.4775966713654584,0,580,1786961336.1042492
0.4773114273608741,0,590,1786961336.5573804
0.47603613865872224,0,600,1786961337.013367
0.4753176015175757,0,610,1786961337.461321
0.47477893139566146,0,620,1786961337.9231458
0.4731855027022816,0,630,1786961338.3753061
0.4720570961246267,0,640,1786961338.8400931
0.4713560157326552,0,650,1786961339.2985601
0.4712345532621398,0,660,1786961339.7477
0.4707184081869339,0,670,1786961340.199687
0.47017631896716705,0,680,1786961340.6481326
0.4692225630084674,0,690,1786961341.1013465
0.46868223984326635,0,700,1786961341.5491345
0.46829512587315597,0,710,1786961342.0073307
0.4674032700351543,0,720,1786961342.4884818
0.466608381781676,0,730,1786961342.939773
0.46492514370663746,0,740,1786961343.394718
0.4643407149116198,0,750,1786961343.8436701
0.4637968328634375,0,760,1786961344.2983577
0.46285184484410596,0,770,1786961344.7413843
0.46238289947311084,0,780,1786961345.203583
0.46143598856428003,0,790,1786961345.6547756
0.4598755365796387,0,800,1786961346.1159043
0.45975482638603377,0,810,1786961346.5683694
0.4589106695135919,0,820,1786961347.028176
0.4581006092299898,0,830,1786961347.479343
0.4582954845080773,0,840,1786961347.945455
0.45781358287614937,0,850,1786961348.4168313
0.4580010353825813,0,860,1786961348.8709319
0.45713731393046764,0,870,1786961349.3467348
0.4566945133561438,0,880,1786961349.8153908
0.45736957155586627,0,890,1786961350.2954838
0.457287467651897,0,900,1786961350.7522106
0.4572097515666878,0,910,1786961351.2408848
0.4563782263385213,0,920,1786961351.707391
0.4558054928497602,0,930,1786961352.2182794
0.4556906696963818,0,940,1786961352.6857479
0.4549192344358093,0,950,1786961353.1440277
0.45422857073135675,0,960,1786961353.5999675
0.4532428409635406,0,970,1786961354.0490956
0.4532063333659756,0,980,1786961354.4972816
0.4525520518572644,0,990,1786961354.9405186
0.4524959109425545,0,1000,1786961355.3939285
0.4523266007109444,0,1010,1786961355.8422124
0.4517662443366705,0,1020,1786961356.286901
0.45084752654566346,0,1030,1786961356.7351003
0.4498616023132434,0,1040,1786961357.201026
0.44947634645870754,0,1050,1786961357.6500452
0.44869730523172413,0,1060,1786961358.1031358
0.4484787574159765,0,1070,1786961358.556037
0.4480355594445158,0,1080,1786961358.9972851
0.44783638540757903,0,1090,1786961359.4608855
0.4471056696772575,0,1100,1786961359.9076884
0.4468487030214018,0,1110,1786961360.3588293
0.44638597784297807,0,1120,1786961360.8148947
0.44562045868519135,0,1130,1786961361.2757797
0.445184236372772,0,1140,1786961361.7298603
0.44526379406452177,0,1150,1786961362.239455
0.444545357622977,0,1160,1786961362.6867921
0.4439058019692062,0,1170,1786961363.1387367
0.4431398359774533,0,1180,1786961363.5894907
0.4428926254395677,0,1190,1786961364.0407536
0.44216691204657155,0,1200,1786961364.4963732
0.4419335400393187,0,1210,1786961364.979676
0.44200137214826757,0,1220,1786961365.4624977
0.44164494422635414,0,1230,1786961365.930869
0.44132266379892826,0,1240,1786961366.382476
0.4412353647351265,0,1250,1786961366.8209534
0.4406805525223414,0,1260,1786961367.2706347
0.44080558617518645,0,1270,1786961367.7153647
0.4402152586262673,0,1280,1786961368.1607437
0.4401748736237371,0,1290,1786961368.602171
0.4394694349857477,0,1300,1786961369.0476027
0.4386638448211073,0,1310,1786961369.491279
0.4379988204574946,0,1320,1786961369.93089
0.4373546288425761,0,1330,1786961370.3948026
0.43726716964547313,0,1340,1786961370.8492136
0.4369505536777002,0,1350,1786961371.3180938
0.43671013704117606,0,1360,1786961371.7695088
0.43648638024817416,0,1370,1786961372.2558491
0.4362712414584298,0,1380,1786961372.7073195
0.4356949534776399,0,1390,1786961373.1597757
0.43555964948875564,0,1400,1786961373.6123977
0.435283308122175,0,1410,1786961374.073423
0.43494990855245524,0,1420,1786961374.5306818
0.43549229806953377,0,1430,1786961374.9736762
0.43542146968344847,0,1440,1786961375.4294505
0.4350898040368639,0,1450,1786961375.887578
0.43507081472302134,0,1460,1786961376.341121
0.43475600874342885,0,1470,1786961376.793637
0.4343627404119517,0,1480,1786961377.2442243
0.434270130327884,0,1490,1786961377.7114294
0.43372543347875275,0,1500,1786961378.1574135
0.4331879365029714,0,1510,1786961378.6095243
0.4333251778722594,0,1520,1786961379.0667038
0.43288240686935536,0,1530,1786961379.5131288
0.43260489023931614,0,1540,1786961379.960987
0.4319738697044311,0,1550,1786961380.4148254
0.37406047284603117,1,1569,1786961381.2969556
0.40442596226930616,1,1579,1786961381.7459471
0.3823564479748408,1,1589,1786961382.2397401
0.3761482138186693,1,1599,1786961382.6898692
0.3706898957490921,1,1609,1786961383.1437516
0.3727883271872997,1,1619,1786961383.5915062
0.3836104480283601,1,1629,1786961384.0389533
0.38197243493050337,1,1639,1786961384.49392
0.38859989328516853,1,1649,1786961384.9440832
0.3888428668677807,1,1659,1786961385.4015565
0.38467593653635546,1,1669,1786961385.8789756
0.38079825341701506,1,1679,1786961386.3282208
0.3802214138782941,1,1689,1786961386.771701
0.38216883412429264,1,1699,1786961387.2165937
0.3816915104786555,1,1709,1786961387.685132
0.3849863909184933,1,1719,1786961388.1472998
0.3849525348228567,1,1729,1786961388.6105719
0.38539463844564226,1,1739,1786961389.077945
0.3880637383774707,1,1749,1786961389.5442421
0.3894301253557205,1,1759,1786961390.000813
0.3882593159164701,1,1769,1786961390.471908
0.39247699434107003,1,1779,1786961390.9271436
0.3910954352306283,1,1789,1786961391.3966205
0.39148260044554867,1,1799,1786961391.8687892
0.38976757192611694,1,1809,1786961392.3614323
0.3881800901431304,1,1819,1786961392.8177524
0.38804478424566763,1,1829,1786961393.2866392
0.3861399750624384,1,1839,1786961393.7337356
0.3852349343998679,1,1849,1786961394.186397
0.3860043588280678,1,1859,1786961394.6334696
0.3878661290291817,1,1869,1786961395.0827055
0.3874986717477441,1,1879,1786961395.5362332
0.38687030636903014,1,1889,1786961395.9966538
0.3850549990639967,1,1899,1786961396.4511423
0.38419430613517763,1,1909,1786961396.8983939
0.38532643268505734,1,1919,1786961397.3495512
0.38462363537904376,1,1929,1786961397.7950566
0.3856505361042525,1,1939,1786961398.2453866
0.38527215810922477,1,1949,1786961398.6865335
0.3857778397575021,1,1959,1786961399.1356606
0.38498280451792044,1,1969,1786961399.5879145
0.3841882394538039,1,1979,1786961400.03944
0.3828754355394563,1,1989,1786961400.4869378
0.38213097531009804,1,1999,1786961400.92969
0.38261925482087666,1,2009,1786961401.3884928
0.38288381187164267,1,2019,1786961401.8379486
0.38277332335710523,1,2029,1786961402.3252478
0.38365023201331494,1,2039,1786961402.772889
0.3831142687371799,1,2049,1786961403.2211401
0.3829858187139034,1,2059,1786961403.6709535
0.3816316852382585,1,2069,1786961404.1407597
0.38149593013983507,1,2079,1786961404.6022613
0.3813909197191023,1,2089,1786961405.045255
0.38291416151656044,1,2099,1786961405.4928172
0.382345029278235,1,2109,1786961405.9352942
0.38177224855337827,1,2119,1786961406.3840988
0.3816541060282473,1,2129,1786961406.8337405
0.3811530830788201,1,2139,1786961407.287102
0.38193705584538185,1,2149,1786961407.733175
0.381679952070117,1,2159,1786961408.1774902
0.38150122612714765,1,2169,1786961408.6400478
0.38134442988422607,1,2179,1786961409.110336
0.3813481795172843,1,2189,1786961409.586209
0.3814084764337167,1,2199,1786961410.047541
0.38159906201637706,1,2209,1786961410.516183
0.3808770349757238,1,2219,1786961410.9801366
0.3811770083521729,1,2229,1786961411.448578
0.38083196742569697,1,2239,1786961411.9193206
0.3803576508293981,1,2249,1786961412.4176774
0.38013130579675947,1,2259,1786961412.8821762
0.37987440564263036,1,2269,1786961413.3454962
0.3800484463158581,1,2279,1786961413.809098
0.3807255835565802,1,2289,1786961414.256985
0.38035459272764827,1,2299,1786961414.7077088
0.38038267771402995,1,2309,1786961415.1562483
0.38079604898628433,1,2319,1786961415.6092305
0.3808358213344178,1,2329,1786961416.0535107
0.38115589530804217,1,2339,1786961416.4978335
0.3824839571608773,1,2349,1786961416.9491851
0.3827409748733044,1,2359,1786961417.4070625
0.3830585176562086,1,2369,1786961417.8567827
0.38345735999869135,1,2379,1786961418.3104527
0.38329755010375055,1,2389,1786961418.765569
0.38489875062590556,1,2399,1786961419.2194738
0.38433942426653467,1,2409,1786961419.6718569
0.38382414841028145,1,2419,1786961420.1179223
0.383906868048783,1,2429,1786961420.5678022
0.384614656035873,1,2439,1786961421.001347
0.38486651488569346,1,2449,1786961421.444635
0.3852406121128135,1,2459,1786961421.8974955
0.38550838888673994,1,2469,1786961422.3788202
0.38584565427964146,1,2479,1786961422.8311088
0.3856508689381743,1,2489,1786961423.27556
0.38620506317374553,1,2499,1786961423.7192595
0.38674788081332256,1,2509,1786961424.160709
0.3869906540028751,1,2519,1786961424.61337
0.38666450776082956,1,2529,1786961425.0576494
0.38639844073628893,1,2539,1786961425.4958737
0.3861142300445624,1,2549,1786961425.9489577
0.3858495591729879,1,2559,1786961426.4008808
0.38590302946839,1,2569,1786961426.8459094
0.3856187753817614,1,2579,1786961427.3058672
0.3860718131933397,1,2589,1786961427.7563016
0.38569248337298634,1,2599,1786961428.2019668
0.38615557652144206,1,2609,1786961428.671066
0.3862381653825067,1,2619,1786961429.1262727
0.3866148699806115,1,2629,1786961429.5802684
0.38619988018439877,1,2639,1786961430.0360272
0.3864618500848429,1,2649,1786961430.4903135
0.3860968428985639,1,2659,1786961430.9413307
0.3861618409419919,1,2669,1786961431.400225
0.38685909197000523,1,2679,1786961431.857597
0.3869411537605049,1,2689,1786961432.3474467
0.38660186184080025,1,2699,1786961432.8074799
0.38610431121743244,1,2709,1786961433.25638
0.3864320452999452,1,2719,1786961433.7209556
0.3866083964960188,1,2729,1786961434.1674547
0.38683130747433436,1,2739,1786961434.6167643
0.3865072634415466,1,2749,1786961435.0659566
0.386779210579892,1,2759,1786961435.5235093
0.38656041622161863,1,2769,1786961436.020553
0.3862111086361721,1,2779,1786961436.5054004
0.38647650963649516,1,2789,1786961436.984179
0.38668535260423537,1,2799,1786961437.4741776
0.3864069858551025,1,2809,1786961437.9423988
0.38639103739507613,1,2819,1786961438.4082558
0.3866305353486632,1,2829,1786961438.868301
0.3864874533377588,1,2839,1786961439.335454
0.38615813985351444,1,2849,1786961439.787838
0.385746766947783,1,2859,1786961440.250497
0.38570620529069244,1,2869,1786961440.7191408
0.3858841050980669,1,2879,1786961441.190965
0.38569868020993425,1,2889,1786961441.6603055
0.3853783210934098,1,2899,1786961442.1464462
0.3853507869331925,1,2909,1786961442.61784
0.38565931342103904,1,2919,1786961443.0730798
0.38553598851618104,1,2929,1786961443.5430717
0.3855940884006196,1,2939,1786961444.0078738
0.38565493905715803,1,2949,1786961444.4733067
0.38606955551675387,1,2959,1786961444.9341896
0.3863829381711094,1,2969,1786961445.3948424
0.386747996236237,1,2979,1786961445.8674657
0.3869712874814347,1,2989,1786961446.3304353
0.38730105256868735,1,2999,1786961446.7889056
0.38714229068879424,1,3009,1786961447.249053
0.38690565905138236,1,3019,1786961447.7051868
0.3866868056914433,1,3029,1786961448.1627374
0.3868973368023698,1,3039,1786961448.6258683
0.3867358174800073,1,3049,1786961449.0810273
0.3868154239952564,1,3059,1786961449.5406895
0.38671400509527976,1,3069,1786961449.9953337
0.3873093207807917,1,3079,1786961450.4510562
0.3871444443666857,1,3089,1786961450.91391
0.3871751787794101,1,3099,1786961451.3849137
0.3871566504816855,1,3109,1786961451.87209
0.39139465242624283,2,3128,1786961452.7722325
0.37949542626738547,2,3138,1786961453.2255294
0.3736231173078219,2,3148,1786961453.684345
0.37791094966232774,2,3158,1786961454.1337452
0.3785890206694603,2,3168,1786961454.5939226
0.3746942532559236,2,3178,1786961455.0482707
0.3753390991262027,2,3188,1786961455.510973
0.379313294775784,2,3198,1786961456.00174
0.3755839498506652,2,3208,1786961456.5044596
0.37388181120157243,2,3218,1786961456.9556444
0.3714019855315035,2,3228,1786961457.4106445
0.37264600905279316,2,3238,1786961457.8707123
0.37205853015184404,2,3248,1786961458.3323355
0.3714194915124348,2,3258,1786961458.7883112
0.3722863930463791,2,3268,1786961459.2439518
0.3748085521161556,2,3278,1786961459.7075336
0.3749012458850356,2,3288,1786961460.163951
0.3775022328727775,2,3298,1786961460.6243339
0.3805821081525401,2,3308,1786961461.0767016
0.3839839182794094,2,3318,1786961461.54495
0.38293743232885996,2,3328,1786961462.010573
0.3840201369740746,2,3338,1786961462.5088
0.38890848289365354,2,3348,1786961462.9699085
0.3905650676538547,2,3358,1786961463.4313
0.3903731850385666,2,3368,1786961463.8827636
0.3921975342126993,2,3378,1786961464.3440456
0.392772994990702,2,3388,1786961464.8031616
0.3941173177212477,2,3398,1786961465.273439
0.3954020673344875,2,3408,1786961465.7386625
0.3945836246510347,2,3418,1786961466.1948872
0.3961143218221203,2,3428,1786961466.6574533
0.39917480875737965,2,3438,1786961467.1140773
0.40183486979116095,2,3448,1786961467.5817442
0.4004179601721904,2,3458,1786961468.0468428
0.3986676692962646,2,3468,1786961468.5019062
0.3971159523559941,2,3478,1786961468.9583895
0.39579061660412196,2,3488,1786961469.4379282
0.3955138663320165,2,3498,1786961469.901035
0.3939071900951557,2,3508,1786961470.3792875
0.3937382912263274,2,3518,1786961470.848928
0.393150458721126,2,3528,1786961471.3159208
0.3927900164255074,2,3538,1786961471.7821844
0.3925526140734207,2,3548,1786961472.2760675
0.3916823858903213,2,3558,1786961472.7389052
0.3917973774671555,2,3568,1786961473.2067673
0.390645523045374,2,3578,1786961473.6756892
0.3888587216113476,2,3588,1786961474.1341188
0.38797624378154677,2,3598,1786961474.5977678
0.38803220762282004,2,3608,1786961475.0615673
0.38774108028411863,2,3618,1786961475.525899
0.38815083936149,2,3628,1786961475.9982803
0.3879653336910101,2,3638,1786961476.4651449
0.38721622757191926,2,3648,1786961476.956222
0.386813386750442,2,3658,1786961477.42524
0.3865472837740725,2,3668,1786961477.8862643
0.38655951169452496,2,3678,1786961478.3520546
0.387001512317281,2,3688,1786961478.807055
0.38713845191844576,2,3698,1786961479.2637832
0.38686782866716385,2,3708,1786961479.722488
0.38662169304986793,2,3718,1786961480.1795998
0.3867272086075095,2,3728,1786961480.6400392
0.3868110747827638,2,3738,1786961481.0983377
0.3865645786836034,2,3748,1786961481.5667865
0.3861049317056313,2,3758,1786961482.03532
0.38551345822902827,2,3768,1786961482.510831
0.3857753998176618,2,3778,1786961482.983777
0.38578920962650387,2,3788,1786961483.4485903
0.38638759292662145,2,3798,1786961483.9073024
0.38617711566064666,2,3808,1786961484.3671355
0.3854868990821498,2,3818,1786961484.8222473
0.3852119672256456,2,3828,1786961485.2751563
0.38467584097137053,2,3838,1786961485.7389524
0.3846896249341638,2,3848,1786961486.197233
0.38417767640706657,2,3858,1786961486.665067
0.38354179640611014,2,3868,1786961487.138322
0.3830701260974533,2,3878,1786961487.5934238
0.383189470446729,2,3888,1786961488.0625653
0.3831295162248306,2,3898,1786961488.522405
0.38249821587453914,2,3908,1786961488.9729354
0.3825197147578001,2,3918,1786961489.4347794
0.3821066814624233,2,3928,1786961489.890077
0.38173211662144196,2,3938,1786961490.3434157
0.38166701504624034,2,3948,1786961490.8124547
0.3812940265451159,2,3958,1786961491.2691765
0.3817112566267743,2,3968,1786961491.7316704
0.38090876826020176,2,3978,1786961492.227316
0.3803778160577533,2,3988,1786961492.6916373
0.3807648152790286,2,3998,1786961493.1507812
0.38075304607327065,2,4008,1786961493.6243265
0.38055516441663106,2,4018,1786961494.0870357
0.38002629321027587,2,4028,1786961494.5561163
0.37904373112580053,2,4038,1786961495.0155892
0.3784273491431308,2,4048,1786961495.4717603
0.3790193705799732,2,4058,1786961495.9333146
0.3784418040984555,2,4068,1786961496.398443
0.3790227294433862,2,4078,1786961496.857139
0.37938020676374434,2,4088,1786961497.326431
0.3797022574258094,2,4098,1786961497.7947736
0.37995772393363897,2,4108,1786961498.260187
0.37997528751194476,2,4118,1786961498.7280314
0.3798787646216921,2,4128,1786961499.1935267
0.37953418778146014,2,4138,1786961499.660411
0.37940678068445727,2,4148,1786961500.1181521
0.37967034000903366,2,4158,1786961500.5770283
0.379760897003469,2,4168,1786961501.03105
0.37987223838297823,2,4178,1786961501.5041013
0.3797247715085466,2,4188,1786961501.9782076
0.3796652935721256,2,4198,1786961502.4691484
0.3795141728646165,2,4208,1786961502.9242756
0.37945099239999597,2,4218,1786961503.3950572
0.37909294654120196,2,4228,1786961503.874379
0.37902913341032607,2,4238,1786961504.336372
0.378815485655734,2,4248,1786961504.7958298
0.3786609750306397,2,4258,1786961505.2591693
0.37872625877027927,2,4268,1786961505.7275455
0.37868815782512055,2,4278,1786961506.1940129
0.37803547266456816,2,4288,1786961506.6574247
0.37836805426720843,2,4298,1786961507.1283834
0.3785226602764691,2,4308,1786961507.5845792
0.37844647631049155,2,4318,1786961508.0482655
0.37897369915788826,2,4328,1786961508.5157123
0.3786960827766872,2,4338,1786961508.971783
0.3796112518727295,2,4348,1786961509.4320767
0.3801459210414079,2,4358,1786961509.8884203
0.38050760532617567,2,4368,1786961510.3473763
0.38124201994330165,2,4378,1786961510.8087575
0.3816439416464858,2,4388,1786961511.2625465
0.3817021476803347,2,4398,1786961511.74591
0.38194525440533955,2,4408,1786961512.2311187
0.38166047248702784,2,4418,1786961512.6890275
0.38153180747314264,2,4428,1786961513.1509032
0.38135887511977645,2,4438,1786961513.613276
0.3810749950153487,2,4448,1786961514.0743244
0.38175038365063385,2,4458,1786961514.5410337
0.38224932309654025,2,4468,1786961515.0012732
0.3822803979739547,2,4478,1786961515.4660175
0.3822832723929934,2,4488,1786961515.9262362
0.3820155249233695,2,4498,1786961516.4023433
0.3820460993716185,2,4508,1786961516.8870037
0.3815839630897556,2,4518,1786961517.3533285
0.3813211664663139,2,4528,1786961517.8169694
0.38137226931645835,2,4538,1786961518.2924178
0.381218693889938,2,4548,1786961518.7632587
0.3812655294314027,2,4558,1786961519.223906
0.38096163075545736,2,4568,1786961519.68356
0.3808724076168178,2,4578,1786961520.1482453
0.38127011569584307,2,4588,1786961520.617419
0.3812868771923555,2,4598,1786961521.0741112
0.3814865839161329,2,4608,1786961521.540753
0.38181962899367017,2,4618,1786961522.0083215
0.38171363628857974,2,4628,1786961522.502862
0.38157219718161384,2,4638,1786961522.9746344
0.3817806232209299,2,4648,1786961523.4462893
0.3823033700515698,2,4658,1786961523.9275546
0.3827937767774828,2,4668,1786961524.4137328
0.3898849219083786,3,4687,1786961525.3271837
0.37116044014692307,3,4697,1786961525.8234794
0.37604463249444964,3,4707,1786961526.3134005
0.3761326249688864,3,4717,1786961526.806985
0.3689570751786232,3,4727,1786961527.294158
0.3690947291751703,3,4737,1786961527.782738
0.3770353677017348,3,4747,1786961528.270776
0.3770619409158826,3,4757,1786961528.7575579
0.37443653990825015,3,4767,1786961529.2405448
0.3772688126564026,3,4777,1786961529.719163
0.3757829324765639,3,4787,1786961530.1963065
0.38071656425793965,3,4797,1786961530.6693707
0.38046644238325267,3,4807,1786961531.1507325
0.380393297970295,3,4817,1786961531.6238053
0.3816658004124959,3,4827,1786961532.1304002
0.38325519729405644,3,4837,1786961532.6020582
0.3818982343463337,3,4847,1786961533.070056
0.38245389097266724,3,4857,1786961533.5524592
0.38345194098196533,3,4867,1786961534.0221868
0.3848688845336437,3,4877,1786961534.48537
0.3840424615712393,3,4887,1786961534.9475577
0.38369642157446254,3,4897,1786961535.4218779
0.38390117494956305,3,4907,1786961535.8971362
0.38388416171073914,3,4917,1786961536.387862
0.3840457671880722,3,4927,1786961536.8592362
0.38549993003790195,3,4937,1786961537.3350403
0.38489821751912434,3,4947,1786961537.8272574
0.3833949640393257,3,4957,1786961538.3099115
0.3836973751413411,3,4967,1786961538.793397
0.38338429977496463,3,4977,1786961539.2818544
0.38072894441504634,3,4987,1786961539.7604997
0.3806692871265113,3,4997,1786961540.2527804
0.38091495298978056,3,5007,1786961540.7384791
0.3816610346822178,3,5017,1786961541.2367446
0.38159210967166085,3,5027,1786961541.7213993
0.3814935384111272,3,5037,1786961542.2594597
0.3804602691853369,3,5047,1786961542.7468271
0.38052111295493024,3,5057,1786961543.232376
0.3794188733666371,3,5067,1786961543.7166193
0.37972736835479737,3,5077,1786961544.1855001
0.3792862402229774,3,5087,1786961544.6546633
0.37968983699878056,3,5097,1786961545.125166
0.37969370311082795,3,5107,1786961545.594642
0.38059769486161793,3,5117,1786961546.0579827
0.37939524157179727,3,5127,1786961546.5299923
0.37957875997475954,3,5137,1786961547.0271404
0.3786717450365107,3,5147,1786961547.516121
0.37823778834814825,3,5157,1786961547.9783666
0.3779748848810488,3,5167,1786961548.443765
0.3782834732234478,3,5177,1786961548.9196699
0.3778341014303413,3,5187,1786961549.400645
0.3778139551958212,3,5197,1786961549.8783138
0.3779928742433494,3,5207,1786961550.365523
0.37837273895188617,3,5217,1786961550.842034
0.3784648371013728,3,5227,1786961551.336437
0.37885073873081376,3,5237,1786961551.8220665
0.3777119929853239,3,5247,1786961552.3343804
0.37699280995233303,3,5257,1786961552.8161619
0.3763795233126414,3,5267,1786961553.3080437
0.3760728095223506,3,5277,1786961553.7951565
0.3765499422051867,3,5287,1786961554.2922657
0.37709929700339995,3,5297,1786961554.7957158
0.3769195557350204,3,5307,1786961555.284159
0.3766136391321197,3,5317,1786961555.7701902
0.3762401852011681,3,5327,1786961556.253655
0.3762081387819666,3,5337,1786961556.7205257
0.376243206903116,3,5347,1786961557.2147965
0.37667917407610835,3,5357,1786961557.6971047
0.37661835469197535,3,5367,1786961558.160313
0.37591652154922484,3,5377,1786961558.6381478
0.37561736451068395,3,5387,1786961559.1101277
0.375894659343693,3,5397,1786961559.5812974
0.37496362332611866,3,5407,1786961560.0417714
0.3745141021705963,3,5417,1786961560.5123255
0.3745770862897237,3,5427,1786961560.9677384
0.37421564757823944,3,5437,1786961561.4428928
0.37448665286813465,3,5447,1786961561.931969
0.3743550293147564,3,5457,1786961562.4365175
0.3744625771724725,3,5467,1786961562.904133
0.3742454142868519,3,5477,1786961563.369478
0.3738633045075852,3,5487,1786961563.8416088
0.3738790236231757,3,5497,1786961564.3070662
0.3736684142645583,3,5507,1786961564.774748
0.3738271512623344,3,5517,1786961565.239028
0.37421571344137194,3,5527,1786961565.7096474
0.37451812311313876,3,5537,1786961566.1842465
0.3740805403425776,3,5547,1786961566.6557431
0.373802697065879,3,5557,1786961567.1286569
0.37354301842076054,3,5567,1786961567.6217642
0.3734280925658014,3,5577,1786961568.0915093
0.3730684152180022,3,5587,1786961568.5587566
0.37290897241429144,3,5597,1786961569.0250766
0.3727386985574999,3,5607,1786961569.5022938
0.37321028241768794,3,5617,1786961569.9731195
0.3738082677910202,3,5627,1786961570.443196
0.37368899188004434,3,5637,1786961570.924565
0.3738112767486228,3,5647,1786961571.406685
0.3735896281289811,3,5657,1786961571.8845804
0.3731295811859044,3,5667,1786961572.3883672
0.3736156805753708,3,5677,1786961572.8505092
0.3747236230585835,3,5687,1786961573.3085825
0.3749459046943515,3,5697,1786961573.773424
0.3747340811687766,3,5707,1786961574.2472627
0.374596924162828,3,5717,1786961574.7177362
0.37510473762239727,3,5727,1786961575.1792662
0.3754012223684563,3,5737,1786961575.6422646
0.3753813681758453,3,5747,1786961576.1094027
0.3754180671716178,3,5757,1786961576.5767643
0.3752974274235034,3,5767,1786961577.057536
0.3752576226808808,3,5777,1786961577.5492117
0.3755074484928234,3,5787,1786961578.0482974
0.37571084329060145,3,5797,1786961578.541337
0.37588883981240534,3,5807,1786961579.0433664
0.3755047343017762,3,5817,1786961579.527056
0.3753287049480106,3,5827,1786961580.0202415
0.37548627372959564,3,5837,1786961580.5051336
0.37516792617801925,3,5847,1786961581.0051231
0.37513767836962714,3,5857,1786961581.4934425
0.3749288807646567,3,5867,1786961581.9895175
0.37488931719213725,3,5877,1786961582.5072217
0.3751880614102379,3,5887,1786961583.004061
0.3754506809423204,3,5897,1786961583.4794574
0.3752929343319521,3,5907,1786961583.9654305
0.3753294492801351,3,5917,1786961584.44635
0.37526288167238236,3,5927,1786961584.9242206
0.3752704080726419,3,5937,1786961585.4097953
0.37521320519250206,3,5947,1786961585.892054
0.37519184512784703,3,5957,1786961586.3701568
0.3754795594155326,3,5967,1786961586.8485074
0.37569043440314437,3,5977,1786961587.3268402
0.3754177370940456,3,5987,1786961587.8010883
0.3757721825418147,3,5997,1786961588.2660623
0.37582075312397534,3,6007,1786961588.7367065
0.37581012200063735,3,6017,1786961589.2171175
0.3757049649622705,3,6027,1786961589.6905882
0.37589756639345606,3,6037,1786961590.168739
0.37586970519627966,3,6047,1786961590.6463573
0.3757175251301648,3,6057,1786961591.1350832
0.37549647130340125,3,6067,1786961591.6051998
0.3751355913813625,3,6077,1786961592.1086817
0.37489202789803766,3,6087,1786961592.587302
0.3749005850771783,3,6097,1786961593.0595274
0.3748519122287944,3,6107,1786961593.5211697
0.37493202505219314,3,6117,1786961593.9934158
0.3748890931955699,3,6127,1786961594.4607573
0.37479296048005967,3,6137,1786961594.9415152
0.37452429522867914,3,6147,1786961595.4157808
0.3744718756627392,3,6157,1786961595.8863974
0.3742176037706785,3,6167,1786961596.359686
0.37404868376255035,3,6177,1786961596.8315248
0.3737488638486294,3,6187,1786961597.311734
0.37345474837838033,3,6197,1786961597.7876236
0.3732439591604121,3,6207,1786961598.2617855
0.3732168809353531,3,6217,1786961598.7367568
0.373249171135887,3,6227,1786961599.2075121
0.3624050974845886,4,6246,1786961600.0941179
0.35077976286411283,4,6256,1786961600.566683
0.36573912501335143,4,6266,1786961601.0367188
0.35807633623480795,4,6276,1786961601.5022297
0.36809767186641695,4,6286,1786961601.987036
0.3713013956944148,4,6296,1786961602.5004826
0.36799495007310595,4,6306,1786961602.9709938
0.36555849984288213,4,6316,1786961603.4453259
0.3645308254493607,4,6326,1786961603.9152308
0.3634139682352543,4,6336,1786961604.3804483
0.35870324955745175,4,6346,1786961604.838211
0.360280824576815,4,6356,1786961605.3100135
0.36161858084110116,4,6366,1786961605.7864382
0.3596684759216649,4,6376,1786961606.251278
0.3616602455576261,4,6386,1786961606.7118235
0.3652072289027274,4,6396,1786961607.180666
0.3662079881219303,4,6406,1786961607.6523194
0.36729545295238497,4,6416,1786961608.1117709
0.36834559064162403,4,6426,1786961608.565028
0.3689906980097294,4,6436,1786961609.0178082
0.3668842443398067,4,6446,1786961609.4796586
0.36644928712736474,4,6456,1786961609.930606
0.36655769283356876,4,6466,1786961610.3947668
0.3669723942875862,4,6476,1786961610.8519244
0.36831113290786743,4,6486,1786961611.321054
0.3673412376871476,4,6496,1786961611.787835
0.3678587565819422,4,6506,1786961612.2829573
0.3656508855521679,4,6516,1786961612.7544217
0.36956564249663515,4,6526,1786961613.2258291
0.37106244146823886,4,6536,1786961613.6909707
0.37148827602786405,4,6546,1786961614.1596456
0.3723266815766692,4,6556,1786961614.6249845
0.3746778163946036,4,6566,1786961615.0911698
0.37436806314131793,4,6576,1786961615.5558243
0.3752267387083599,4,6586,1786961616.0207348
0.37578886854979726,4,6596,1786961616.4951794
0.37429586399245907,4,6606,1786961616.9641426
0.37446925828331395,4,6616,1786961617.4343884
0.3744696387877831,4,6626,1786961617.8964577
0.37443775810301305,4,6636,1786961618.3669639
0.37423978382494394,4,6646,1786961618.8292365
0.37457726377816425,4,6656,1786961619.299903
0.374874363666357,4,6666,1786961619.7594364
0.37476945841176945,4,6676,1786961620.227445
0.37493080897463693,4,6686,1786961620.6937878
0.37551947232821714,4,6696,1786961621.149715
0.37621739008959304,4,6706,1786961621.6222737
0.37595696446175375,4,6716,1786961622.1365051
0.3755744535399943,4,6726,1786961622.600644
0.3761407544910908,4,6736,1786961623.058509
0.3758625173101238,4,6746,1786961623.5233145
0.37529166312171863,4,6756,1786961623.9921646
0.3746836895650288,4,6766,1786961624.4655006
0.37458803333618024,4,6776,1786961624.9189394
0.37494263166731057,4,6786,1786961625.3763099
0.37488750075655325,4,6796,1786961625.8441966
0.37483489563067757,4,6806,1786961626.302735
0.3741659823933552,4,6816,1786961626.756483
0.3731490855752412,4,6826,1786961627.2078364
0.3739502017945051,4,6836,1786961627.6652298
0.37363913985060865,4,6846,1786961628.1284165
0.3732636966291935,4,6856,1786961628.592309
0.37317374497652056,4,6866,1786961629.0530958
0.3725760082481429,4,6876,1786961629.5042858
0.3731708532342544,4,6886,1786961629.9648201
0.37332039071303424,4,6896,1786961630.4247334
0.37335223740161355,4,6906,1786961630.878092
0.37375871357234086,4,6916,1786961631.346299
0.37379673782034195,4,6926,1786961631.831604
0.3749513948176588,4,6936,1786961632.3233912
0.37513030265838326,4,6946,1786961632.7810082
0.3747909687252508,4,6956,1786961633.244861
0.3755701533531489,4,6966,1786961633.7073386
0.3757717397366021,4,6976,1786961634.1663623
0.3771651879747709,4,6986,1786961634.628715
0.37728131286015637,4,6996,1786961635.0939696
0.3774059077942526,4,7006,1786961635.5803764
0.37848751596533337,4,7016,1786961636.0445566
0.37829947247158124,4,7026,1786961636.50333
0.37862085973843934,4,7036,1786961636.9741116
0.3789608061865524,4,7046,1786961637.4418864
0.37932396736450313,4,7056,1786961637.9082823
0.37977736726941835,4,7066,1786961638.381168
0.38027290881034875,4,7076,1786961638.8389735
0.38099125201211254,4,7086,1786961639.2995124
0.38162792146552443,4,7096,1786961639.7611191
0.3819646071942373,4,7106,1786961640.2160764
0.38212928563695064,4,7116,1786961640.6727998
0.38240038235200924,4,7126,1786961641.134977
0.38227550504936114,4,7136,1786961641.5983384
0.3824878644648489,4,7146,1786961642.0868268
0.3819283244726451,4,7156,1786961642.5562787
0.3821881958233413,4,7166,1786961643.0099683
0.38217904602593566,4,7176,1786961643.477042
0.38197071511494485,4,7186,1786961643.932091
0.38189706405003865,4,7196,1786961644.3868432
0.38163109225096165,4,7206,1786961644.8440318
0.3824133483731017,4,7216,1786961645.313145
0.38306513868197045,4,7226,1786961645.769727
0.3830005984604359,4,7236,1786961646.2373993
0.3833353233957055,4,7246,1786961646.703333
0.38356385960006245,4,7256,1786961647.1692843
0.38327269269135394,4,7266,1786961647.639003
0.38295653056926454,4,7276,1786961648.1005375
0.38287192133210957,4,7286,1786961648.5642717
0.38665287735046083,4,7296,1786961649.029999
0.3871938727587183,4,7306,1786961649.507259
0.38710450178219213,4,7316,1786961649.9717891
0.38706588309018986,4,7326,1786961650.4233184
0.3870082089711319,4,7336,1786961650.8817995
0.38715320424185146,4,7346,1786961651.350265
0.3870487114547619,4,7356,1786961651.8193429
0.38713498842135996,4,7366,1786961652.3201532
0.3865051065751335,4,7376,1786961652.779029
0.38606365399516146,4,7386,1786961653.2464557
0.3855789874262851,4,7396,1786961653.7042737
0.3853595351179441,4,7406,1786961654.159322
0.3848434026084714,4,7416,1786961654.6198997
0.3846926305098694,4,7426,1786961655.0770545
0.3850407254571716,4,7436,1786961655.5412512
0.38484887516449306,4,7446,1786961656.0049305
0.3845407307514402,4,7456,1786961656.468627
0.3845094433644923,4,7466,1786961656.9321616
0.38433240696547494,4,7476,1786961657.3948812
0.38423021456003187,4,7486,1786961657.850516
0.3843982255766316,4,7496,1786961658.3269446
0.3844846122846829,4,7506,1786961658.7792015
0.38526229702401904,4,7516,1786961659.2376478
0.385069216221802,4,7526,1786961659.6892061
0.3860121380136563,4,7536,1786961660.138661
0.3858391511417527,4,7546,1786961660.5899513
0.38600961582904514,4,7556,1786961661.0421724
0.385405710171488,4,7566,1786961661.5067225
0.38525319509764216,4,7576,1786961661.993272
0.38496368052782837,4,7586,1786961662.4771366
0.38492502083673197,4,7596,1786961662.9358377
0.38496370487404563,4,7606,1786961663.3886607
0.3848840923844904,4,7616,1786961663.845893
0.384673345346245,4,7626,1786961664.3060126
0.3848975020434175,4,7636,1786961664.762693
0.38464489731382817,4,7646,1786961665.2200217
0.384913978106539,4,7656,1786961665.6718884
0.3851691739542501,4,7666,1786961666.1243823
0.38511002999213007,4,7676,1786961666.5844133
0.3851187861376795,4,7686,1786961667.0365224
0.38521711291515665,4,7696,1786961667.4894786
0.3851754058177779,4,7706,1786961667.9428124
0.3849837196839822,4,7716,1786961668.41896
0.38512550626425135,4,7726,1786961668.8722327
0.38510752985874813,4,7736,1786961669.3311088
0.385194760580726,4,7746,1786961669.782308
0.3852319149202422,4,7756,1786961670.239472
0.38495126175724603,4,7766,1786961670.6883895
0.38488580967698777,4,7776,1786961671.1460738
0.3849773823830389,4,7786,1786961671.6073694
0.4061428546905518,5,7805,1786961672.5094903
0.3970991149544716,5,7815,1786961672.967242
0.3961034377415975,5,7825,1786961673.42892
0.38973536118865015,5,7835,1786961673.8803608
0.39476415276527405,5,7845,1786961674.3377478
0.3940105820695559,5,7855,1786961674.7899714
0.3858108618429729,5,7865,1786961675.2447183
0.3900766532868147,5,7875,1786961675.7001154
0.3862358523739709,5,7885,1786961676.148872
0.3818177804350853,5,7895,1786961676.6102698
0.37696183229034597,5,7905,1786961677.070684
0.3730267563213905,5,7915,1786961677.528389
0.3749288021371915,5,7925,1786961677.9840214
0.3775019520095417,5,7935,1786961678.4482412
0.37559765527645744,5,7945,1786961678.9225304
0.37361798649653793,5,7955,1786961679.4034145
0.3740269456716145,5,7965,1786961679.870378
0.3744087039596505,5,7975,1786961680.342412
0.3736423861823584,5,7985,1786961680.80462
0.37476138047873975,5,7995,1786961681.2812386
0.3728146763074966,5,8005,1786961681.7613106
0.3730631790377877,5,8015,1786961682.2554162
0.37309157291184303,5,8025,1786961682.7162657
0.3740319281195601,5,8035,1786961683.1803021
0.37454287964105604,5,8045,1786961683.643524
0.37538396939635277,5,8055,1786961684.0998738
0.37754951025600786,5,8065,1786961684.5614097
0.3786887546202966,5,8075,1786961685.041786
0.38005247223993827,5,8085,1786961685.5161119
0.3792757241427898,5,8095,1786961685.9858508
0.37837452576045066,5,8105,1786961686.4520462
0.37780204429291186,5,8115,1786961686.9156196
0.3791649920922337,5,8125,1786961687.3821235
0.3793623773928951,5,8135,1786961687.838264
0.37958842056138176,5,8145,1786961688.3035388
0.3803308353655868,5,8155,1786961688.789956
0.38115214198022274,5,8165,1786961689.2732265
0.38091525160952616,5,8175,1786961689.7567465
0.3799179942944111,5,8185,1786961690.237648
0.3783759296312928,5,8195,1786961690.721445
0.37772198675609214,5,8205,1786961691.200644
0.37699047156742643,5,8215,1786961691.6930475
0.3759965848091037,5,8225,1786961692.211641
0.3755792321129279,5,8235,1786961692.6744266
0.37653181036313377,5,8245,1786961693.1485484
0.3767214335177256,5,8255,1786961693.626883
0.3762205362954038,5,8265,1786961694.0991037
0.37700066274652877,5,8275,1786961694.5680034
0.376365561965777,5,8285,1786961695.0322533
0.376471351236105,5,8295,1786961695.5120194
0.37571654141533606,5,8305,1786961695.970187
0.3755774599714921,5,8315,1786961696.449794
0.375134695672764,5,8325,1786961696.924667
0.37510369649087943,5,8335,1786961697.3986173
0.3753548508069732,5,8345,1786961697.8723292
0.3757624484864729,5,8355,1786961698.3368025
0.37569106877372976,5,8365,1786961698.7866805
0.37440253383126754,5,8375,1786961699.2438061
0.37393805281085485,5,8385,1786961699.6994398
0.37472966191669305,5,8395,1786961700.1640568
0.3744932350320894,5,8405,1786961700.6329153
0.37490924479019255,5,8415,1786961701.1050594
0.375172387536556,5,8425,1786961701.611489
0.3751097273780033,5,8435,1786961702.1332126
0.37479639465992265,5,8445,1786961702.6244757
0.37490221961881176,5,8455,1786961703.0925019
0.37488690512393835,5,8465,1786961703.5864956
0.3752533490605214,5,8475,1786961704.0721114
0.3743906521494838,5,8485,1786961704.5687063
0.3741720448434353,5,8495,1786961705.04319
0.37397307514304845,5,8505,1786961705.5243533
0.37372863060898254,5,8515,1786961705.9857812
0.3737705060880478,5,8525,1786961706.4491117
0.3735339737824492,5,8535,1786961706.904617
0.37359721527496975,5,8545,1786961707.3930857
0.3732395433869801,5,8555,1786961707.863408
0.3734688757495447,5,8565,1786961708.3332534
0.37354791819667205,5,8575,1786961708.792198
0.3732810172287724,5,8585,1786961709.2680817
0.37307632291689513,5,8595,1786961709.7389646
0.3722027671005991,5,8605,1786961710.2011616
0.3725434558965811,5,8615,1786961710.6659515
0.3734213325094028,5,8625,1786961711.1315491
0.3735577723632256,5,8635,1786961711.6071699
0.3732062231442508,5,8645,1786961712.0945225
0.3727644050710423,5,8655,1786961712.5825405
0.3725109231026693,5,8665,1786961713.0537713
0.37315756913951853,5,8675,1786961713.5432255
0.3731956596622306,5,8685,1786961714.0230474
0.3731288248466121,5,8695,1786961714.5106966
0.3734526299349554,5,8705,1786961714.9931014
0.37324551180329013,5,8715,1786961715.485685
0.37366895001101236,5,8725,1786961715.9646015
0.37280401000951197,5,8735,1786961716.4484966
0.3724097459724075,5,8745,1786961716.9269881
0.37215432222001255,5,8755,1786961717.3852081
0.3718307844603185,5,8765,1786961717.8416815
0.3716104766391978,5,8775,1786961718.3160734
0.3716946201794075,5,8785,1786961718.7753615
0.3713736432790756,5,8795,1786961719.2384207
0.37201275264862743,5,8805,1786961719.693749
0.3738067104828124,5,8815,1786961720.1504405
0.3737967752715916,5,8825,1786961720.6191478
0.3735895277789006,5,8835,1786961721.074289
0.3743185784703209,5,8845,1786961721.5422053
0.3744554018355765,5,8855,1786961722.0380921
0.3742274103599174,5,8865,1786961722.5470393
0.3747928619660713,5,8875,1786961723.0250885
0.37520160815857967,5,8885,1786961723.5038579
0.3751205259967934,5,8895,1786961723.9874606
0.3759894783566664,5,8905,1786961724.4665723
0.3760946019552648,5,8915,1786961724.9447367
0.3764860739090801,5,8925,1786961725.418121
0.3764356317096635,5,8935,1786961725.8909726
0.376652318433575,5,8945,1786961726.3715103
0.3769110438510262,5,8955,1786961726.8395054
0.376963860509742,5,8965,1786961727.299201
0.37745514931315083,5,8975,1786961727.7591538
0.3773938986684094,5,8985,1786961728.2261837
0.377158241669337,5,8995,1786961728.7334278
0.3773201235808617,5,9005,1786961729.2237525
0.3775077892864337,5,9015,1786961729.6823118
0.3785019394828052,5,9025,1786961730.1355343
0.3782962520396517,5,9035,1786961730.5953357
0.3781259713768959,5,9045,1786961731.0522518
0.37806294414968716,5,9055,1786961731.5173872
0.3781855503053177,5,9065,1786961731.9860735
0.3781853867112659,5,9075,1786961732.484219
0.37802832916725515,5,9085,1786961732.96182
0.37787745310710025,5,9095,1786961733.4407523
0.3777302431696244,5,9105,1786961733.9122424
0.37726757088393875,5,9115,1786961734.4038882
0.37700097567604895,5,9125,1786961734.8672693
0.37669634923561296,5,9135,1786961735.3283775
0.37677194827132754,5,9145,1786961735.7872796
0.37656298266614185,5,9155,1786961736.2634857
0.3764633469120429,5,9165,1786961736.762104
0.3763080842037132,5,9175,1786961737.2439446
0.3767990577992775,5,9185,1786961737.7284734
0.3769103079395635,5,9195,1786961738.2096531
0.3766903722011451,5,9205,1786961738.6846201
0.37633500794919444,5,9215,1786961739.1755235
0.3760914923323618,5,9225,1786961739.6527407
0.37669472521584896,5,9235,1786961740.126241
0.3772385944991276,5,9245,1786961740.5925486
0.3771487509346988,5,9255,1786961741.0581336
0.377145869594042,5,9265,1786961741.52199
0.3780774226865253,5,9275,1786961741.9933631
0.37897439331016286,5,9285,1786961742.5024188
0.3794254377683004,5,9295,1786961742.9697595
0.37975021233621814,5,9305,1786961743.4328938
0.3799600534141064,5,9315,1786961743.8967109
0.379792700269643,5,9325,1786961744.3573558
0.3794539374867817,5,9335,1786961744.8286674
0.3793008124347656,5,9345,1786961745.2946339
0.38386295437812806,6,9364,1786961746.1728017
0.3925531908869743,6,9374,1786961746.660445
0.3770744572083155,6,9384,1786961747.1329668
0.3648352138698101,6,9394,1786961747.599074
0.36056814700365064,6,9404,1786961748.0594285
0.35628949602444965,6,9414,1786961748.5212872
0.3563440112130983,6,9424,1786961748.987475
0.35736206229776146,6,9434,1786961749.460354
0.36213848176929686,6,9444,1786961749.9176288
0.361363178640604,6,9454,1786961750.3744256
0.35881212692369113,6,9464,1786961750.8268683
0.3604834602524837,6,9474,1786961751.2904012
0.36903133128698057,6,9484,1786961751.778806
0.36632546516401426,6,9494,1786961752.285524
0.371547481516997,6,9504,1786961752.7582445
0.3713550766929984,6,9514,1786961753.2286878
0.37037888178054024,6,9524,1786961753.6968355
0.37136247720983295,6,9534,1786961754.1635482
0.37074883737062153,6,9544,1786961754.627445
0.3699547968804836,6,9554,1786961755.0930753
0.3692512026854924,6,9564,1786961755.544475
0.36873519136147065,6,9574,1786961756.0019836
0.36748514868642973,6,9584,1786961756.4621208
0.3677042549476027,6,9594,1786961756.9271793
0.3676588322520256,6,9604,1786961757.388118
0.3657518620674427,6,9614,1786961757.8484175
0.36420454835450206,6,9624,1786961758.3107538
0.36562891102262907,6,9634,1786961758.7670674
0.36671296162851924,6,9644,1786961759.2376876
0.36745525961120923,6,9654,1786961759.7023454
0.3670809013228263,6,9664,1786961760.1574664
0.3668951534666121,6,9674,1786961760.619031
0.36728933440013367,6,9684,1786961761.0688367
0.3690915436867405,6,9694,1786961761.5275736
0.36776507756539756,6,9704,1786961761.9958954
0.3677180818385548,6,9714,1786961762.497225
0.3677570834353163,6,9724,1786961762.9596646
0.3660941697264973,6,9734,1786961763.422376
0.3665862117822354,6,9744,1786961763.8784714
0.36739257514476775,6,9754,1786961764.334513
0.36774243915953286,6,9764,1786961764.782711
0.36756953242279233,6,9774,1786961765.2397392
0.36794267629468164,6,9784,1786961765.7019012
0.36595162864435804,6,9794,1786961766.1579611
0.36725812342431813,6,9804,1786961766.631112
0.3698834081058917,6,9814,1786961767.0884387
0.36976496517024143,6,9824,1786961767.550568
0.3704857169650495,6,9834,1786961768.0094287
0.3704199183352139,6,9844,1786961768.46933
0.371305379152298,6,9854,1786961768.9323053
0.3716488622567233,6,9864,1786961769.419424
0.37179904121619006,6,9874,1786961769.8893783
0.3719634805647832,6,9884,1786961770.349499
0.37092409385023295,6,9894,1786961770.8239577
0.37156053404916417,6,9904,1786961771.2904625
0.3711011678246515,6,9914,1786961771.7456584
0.37199009141901085,6,9924,1786961772.2362099
0.3715952561076345,6,9934,1786961772.6973124
0.3714243736054938,6,9944,1786961773.1386456
0.3717746246606112,6,9954,1786961773.5969405
0.3712168163451992,6,9964,1786961774.0516744
0.3723515299539412,6,9974,1786961774.509877
0.3722316985328992,6,9984,1786961774.9664736
0.37202428427990525,6,9994,1786961775.4313452
0.37197981676230063,6,10004,1786961775.8869627
0.3721534507066915,6,10014,1786961776.3529396
0.3718537092653673,6,10024,1786961776.8297148
0.37200634711805514,6,10034,1786961777.3047552
0.3724272043808647,6,10044,1786961777.7769022
0.3727468270276274,6,10054,1786961778.2598507
0.37240819504982986,6,10064,1786961778.754189
0.37180572425325714,6,10074,1786961779.2320917
0.3716937862642824,6,10084,1786961779.693527
0.37155343807629637,6,10094,1786961780.1541348
0.37101145887374876,6,10104,1786961780.6233115
0.37027636125291646,6,10114,1786961781.0847456
0.3701599139284778,6,10124,1786961781.5461364
0.370644309429022,6,10134,1786961782.0282004
0.37032177606715433,6,10144,1786961782.5212874
0.3704695509560406,6,10154,1786961782.9751356
0.3706393497041714,6,10164,1786961783.4307992
0.3702737235259719,6,10174,1786961783.8843067
0.3702694836330701,6,10184,1786961784.3454893
0.3699709807655641,6,10194,1786961784.809465
0.3700464988280745,6,10204,1786961785.2703595
0.3701367564499378,6,10214,1786961785.7402132
0.37005154087968256,6,10224,1786961786.2013762
0.370352282832292,6,10234,1786961786.6503167
0.37115244371502587,6,10244,1786961787.1081684
0.370682384752565,6,10254,1786961787.5697093
0.3705496253711837,6,10264,1786961788.0239484
0.3700835678240527,6,10274,1786961788.4822016
0.3701836634387252,6,10284,1786961788.9432533
0.3709431360693688,6,10294,1786961789.411055
0.3708916971087456,6,10304,1786961789.8650558
0.37094306549988687,6,10314,1786961790.3310907
0.37060263493319145,6,10324,1786961790.7979121
0.37031149193644525,6,10334,1786961791.2617276
0.3707094920253513,6,10344,1786961791.7324224
0.37053485777974127,6,10354,1786961792.2366462
0.37056745432391025,6,10364,1786961792.7029133
0.3711300695935885,6,10374,1786961793.161798
0.3720356329552178,6,10384,1786961793.6296422
0.37228270564228294,6,10394,1786961794.0859492
0.3724282834217662,6,10404,1786961794.5484202
0.3725175530702438,6,10414,1786961795.021538
0.37214058042965203,6,10424,1786961795.4955518
0.3720573050694333,6,10434,1786961795.9603107
0.3720664860321841,6,10444,1786961796.4252324
0.37201103829524734,6,10454,1786961796.8855994
0.3722985809450751,6,10464,1786961797.3672783
0.37259121223219804,6,10474,1786961797.8260324
0.3726519730898131,6,10484,1786961798.2951608
0.3732366641754644,6,10494,1786961798.760162
0.37286829855131065,6,10504,1786961799.2248378
0.37270665037734757,6,10514,1786961799.701791
0.37235754361519446,6,10524,1786961800.1628423
0.3727104307736381,6,10534,1786961800.6309404
0.3726496962689552,6,10544,1786961801.0902584
0.37287980804840726,6,10554,1786961801.5494099
0.3726329801496395,6,10564,1786961802.0147746
0.37261863416824187,6,10574,1786961802.5218756
0.37260486478728005,6,10584,1786961802.9884267
0.3723265808556349,6,10594,1786961803.4502869
0.3719973494768143,6,10604,1786961803.9168031
0.3719632411050418,6,10614,1786961804.3800306
0.37169602681098024,6,10624,1786961804.8400366
0.3717844694503583,6,10634,1786961805.2957234
0.37138845285241917,6,10644,1786961805.756352
0.37168040704268673,6,10654,1786961806.2144933
0.3721070062113172,6,10664,1786961806.679927
0.37183600869594197,6,10674,1786961807.1524944
0.3720612208421965,6,10684,1786961807.6140459
0.37195905550424735,6,10694,1786961808.0704708
0.37177518989200947,6,10704,1786961808.5336716
0.3715401282753138,6,10714,1786961809.006391
0.37162781089109226,6,10724,1786961809.4715967
0.3716794382294883,6,10734,1786961809.921757
0.3715743384022507,6,10744,1786961810.3735063
0.3717270666573729,6,10754,1786961810.829528
0.37229657947805755,6,10764,1786961811.2913144
0.3719186035785037,6,10774,1786961811.7686498
0.3718618748800738,6,10784,1786961812.251132
0.372003789856616,6,10794,1786961812.717122
0.3720034699707196,6,10804,1786961813.170589
0.37178298203300125,6,10814,1786961813.6450462
0.37175261135004006,6,10824,1786961814.11341
0.3713961808564695,6,10834,1786961814.5824676
0.37121403464334923,6,10844,1786961815.0473878
0.37145592998464905,6,10854,1786961815.5364711
0.3718908816477321,6,10864,1786961816.0135787
0.37180976135362137,6,10874,1786961816.5019271
0.3720154282216932,6,10884,1786961816.9981933
0.3721640150945682,6,10894,1786961817.4779751
0.37200285001147176,6,10904,1786961817.95572
0.4048221468925476,7,10923,1786961818.851699
0.39062051475048065,7,10933,1786961819.3483708
0.3923491915067037,7,10943,1786961819.856952
0.3824876297265291,7,10953,1786961820.3482428
0.3851745817065239,7,10963,1786961820.8163025
0.3854569618900617,7,10973,1786961821.2840261
0.391279005578586,7,10983,1786961821.7457101
0.3884954772889614,7,10993,1786961822.2324307
0.3880120916499032,7,11003,1786961822.7066581
0.38698997646570205,7,11013,1786961823.1722915
0.38369926376776264,7,11023,1786961823.6412034
0.38613602668046954,7,11033,1786961824.1057441
0.3864905435305375,7,11043,1786961824.57362
0.3824142970144749,7,11053,1786961825.0362139
0.3825365862250328,7,11063,1786961825.5028882
0.38067021714523436,7,11073,1786961825.9672782
0.3776118428391569,7,11083,1786961826.4382684
0.3780923993223243,7,11093,1786961826.919689
0.3774729883200244,7,11103,1786961827.3862169
0.3771060297638178,7,11113,1786961827.8574688
0.3771849709607306,7,11123,1786961828.3172677
0.375642694871534,7,11133,1786961828.7743206
0.37388656145852545,7,11143,1786961829.2515643
0.3737425330405434,7,11153,1786961829.7258942
0.3717553703188896,7,11163,1786961830.1966574
0.37193333970812653,7,11173,1786961830.6534724
0.3728457523164926,7,11183,1786961831.123327
0.37200771139136385,7,11193,1786961831.6085489
0.36998840272426603,7,11203,1786961832.1309032
0.3702163737018903,7,11213,1786961832.631974
0.37123855313947124,7,11223,1786961833.1196778
0.3709243029356003,7,11233,1786961833.60057
0.3717005744124904,7,11243,1786961834.0794652
0.37004431477364375,7,11253,1786961834.5796652
0.37125049454825265,7,11263,1786961835.0744042
0.37303510540061524,7,11273,1786961835.6758115
0.3722115103457425,7,11283,1786961836.1704938
0.3765986761764476,7,11293,1786961836.6641767
0.37639841517576805,7,11303,1786961837.1369016
0.37534299660474063,7,11313,1786961837.6111562
0.37641425899616104,7,11323,1786961838.0809705
0.37746559136680197,7,11333,1786961838.5716736
0.3767065579461497,7,11343,1786961839.0553267
0.3753235757012259,7,11353,1786961839.5361521
0.375445301896996,7,11363,1786961840.002272
0.3751016867873461,7,11373,1786961840.49311
0.3747188833482722,7,11383,1786961840.9787555
0.3746778128979107,7,11393,1786961841.4648054
0.37508103503864637,7,11403,1786961841.96684
0.37493607559800146,7,11413,1786961842.4953866
0.3742794689302351,7,11423,1786961842.995102
0.37357913931974995,7,11433,1786961843.4863875
0.37466937044881427,7,11443,1786961843.9765692
0.37475848131709627,7,11453,1786961844.4807491
0.37412892943078824,7,11463,1786961844.9755118
0.3750571845897606,7,11473,1786961845.476484
0.3744254130020476,7,11483,1786961845.9726324
0.37542544819157697,7,11493,1786961846.4661975
0.37447294716612767,7,11503,1786961846.938228
0.37445554735759895,7,11513,1786961847.4194458
0.374758402123803,7,11523,1786961847.8896654
0.3741346481105974,7,11533,1786961848.357812
0.3735209050396132,7,11543,1786961848.8259916
0.3739088450325653,7,11553,1786961849.2979825
0.3735052753641055,7,11563,1786961849.770838
0.3735869449422215,7,11573,1786961850.250791
0.3735018455937727,7,11583,1786961850.7250679
0.37376291933743394,7,11593,1786961851.2019458
0.3736999951195026,7,11603,1786961851.6773071
0.3735333262383938,7,11613,1786961852.192866
0.37325345403711563,7,11623,1786961852.6662886
0.37358626251419386,7,11633,1786961853.1474745
0.3737442848821209,7,11643,1786961853.6243715
0.37356122947625214,7,11653,1786961854.0999897
0.3729672868649165,7,11663,1786961854.5758421
0.37261522465238445,7,11673,1786961855.0410438
0.3723183205181902,7,11683,1786961855.5105534
0.37211930415569205,7,11693,1786961855.9804296
0.3718658798103091,7,11703,1786961856.4534535
0.3717191165685654,7,11713,1786961856.9256077
0.3725534670514825,7,11723,1786961857.4154692
0.37288549600577936,7,11733,1786961857.8954859
0.37294642185590354,7,11743,1786961858.3704107
0.3730768508499577,7,11753,1786961858.8512292
0.3729456927145229,7,11763,1786961859.3289208
0.3730869930150897,7,11773,1786961859.795426
0.3732716339415517,7,11783,1786961860.2624102
0.373118497769941,7,11793,1786961860.7256577
0.3726861580536607,7,11803,1786961861.1950574
0.37220107904738853,7,11813,1786961861.655847
0.37172636546931426,7,11823,1786961862.148586
0.3715495726498573,7,11833,1786961862.6206963
0.37150980886272206,7,11843,1786961863.0889764
0.3717574713870566,7,11853,1786961863.5544267
0.37177409609681683,7,11863,1786961864.028686
0.37177881876317165,7,11873,1786961864.4929426
0.3718464620027345,7,11883,1786961864.9654033
0.3719098221586675,7,11893,1786961865.4374313
0.3721152694538386,7,11903,1786961865.9489586
0.37227792221307754,7,11913,1786961866.4245849
0.3725396072215373,7,11923,1786961866.8957045
0.3722694882867383,7,11933,1786961867.368281
0.3721110615626122,7,11943,1786961867.8327734
0.3725096681656746,7,11953,1786961868.3057606
0.3725101445970081,7,11963,1786961868.7895865
0.37254806984707994,7,11973,1786961869.2627945
0.3735881655294204,7,11983,1786961869.7299361
0.3735313412215975,7,11993,1786961870.196101
0.3733241857191838,7,12003,1786961870.6596255
0.373417019600218,7,12013,1786961871.1234705
0.3733558293935415,7,12023,1786961871.608427
0.3737763338988381,7,12033,1786961872.1087127
0.37445050671828534,7,12043,1786961872.5890312
0.3745927802434093,7,12053,1786961873.0587385
0.37479833223249603,7,12063,1786961873.5341802
0.37483388319097716,7,12073,1786961874.019893
0.3745537272375873,7,12083,1786961874.490227
0.37464870090706875,7,12093,1786961874.9703581
0.37434291859634783,7,12103,1786961875.450506
0.37397332654645044,7,12113,1786961875.9251056
0.3735636625038691,7,12123,1786961876.4017756
0.3733948930731562,7,12133,1786961876.8713343
0.3732628218405615,7,12143,1786961877.3473182
0.3728415352562743,7,12153,1786961877.8115623
0.37260449913740157,7,12163,1786961878.2894063
0.37218075453762023,7,12173,1786961878.757459
0.37227499039154355,7,12183,1786961879.224816
0.37190344149712473,7,12193,1786961879.6950066
0.3719408327987952,7,12203,1786961880.1623662
0.3715692632588056,7,12213,1786961880.633837
0.3717591346333955,7,12223,1786961881.098797
0.37179558481456654,7,12233,1786961881.564754
0.37212214159562174,7,12243,1786961882.0486884
0.37199606026953724,7,12253,1786961882.537024
0.372340266097475,7,12263,1786961883.0045757
0.3722155301557744,7,12273,1786961883.4759731
0.37201155168514183,7,12283,1786961883.9440486
0.37201883518609447,7,12293,1786961884.4165616
0.3720298538212296,7,12303,1786961884.8792403
0.37180066050163335,7,12313,1786961885.3602931
0.3719745137907089,7,12323,1786961885.8304403
0.37197113925932157,7,12333,1786961886.2984915
0.3717990257731684,7,12343,1786961886.7787578
0.3718180611522661,7,12353,1786961887.2593944
0.3719937881519055,7,12363,1786961887.7425857
0.3721532368496673,7,12373,1786961888.2154205
0.3720228386168577,7,12383,1786961888.684942
0.3719767973431059,7,12393,1786961889.1643374
0.3720726969058082,7,12403,1786961889.6471465
0.3721729370156924,7,12413,1786961890.1206098
0.3721248741280164,7,12423,1786961890.5884378
0.37216597588634803,7,12433,1786961891.0670748
0.3722231313196662,7,12443,1786961891.548108
0.37207228492026206,7,12453,1786961892.0341225
0.37192208085329304,7,12463,1786961892.5424318
0.32124646604061124,8,12482,1786961893.4475265
0.3454633794724941,8,12492,1786961893.9280303
0.3518189176917076,8,12502,1786961894.4125648
0.3833617988973856,8,12512,1786961894.8894856
0.3788397619128227,8,12522,1786961895.3688128
0.38181839932998024,8,12532,1786961895.8432286
0.3786082059144974,8,12542,1786961896.3174274
0.3782332707196474,8,12552,1786961896.7894423
0.3751811691456371,8,12562,1786961897.2667682
0.3717682771384716,8,12572,1786961897.7427654
0.3689408747987314,8,12582,1786961898.2214634
0.37204957492649554,8,12592,1786961898.7185276
0.37230501450025116,8,12602,1786961899.2173355
0.37242773984159744,8,12612,1786961899.7084005
0.37286553303400677,8,12622,1786961900.1813972
0.37258122581988573,8,12632,1786961900.6604826
0.36888733032871696,8,12642,1786961901.1399245
0.36817999333143236,8,12652,1786961901.6402144
0.36824339581163307,8,12662,1786961902.168131
0.36880464762449267,8,12672,1786961902.6502972
0.36946262617905934,8,12682,1786961903.1269372
0.3659655664454807,8,12692,1786961903.603913
0.36542195658320964,8,12702,1786961904.080395
0.3636598354826371,8,12712,1786961904.553303
0.3603578948378563,8,12722,1786961905.0301692
0.35948682272663485,8,12732,1786961905.5119665
0.3597520058353742,8,12742,1786961905.9826953
0.35888771095446176,8,12752,1786961906.4597263
0.3576707018860455,8,12762,1786961906.9337473
0.3580452867348989,8,12772,1786961907.413567
0.3563259740990977,8,12782,1786961907.8847017
0.35715993964113296,8,12792,1786961908.3528287
0.35751357227563857,8,12802,1786961908.8280334
0.35753710493445395,8,12812,1786961909.3093314
0.3590058127897126,8,12822,1786961909.7907252
0.3585301260981295,8,12832,1786961910.2832253
0.3579799587662156,8,12842,1786961910.7818136
0.3565811953654415,8,12852,1786961911.2662535
0.3575339883183822,8,12862,1786961911.7556264
0.35708548944443463,8,12872,1786961912.2649777
0.3575917923595847,8,12882,1786961912.752801
0.35799135189680825,8,12892,1786961913.2354558
0.35665401532206426,8,12902,1786961913.7244623
0.35799040035767987,8,12912,1786961914.203136
0.35918574591477714,8,12922,1786961914.6850812
0.3594523739555608,8,12932,1786961915.1663418
0.35900025221895665,8,12942,1786961915.646296
0.3591171954448024,8,12952,1786961916.1138668
0.35898865163326266,8,12962,1786961916.5914288
0.3593287473320961,8,12972,1786961917.0663557
0.3600385013456438,8,12982,1786961917.548243
0.3598571215971158,8,12992,1786961918.021479
0.3604061218084029,8,13002,1786961918.495264
0.36011512696191117,8,13012,1786961918.9755104
0.3600394204800779,8,13022,1786961919.4593294
0.36044344989848986,8,13032,1786961919.9380877
0.3597828500364956,8,13042,1786961920.4165676
0.35965639548055056,8,13052,1786961920.889527
0.3599356550028769,8,13062,1786961921.3580406
0.36083426780998706,8,13072,1786961921.834492
0.3610843658202984,8,13082,1786961922.3439445
0.36053519703207476,8,13092,1786961922.8126118
0.3599592346757177,8,13102,1786961923.28825
0.360682152886875,8,13112,1786961923.7655241
0.360787023466367,8,13122,1786961924.2402117
0.36140599266597717,8,13132,1786961924.7184637
0.3616601723565984,8,13142,1786961925.1887896
0.3609903149306774,8,13152,1786961925.6631389
0.36076316498759864,8,13162,1786961926.1379676
0.3613977802864143,8,13172,1786961926.6227887
0.3622516100885163,8,13182,1786961927.1034837
0.36246919836848973,8,13192,1786961927.5778046
0.3623888730390431,8,13202,1786961928.051377
0.36246318972191294,8,13212,1786961928.5280626
0.3625852037668228,8,13222,1786961928.9994237
0.36388155051360005,8,13232,1786961929.4811468
0.36352039738134906,8,13242,1786961929.954801
0.36393534594621413,8,13252,1786961930.4387155
0.3642218606004232,8,13262,1786961930.9184654
0.3643240898475051,8,13272,1786961931.4153
0.364121201855165,8,13282,1786961931.917246
0.3642793965048906,8,13292,1786961932.4308846
0.3639796323086842,8,13302,1786961932.9101753
0.3641587566584349,8,13312,1786961933.391156
0.36451988537521923,8,13322,1786961933.8694227
0.36435327585353405,8,13332,1786961934.3560688
0.3642186493024059,8,13342,1786961934.8308423
0.3646912868388674,8,13352,1786961935.3128407
0.36498746650942254,8,13362,1786961935.7913144
0.3648304447862837,8,13372,1786961936.2844932
0.3648271042567033,8,13382,1786961936.7708786
0.36474481419376703,8,13392,1786961937.2570739
0.364276690028047,8,13402,1786961937.7385018
0.36492870900225133,8,13412,1786961938.2136416
0.36504482604955374,8,13422,1786961938.6968708
0.36486233193427325,8,13432,1786961939.176793
0.36510577509083697,8,13442,1786961939.6503122
0.3651278168875344,8,13452,1786961940.1251752
0.36480142702960006,8,13462,1786961940.6029978
0.36506406134366987,8,13472,1786961941.0926723
0.3651177512537135,8,13482,1786961941.5668857
0.3659644442738271,8,13492,1786961942.0620632
0.36660272889924284,8,13502,1786961942.5634744
0.3669965758633155,8,13512,1786961943.0322645
0.36676587065060934,8,13522,1786961943.51932
0.36693222306247025,8,13532,1786961944.000363
0.36680262524669416,8,13542,1786961944.480794
0.3667398821700502,8,13552,1786961944.9646864
0.3670359465780608,8,13562,1786961945.4547887
0.3671258264102719,8,13572,1786961945.9327345
0.36701767243243555,8,13582,1786961946.409334
0.3680023070158703,8,13592,1786961946.8943303
0.36813748341746033,8,13602,1786961947.3711503
0.36834728171428044,8,13612,1786961947.8660357
0.3686428247068239,8,13622,1786961948.3485644
0.3693048825294807,8,13632,1786961948.82796
0.37059884815134553,8,13642,1786961949.3132544
0.37085604197898153,8,13652,1786961949.8044477
0.3711703218206638,8,13662,1786961950.291129
0.371269604973495,8,13672,1786961950.7643545
0.37131122253404175,8,13682,1786961951.240447
0.3716464343251752,8,13692,1786961951.7233303
0.37184994492104384,8,13702,1786961952.2454183
0.37218490257378545,8,13712,1786961952.729289
0.3722702543020248,8,13722,1786961953.2027316
0.372272708881942,8,13732,1786961953.6777074
0.3729189673394669,8,13742,1786961954.14521
0.37263679075986145,8,13752,1786961954.6148732
0.3724025822656099,8,13762,1786961955.082368
0.3725565392466692,8,13772,1786961955.5647807
0.3731171192558667,8,13782,1786961956.0481224
0.37304469484722974,8,13792,1786961956.5311146
0.37311640186865525,8,13802,1786961957.0040972
0.3731634974479675,8,13812,1786961957.4748573
0.3734960471921497,8,13822,1786961957.9476604
0.37376488769317373,8,13832,1786961958.4278657
0.3737521031912226,8,13842,1786961958.9146526
0.37388549671656846,8,13852,1786961959.3911564
0.3739057031895617,8,13862,1786961959.8734868
0.3740920974314213,8,13872,1786961960.3506832
0.3742721747422049,8,13882,1786961960.829472
0.3744488849396437,8,13892,1786961961.3063917
0.3743653511667585,8,13902,1786961961.816243
0.3745371348535021,8,13912,1786961962.318251
0.37462154803604913,8,13922,1786961962.807128
0.37464648416801677,8,13932,1786961963.287072
0.37501314753780557,8,13942,1786961963.7705283
0.3747441143904989,8,13952,1786961964.2492914
0.37466858234381517,8,13962,1786961964.740697
0.3744125041663647,8,13972,1786961965.2397616
0.37450015602127606,8,13982,1786961965.7315161
0.374913253262639,8,13992,1786961966.2126782
0.37491538088306103,8,14002,1786961966.6886203
0.3746822894780667,8,14012,1786961967.1692038
0.3747710077512649,8,14022,1786961967.6458054
0.41249690353870394,9,14041,1786961968.5386596
0.41465028524398806,9,14051,1786961968.9944546
0.40610837638378144,9,14061,1786961969.4442434
0.3970769874751568,9,14071,1786961969.9077518
0.3860533183813095,9,14081,1786961970.3634825
0.38389334032932915,9,14091,1786961970.8155022
0.3854400911501476,9,14101,1786961971.2713182
0.38241294100880624,9,14111,1786961971.7255573
0.3781235588921441,9,14121,1786961972.2209747
0.3749553668498993,9,14131,1786961972.6800992
0.37242315086451444,9,14141,1786961973.141098
0.37239015425244965,9,14151,1786961973.601381
0.37073830240047895,9,14161,1786961974.0539548
0.3693756698497704,9,14171,1786961974.5216427
0.3692592904965083,9,14181,1786961974.9743073
0.370156725961715,9,14191,1786961975.4228663
0.36932921313187655,9,14201,1786961975.87511
0.3683795894185702,9,14211,1786961976.3324823
0.3684378882772044,9,14221,1786961976.7847002
0.36775580257177354,9,14231,1786961977.2470403
0.36700783442883267,9,14241,1786961977.7095714
0.36927250948819246,9,14251,1786961978.16384
0.36781116063180175,9,14261,1786961978.623439
0.37039756029844284,9,14271,1786961979.0933292
0.37015369355678557,9,14281,1786961979.5482569
0.37132335282289064,9,14291,1786961980.0075526
0.37220405958316943,9,14301,1786961980.4630637
0.37344150160040174,9,14311,1786961980.9152842
0.37286617514388315,9,14321,1786961981.3688977
0.374765797406435,9,14331,1786961981.826487
0.3730522708546731,9,14341,1786961982.290516
0.3735120644792914,9,14351,1786961982.740289
0.373834209866596,9,14361,1786961983.2009163
0.3748322231366354,9,14371,1786961983.6580017
0.3753481320398194,9,14381,1786961984.1108577
0.37598548933035797,9,14391,1786961984.563743
0.37496325498497163,9,14401,1786961985.0186446
0.3765269366926269,9,14411,1786961985.4709055
0.3775508623474684,9,14421,1786961985.924146
0.3774793495610356,9,14431,1786961986.37264
0.3782575711607933,9,14441,1786961986.819483
0.38113664810856185,9,14451,1786961987.271586
0.38217940625063207,9,14461,1786961987.722567
0.38257297138598834,9,14471,1786961988.1734195
0.38208352310789956,9,14481,1786961988.6245556
0.3807467372197172,9,14491,1786961989.0800798
0.38022880620778876,9,14501,1786961989.5260913
0.38048334068929157,9,14511,1786961989.9751368
0.38042906154783407,9,14521,1786961990.4255717
0.3796124064028263,9,14531,1786961990.8737915
0.38068387306788387,9,14541,1786961991.333484
0.37996570356190207,9,14551,1786961991.802799
0.379183953859896,9,14561,1786961992.292005
0.3800025187432766,9,14571,1786961992.7477534
0.37939571678638456,9,14581,1786961993.2089021
0.38001300649983544,9,14591,1786961993.6577387
0.3794115225735464,9,14601,1786961994.1086972
0.3804833655984237,9,14611,1786961994.550951
0.37994273762076586,9,14621,1786961995.0049489
0.380545723910133,9,14631,1786961995.4562614
0.37980161939488083,9,14641,1786961995.9103189
0.37960875757759616,9,14651,1786961996.364221
0.3798071150268827,9,14661,1786961996.816957
0.37925580246374013,9,14671,1786961997.2723644
0.37914340282862,9,14681,1786961997.7424777
0.37947331267324363,9,14691,1786961998.2119532
0.3790931466800063,9,14701,1786961998.6684399
0.37840610177201384,9,14711,1786961999.1304898
0.37813594613386237,9,14721,1786961999.5872324
0.37774996280670164,9,14731,1786962000.0439618
0.3768915565081046,9,14741,1786962000.5060587
0.376895713681976,9,14751,1786962000.9598317
0.3775290356515205,9,14761,1786962001.44112
0.37684586986496643,9,14771,1786962001.9294379
0.3767175359328588,9,14781,1786962002.4334188
0.376259043322582,9,14791,1786962002.9039772
0.3757962167843596,9,14801,1786962003.3664222
0.3759718284201928,9,14811,1786962003.8160272
0.3756606011451045,9,14821,1786962004.267125
0.3761343202739954,9,14831,1786962004.7157004
0.3760226310219294,9,14841,1786962005.1723764
0.37577244364997237,9,14851,1786962005.6276224
0.3750903005880046,9,14861,1786962006.0792778
0.375432917351524,9,14871,1786962006.538588
0.3751671449577107,9,14881,1786962007.013989
0.37504789936681127,9,14891,1786962007.4755225
0.375126382742805,9,14901,1786962007.9359272
0.37462613729929384,9,14911,1786962008.392124
0.37494962297463685,9,14921,1786962008.8468978
0.37485027354624534,9,14931,1786962009.3184354
0.3747044883095301,9,14941,1786962009.7854633
0.37405929732257903,9,14951,1786962010.2408845
0.3736213143153857,9,14961,1786962010.7036495
0.37362538956581276,9,14971,1786962011.1579072
0.37339362426808004,9,14981,1786962011.622705
0.37354644034057854,9,14991,1786962012.1184058
0.3731076161271518,9,15001,1786962012.5810304
0.3728901832383506,9,15011,1786962013.0343156
0.3725467555149637,9,15021,1786962013.4937031
0.3724889849573374,9,15031,1786962013.9422739
0.37268420314729805,9,15041,1786962014.4033065
0.3727980522986721,9,15051,1786962014.8581958
0.37248121871820933,9,15061,1786962015.3253984
0.37236335442329827,9,15071,1786962015.7863462
0.3726252470130012,9,15081,1786962016.2361562
0.3724695211873864,9,15091,1786962016.6924665
0.37260078467498314,9,15101,1786962017.1489263
0.37242123338359373,9,15111,1786962017.6083555
0.37247359285114007,9,15121,1786962018.0704951
0.3723800011927431,9,15131,1786962018.523969
0.37187291419989355,9,15141,1786962018.975435
0.3715046606292682,9,15151,1786962019.4283144
0.3715000386391066,9,15161,1786962019.8801923
0.3712293805391119,9,15171,1786962020.3312426
0.3716061809659004,9,15181,1786962020.783696
0.37123155950986103,9,15191,1786962021.242295
0.3713703741375198,9,15201,1786962021.7002723
0.37122959613294926,9,15211,1786962022.2071464
0.3709987303789924,9,15221,1786962022.6653361
0.3712215552975734,9,15231,1786962023.1325862
0.371120754573956,9,15241,1786962023.5866394
0.37134283922734806,9,15251,1786962024.0458007
0.3711587270222059,9,15261,1786962024.5034065
0.3712029778428616,9,15271,1786962024.9582877
0.3708566199183464,9,15281,1786962025.4171321
0.3707365061792116,9,15291,1786962025.8805141
0.3705345736361864,9,15301,1786962026.3342924
0.36992141405353324,9,15311,1786962026.7972562
0.36968040901792143,9,15321,1786962027.2480657
0.3696508287581114,9,15331,1786962027.7025585
0.36957786020659306,9,15341,1786962028.1613936
0.36971349421549926,9,15351,1786962028.622536
0.36958869198211153,9,15361,1786962029.0821266
0.36933805546653803,9,15371,1786962029.5362592
0.36930744667847953,9,15381,1786962029.9944093
0.36935188808642766,9,15391,1786962030.460873
0.36904395169367754,9,15401,1786962030.9362423
0.36879516080885694,9,15411,1786962031.3905811
0.36863190181178157,9,15421,1786962031.8661258
0.3683961056917906,9,15431,1786962032.3497167
0.36825443527377244,9,15441,1786962032.8129401
0.36839926282704716,9,15451,1786962033.2677388
0.3682687237337753,9,15461,1786962033.7284265
0.3681393190080093,9,15471,1786962034.1920702
0.36790947603768315,9,15481,1786962034.6533053
0.36810961108501644,9,15491,1786962035.1056807
0.3681667420126143,9,15501,1786962035.5564377
0.3680385733174311,9,15511,1786962036.0064683
0.3678195757453874,9,15521,1786962036.4618506
0.3680925327837467,9,15531,1786962036.9154305
0.3686202327443274,9,15541,1786962037.3750305
0.3683433279983307,9,15551,1786962037.8338983
0.3680618557665083,9,15561,1786962038.2860744
0.36809564436023884,9,15571,1786962038.7432761
0.36831724970571456,9,15581,1786962039.209998
