train/loss,epoch,step,timestamp
1.9361146211624145,0,10,1786949947.3266232
1.290716116130352,0,20,1786949947.75945
1.0567078610261282,0,30,1786949948.1588454
0.899688421189785,0,40,1786949948.5734196
0.8005042004585267,0,50,1786949948.9697685
0.73294920672973,0,60,1786949949.3901079
0.6843555803809848,0,70,1786949949.807843
0.6454675266519189,0,80,1786949950.2054276
0.6209313675761223,0,90,1786949950.6044393
0.600075367540121,0,100,1786949951.0234525
0.5841213753277605,0,110,1786949951.450615
0.5703460888316234,0,120,1786949951.870198
0.5562566588704403,0,130,1786949952.3206613
0.5452351775552545,0,140,1786949952.7408357
0.5353504597147306,0,150,1786949953.1572032
0.529768846463412,0,160,1786949953.5643494
0.5206505437984186,0,170,1786949953.9809217
0.5127645473513338,0,180,1786949954.3990602
0.5063969139205782,0,190,1786949954.8144693
0.5016944652050733,0,200,1786949955.2258778
0.49430237391165327,0,210,1786949955.6263545
0.4879967478865927,0,220,1786949956.0316057
0.4833285811802615,0,230,1786949956.4438832
0.4783949851989746,0,240,1786949956.8483212
0.47397980278730395,0,250,1786949957.2560077
0.4687310938078624,0,260,1786949957.662481
0.46442160854736964,0,270,1786949958.0622954
0.4626488742551633,0,280,1786949958.4641757
0.45889120826433444,0,290,1786949958.8766797
0.4574589542051156,0,300,1786949959.300754
0.45453710176291007,0,310,1786949959.6997893
0.4506767491344362,0,320,1786949960.1030564
0.44688496630300173,0,330,1786949960.5055006
0.444773942188305,0,340,1786949960.909981
0.44150785088539124,0,350,1786949961.3232245
0.43955942826966443,0,360,1786949961.749729
0.4380986643401352,0,370,1786949962.1923835
0.43515827522466055,0,380,1786949962.608961
0.43230434480385904,0,390,1786949963.0199766
0.43140542801469567,0,400,1786949963.4271183
0.4304323442825457,0,410,1786949963.8261595
0.42898765529195465,0,420,1786949964.2268555
0.42692597154961076,0,430,1786949964.6256618
0.42515636184676125,0,440,1786949965.025265
0.42401495493120617,0,450,1786949965.4354672
0.4219985593272292,0,460,1786949965.8495362
0.4203082592880472,0,470,1786949966.2673688
0.41890157979602616,0,480,1786949966.6705134
0.4166911163196272,0,490,1786949967.0676625
0.41429168471693995,0,500,1786949967.459572
0.413730513260645,0,510,1786949967.847182
0.4127763842447446,0,520,1786949968.2418125
0.41306218448674903,0,530,1786949968.6428723
0.412715052013044,0,540,1786949969.041213
0.4124762806025418,0,550,1786949969.4409776
0.4111445922936712,0,560,1786949969.8529284
0.40996545746661067,0,570,1786949970.2632604
0.40861296872126646,0,580,1786949970.6702394
0.40856783291545967,0,590,1786949971.0742974
0.4088437917580207,0,600,1786949971.4897728
0.4081124338703077,0,610,1786949971.8997686
0.4070013481282419,0,620,1786949972.3244972
0.40630108711738433,0,630,1786949972.7257547
0.40618861534167083,0,640,1786949973.1283994
0.40573882893874097,0,650,1786949973.532951
0.40513070408593527,0,660,1786949973.9274912
0.4053934526754849,0,670,1786949974.3300514
0.4040596856571296,0,680,1786949974.7348282
0.40386909289636475,0,690,1786949975.1287932
0.40300075169120514,0,700,1786949975.5302753
0.40222511121504745,0,710,1786949975.9211576
0.4024117137201958,0,720,1786949976.330818
0.40132741901564273,0,730,1786949976.7305937
0.3999238479983162,0,740,1786949977.1251507
0.39914630822340647,0,750,1786949977.5272105
0.39851335000834964,0,760,1786949977.9282043
0.3977635606155767,0,770,1786949978.3308942
0.3970035532537179,0,780,1786949978.7437806
0.3962937921851496,0,790,1786949979.1459613
0.39594562983140347,0,800,1786949979.547241
0.3958878274685071,0,810,1786949979.9420962
0.3949899676732901,0,820,1786949980.3415518
0.3947616314672562,0,830,1786949980.735214
0.39492369808611416,0,840,1786949981.1334536
0.39448619377963684,0,850,1786949981.536921
0.3936792040460331,0,860,1786949981.9416597
0.3935169173211887,0,870,1786949982.377611
0.39296516220677985,0,880,1786949982.7755587
0.3920842122160987,0,890,1786949983.167358
0.3926895260479715,0,900,1786949983.5565627
0.3923253962790573,0,910,1786949983.948872
0.3923601689060097,0,920,1786949984.3354166
0.3919439787345548,0,930,1786949984.7291965
0.3909735658384384,0,940,1786949985.1272442
0.39125331575933253,0,950,1786949985.5287852
0.39073199631335837,0,960,1786949985.9368117
0.3903795588262302,0,970,1786949986.3339932
0.38969749493562444,0,980,1786949986.7408056
0.3894099911204492,0,990,1786949987.1358001
0.38894105972349646,0,1000,1786949987.534349
0.3887212431371802,0,1010,1786949987.9441156
0.3881976131276757,0,1020,1786949988.3521385
0.38771729544528477,0,1030,1786949988.7648265
0.38707626345925605,0,1040,1786949989.178182
0.3865865577402569,0,1050,1786949989.5925188
0.3858848902695584,0,1060,1786949990.0004632
0.3858003585555843,0,1070,1786949990.416399
0.385379903184043,0,1080,1786949990.8263497
0.38509650190762423,0,1090,1786949991.2297692
0.38492810287258844,0,1100,1786949991.646294
0.3851747773789071,0,1110,1786949992.087066
0.3849124189466238,0,1120,1786949992.494481
0.3847989591217674,0,1130,1786949992.918924
0.3842869966568654,0,1140,1786949993.338155
0.38390917146983355,0,1150,1786949993.7422712
0.38380601304615364,0,1160,1786949994.1407442
0.38401814058550404,0,1170,1786949994.5332875
0.38332813897375334,0,1180,1786949994.933418
0.383510309407691,0,1190,1786949995.3294961
0.38286684423685075,0,1200,1786949995.721638
0.3823988658707004,0,1210,1786949996.115486
0.38215294906594716,0,1220,1786949996.516899
0.38185708477971997,0,1230,1786949996.9193218
0.38176326156864243,0,1240,1786949997.3202634
0.38189096423387525,0,1250,1786949997.71818
0.38221189052103055,0,1260,1786949998.1085005
0.3819697057168315,0,1270,1786949998.5000963
0.3819174224161543,0,1280,1786949998.8975284
0.38156230805456176,0,1290,1786949999.2946713
0.3816739654082518,0,1300,1786949999.6967797
0.38125334124983723,0,1310,1786950000.1005025
0.38129591101949867,0,1320,1786950000.5024128
0.38138394580971924,0,1330,1786950000.9013417
0.38154845481265837,0,1340,1786950001.2854548
0.3808768627489055,0,1350,1786950001.6761503
0.38022785702829853,0,1360,1786950002.0985427
0.38003337352815336,0,1370,1786950002.5208013
0.3797781397683033,0,1380,1786950002.9387627
0.38020146068909183,0,1390,1786950003.3365927
0.3799951117805072,0,1400,1786950003.750747
0.3798223765078166,0,1410,1786950004.1650527
0.37975846350612774,0,1420,1786950004.5860848
0.379841179416313,0,1430,1786950005.0113993
0.37924246481723256,0,1440,1786950005.4365497
0.37891868463877976,0,1450,1786950005.8495936
0.378904821999269,0,1460,1786950006.2527587
0.37883760322924376,0,1470,1786950006.6583738
0.37886872118389286,0,1480,1786950007.0589275
0.3785342268195728,0,1490,1786950007.469087
0.37840007105469703,0,1500,1786950007.8731394
0.37836605760435393,0,1510,1786950008.2666578
0.378344957344234,0,1520,1786950008.6694608
0.3783635177351291,0,1530,1786950009.0701444
0.37827187266636203,0,1540,1786950009.484677
0.3779920888043219,0,1550,1786950009.8960118
0.3407967984676361,1,1569,1786950010.6963794
0.34232531040906905,1,1579,1786950011.1053228
0.3581335037946701,1,1589,1786950011.5117133
0.3671723358333111,1,1599,1786950011.9375796
0.3624942800402641,1,1609,1786950012.3851662
0.36443811679879823,1,1619,1786950012.796905
0.36106893909829,1,1629,1786950013.1961026
0.3633125679567456,1,1639,1786950013.6132267
0.3653515635265244,1,1649,1786950014.0191288
0.37178109839558604,1,1659,1786950014.4236352
0.37195373312993485,1,1669,1786950014.8214884
0.3704117926458518,1,1679,1786950015.2166781
0.36654104464329207,1,1689,1786950015.6185026
0.36662003312792096,1,1699,1786950016.010693
0.36612742483615873,1,1709,1786950016.4130232
0.36562703382223843,1,1719,1786950016.8140981
0.36347051192732416,1,1729,1786950017.2069938
0.36334495511319903,1,1739,1786950017.6123798
0.36418212463981225,1,1749,1786950018.0059009
0.36354301512241366,1,1759,1786950018.4022381
0.3663394444045566,1,1769,1786950018.8064847
0.3670402398163622,1,1779,1786950019.2206314
0.37820856286131815,1,1789,1786950019.6254168
0.4001491069793701,1,1799,1786950020.0358753
0.43168752229213714,1,1809,1786950020.4583309
0.44553257055007495,1,1819,1786950020.868429
0.46313836144076453,1,1829,1786950021.265715
0.47694470807909967,1,1839,1786950021.671474
0.5185705874500603,1,1849,1786950022.123274
0.5442095127701759,1,1859,1786950022.531503
0.5568392324832178,1,1869,1786950022.9363208
0.5637543300166726,1,1879,1786950023.3494365
0.5626891503731409,1,1889,1786950023.7866027
0.5590399159228101,1,1899,1786950024.1997695
0.5531143354518073,1,1909,1786950024.6017613
0.548315243009064,1,1919,1786950025.0332272
0.5436530714502206,1,1929,1786950025.447367
0.5402631273003001,1,1939,1786950025.8495457
0.5382528877793215,1,1949,1786950026.2516596
0.5370585403591395,1,1959,1786950026.6516964
0.5343160701234166,1,1969,1786950027.072213
0.5346434282405036,1,1979,1786950027.4776866
0.5356762095939281,1,1989,1786950027.9062712
0.5327493589710105,1,1999,1786950028.3090498
0.5291345754596922,1,2009,1786950028.7139325
0.52559190052359,1,2019,1786950029.1091614
0.5237512664909059,1,2029,1786950029.5131218
0.5217648058819274,1,2039,1786950029.9204197
0.5196042977729622,1,2049,1786950030.3193743
0.5184618252813816,1,2059,1786950030.7280521
0.5162661480260831,1,2069,1786950031.136973
0.5168920629013043,1,2079,1786950031.543092
0.5165314617865491,1,2089,1786950031.9551134
0.5143394307957755,1,2099,1786950032.375832
0.5112553734670986,1,2109,1786950032.7876341
0.5086641053003924,1,2119,1786950033.1925006
0.50602327723775,1,2129,1786950033.5939949
0.5035277797230359,1,2139,1786950033.996271
0.5015386652138274,1,2149,1786950034.4022083
0.4993502581119537,1,2159,1786950034.8023913
0.49690934754297383,1,2169,1786950035.19843
0.4946716474909936,1,2179,1786950035.5941913
0.49263366474991754,1,2189,1786950035.9938827
0.4914627677295357,1,2199,1786950036.392674
0.4889220979809761,1,2209,1786950036.794253
0.4865367349350091,1,2219,1786950037.1912985
0.4850920902259314,1,2229,1786950037.5920074
0.48289395761402215,1,2239,1786950037.9959934
0.481938657099786,1,2249,1786950038.398176
0.48041742646268437,1,2259,1786950038.8007946
0.4793719032490757,1,2269,1786950039.2089353
0.47786992123971384,1,2279,1786950039.621355
0.4757176497211195,1,2289,1786950040.0441282
0.47482813689354303,1,2299,1786950040.4594648
0.473850444316864,1,2309,1786950040.868226
0.47157956616658914,1,2319,1786950041.2729657
0.4693010027532454,1,2329,1786950041.673729
0.4685549028026752,1,2339,1786950042.0980086
0.46708026932010166,1,2349,1786950042.502426
0.46532146479934455,1,2359,1786950042.896978
0.4641936095776381,1,2369,1786950043.2953098
0.4629189998820061,1,2379,1786950043.6881614
0.4609962929982737,1,2389,1786950044.081268
0.45989713232432095,1,2399,1786950044.4754753
0.45819911430863774,1,2409,1786950044.8791065
0.4578771795297778,1,2419,1786950045.2794905
0.4563116846927281,1,2429,1786950045.676918
0.4554155135527253,1,2439,1786950046.0664067
0.45413353659128874,1,2449,1786950046.4523714
0.453279552542501,1,2459,1786950046.8602412
0.452725945183864,1,2469,1786950047.2539105
0.4511438990092796,1,2479,1786950047.6429458
0.4502466326279025,1,2489,1786950048.0309467
0.44928670482749633,1,2499,1786950048.4156833
0.4482366455699268,1,2509,1786950048.8091254
0.447140403635179,1,2519,1786950049.202761
0.44629362227068736,1,2529,1786950049.5890555
0.4452497725584069,1,2539,1786950049.9852223
0.44414574287154457,1,2549,1786950050.3868926
0.4432178112268448,1,2559,1786950050.7861729
0.44194337648920495,1,2569,1786950051.19468
0.4408146055159616,1,2579,1786950051.6241958
0.4398672973936044,1,2589,1786950052.0544436
0.4394359590485692,1,2599,1786950052.4796948
0.43855546034517745,1,2609,1786950052.8799179
0.4376769222178549,1,2619,1786950053.2803776
0.43705367376314147,1,2629,1786950053.674649
0.43610746842567566,1,2639,1786950054.0741816
0.4356657820693943,1,2649,1786950054.4707592
0.4351727684925903,1,2659,1786950054.8750558
0.43446642501397176,1,2669,1786950055.2931051
0.4338402029392975,1,2679,1786950055.7083685
0.4335784405601763,1,2689,1786950056.1219115
0.43306146630069664,1,2699,1786950056.5179386
0.4325720184004825,1,2709,1786950056.927422
0.43194640299369547,1,2719,1786950057.3304281
0.4311389321954841,1,2729,1786950057.728456
0.43005219947988704,1,2739,1786950058.1598434
0.4292667208223784,1,2749,1786950058.583399
0.4283145691454411,1,2759,1786950058.9943924
0.42792438165215424,1,2769,1786950059.393287
0.42730710607815964,1,2779,1786950059.7902093
0.4265165762445791,1,2789,1786950060.1963682
0.4257960124602241,1,2799,1786950060.6002338
0.42523477107286456,1,2809,1786950061.0100858
0.42451966909898653,1,2819,1786950061.421821
0.4241297865594466,1,2829,1786950061.8342907
0.423826453788206,1,2839,1786950062.2672625
0.4231233156813208,1,2849,1786950062.6855092
0.42251579777552534,1,2859,1786950063.0870845
0.42201701558500754,1,2869,1786950063.4849174
0.4214017700516816,1,2879,1786950063.8851361
0.4211428289126633,1,2889,1786950064.2872374
0.4205117305490508,1,2899,1786950064.6842246
0.4201442829436726,1,2909,1786950065.0816789
0.4201388721628224,1,2919,1786950065.470902
0.41934120231953853,1,2929,1786950065.8562102
0.4188471171519031,1,2939,1786950066.2596455
0.4185881179871319,1,2949,1786950066.6534724
0.41805947610310146,1,2959,1786950067.0574136
0.417649706775415,1,2969,1786950067.450658
0.41724924011759357,1,2979,1786950067.8553371
0.4164853108304364,1,2989,1786950068.2525265
0.4157505759038031,1,2999,1786950068.6689048
0.4157298988823233,1,3009,1786950069.086922
0.415093245540988,1,3019,1786950069.4943554
0.4147986829990432,1,3029,1786950069.8931787
0.4148926399346139,1,3039,1786950070.2871532
0.4147821070163842,1,3049,1786950070.6998856
0.4144673816363017,1,3059,1786950071.1055033
0.4138826321884496,1,3069,1786950071.5043678
0.413289879203627,1,3079,1786950071.9251885
0.41270190948754354,1,3089,1786950072.3486452
0.4125191422251912,1,3099,1786950072.745488
0.4120739694852983,1,3109,1786950073.13832
0.3886557772755623,2,3128,1786950073.8853993
0.3898573353886604,2,3138,1786950074.288426
0.36552405456701914,2,3148,1786950074.6769717
0.3543709732592106,2,3158,1786950075.072006
0.3579627829790115,2,3168,1786950075.4620025
0.35376604944467543,2,3178,1786950075.852449
0.35427391060761043,2,3188,1786950076.2481074
0.35786560699343684,2,3198,1786950076.6443126
0.35431242833534876,2,3208,1786950077.0432687
0.3511727724969387,2,3218,1786950077.4387028
0.35117873535914856,2,3228,1786950077.8354154
0.35175870433449746,2,3238,1786950078.2362618
0.35440322802616997,2,3248,1786950078.634348
0.3587186934692519,2,3258,1786950079.0326252
0.3565186309814453,2,3268,1786950079.433075
0.35811728704720736,2,3278,1786950079.8292139
0.3563847270958564,2,3288,1786950080.2259336
0.3543967599670092,2,3298,1786950080.6169024
0.354019307149084,2,3308,1786950081.016198
0.3566935920715332,2,3318,1786950081.4142475
0.35662027420032594,2,3328,1786950081.8210611
0.3551263472573324,2,3338,1786950082.2432148
0.355744791743548,2,3348,1786950082.6413584
0.3564921150604884,2,3358,1786950083.0283122
0.35746434378623965,2,3368,1786950083.4233105
0.3578878085200603,2,3378,1786950083.8443024
0.35778812385267683,2,3388,1786950084.2764273
0.3577516774513892,2,3398,1786950084.6928072
0.35671537138264753,2,3408,1786950085.0869207
0.35597053954998653,2,3418,1786950085.4837294
0.3568745034356271,2,3428,1786950085.8728313
0.3556680716574192,2,3438,1786950086.2681549
0.3577454400785042,2,3448,1786950086.6670313
0.3580978431684129,2,3458,1786950087.058682
0.3578215193322727,2,3468,1786950087.4533165
0.3587369481722514,2,3478,1786950087.8444211
0.35875572054772764,2,3488,1786950088.244135
0.3586295800773721,2,3498,1786950088.6374664
0.357853202521801,2,3508,1786950089.0399342
0.35821637824177743,2,3518,1786950089.4366434
0.3582424916145278,2,3528,1786950089.829771
0.35757092673863683,2,3538,1786950090.2245884
0.3558600686663805,2,3548,1786950090.6198065
0.3559058099985123,2,3558,1786950091.0495248
0.3557813126842181,2,3568,1786950091.4738648
0.3553281528794247,2,3578,1786950091.8801322
0.35517190751877237,2,3588,1786950092.3000293
0.35486890533939003,2,3598,1786950092.702227
0.35567940324544906,2,3608,1786950093.1049151
0.35521204328536987,2,3618,1786950093.5063953
0.3543069322903951,2,3628,1786950093.9161162
0.35425826511704006,2,3638,1786950094.3217444
0.3538792495738785,2,3648,1786950094.7288291
0.3541177598690545,2,3658,1786950095.1239805
0.35381593146107415,2,3668,1786950095.523934
0.35312173504914557,2,3678,1786950095.9326034
0.35311201361187716,2,3688,1786950096.3346024
0.353327260962848,2,3698,1786950096.731044
0.3543737170554824,2,3708,1786950097.1184115
0.3550766937931379,2,3718,1786950097.516058
0.35574443196175526,2,3728,1786950097.9101417
0.35571572256665074,2,3738,1786950098.3014727
0.35574558147835356,2,3748,1786950098.6960042
0.35529526830650865,2,3758,1786950099.0993707
0.3553781707011736,2,3768,1786950099.4927397
0.3553587425387267,2,3778,1786950099.885505
0.3552487126482067,2,3788,1786950100.280443
0.3553118623793125,2,3798,1786950100.6764743
0.3552212999566742,2,3808,1786950101.0651188
0.3548740569608552,2,3818,1786950101.464236
0.35479591455258114,2,3828,1786950101.863167
0.35496889574246276,2,3838,1786950102.289249
0.35503379637247895,2,3848,1786950102.6901927
0.35587301886564976,2,3858,1786950103.087862
0.35576270159085593,2,3868,1786950103.4796278
0.3554666471324469,2,3878,1786950103.880553
0.356176043330849,2,3888,1786950104.2775056
0.3561426059557841,2,3898,1786950104.709291
0.3557477698295931,2,3908,1786950105.1105034
0.3555181664414704,2,3918,1786950105.501549
0.3556764706233401,2,3928,1786950105.8998644
0.3566370354919899,2,3938,1786950106.2951088
0.3564044449702803,2,3948,1786950106.6953187
0.3569030010274478,2,3958,1786950107.0973032
0.35757562563699835,2,3968,1786950107.4911826
0.35698125495813615,2,3978,1786950107.8896928
0.35667803772222034,2,3988,1786950108.2867012
0.3560350875793533,2,3998,1786950108.6832063
0.3562140976947345,2,4008,1786950109.0867033
0.35618218229876625,2,4018,1786950109.4865963
0.3565529096257556,2,4028,1786950109.8903878
0.356274069165406,2,4038,1786950110.293119
0.35626554380181014,2,4048,1786950110.6873164
0.3561972214186445,2,4058,1786950111.0821552
0.3558198241654195,2,4068,1786950111.4947474
0.3556311849349489,2,4078,1786950111.9051676
0.3558673537115461,2,4088,1786950112.3308587
0.3557087455629086,2,4098,1786950112.727002
0.3549357450256745,2,4108,1786950113.1305895
0.35501237266138197,2,4118,1786950113.5233474
0.35540506667503624,2,4128,1786950113.9278357
0.35522070878057505,2,4138,1786950114.331863
0.3548387688955346,2,4148,1786950114.751027
0.3548811398195819,2,4158,1786950115.135103
0.35470593728125094,2,4168,1786950115.5354183
0.35488752053945133,2,4178,1786950115.933175
0.35490367052223637,2,4188,1786950116.3330402
0.3552369789013432,2,4198,1786950116.7346127
0.35525808032567896,2,4208,1786950117.1321633
0.35507176712494004,2,4218,1786950117.5262973
0.3551210939917747,2,4228,1786950117.924808
0.35485584134834686,2,4238,1786950118.318506
0.3547554561027647,2,4248,1786950118.7072828
0.35459136044312467,2,4258,1786950119.1040926
0.35488405796820705,2,4268,1786950119.4983342
0.3550371499507335,2,4278,1786950119.8928595
0.35524768095431675,2,4288,1786950120.283122
0.3552642107104598,2,4298,1786950120.677077
0.35540457779557266,2,4308,1786950121.0695004
0.355588980972146,2,4318,1786950121.460075
0.3555943154445118,2,4328,1786950121.8663087
0.35568649674475683,2,4338,1786950122.2961853
0.3554288643495581,2,4348,1786950122.711451
0.35527981876305514,2,4358,1786950123.106328
0.3550554999679327,2,4368,1786950123.4981894
0.355166030553953,2,4378,1786950123.8961768
0.355117447307612,2,4388,1786950124.3174663
0.35501451560703573,2,4398,1786950124.7160463
0.3549428590710542,2,4408,1786950125.1171353
0.35456656739975395,2,4418,1786950125.5162914
0.3545918145906607,2,4428,1786950125.9110477
0.35457332854187396,2,4438,1786950126.3061829
0.354131258763653,2,4448,1786950126.6969287
0.3541149260476232,2,4458,1786950127.0893364
0.35451410251359144,2,4468,1786950127.4882393
0.3574312571847044,2,4478,1786950127.8824325
0.3629104432588729,2,4488,1786950128.2813532
0.3733670757489576,2,4498,1786950128.681257
0.3847000366679842,2,4508,1786950129.0887568
0.4021399295516312,2,4518,1786950129.491276
0.420863859215421,2,4528,1786950129.8940032
0.43679945529504144,2,4538,1786950130.282466
0.45556267134949463,2,4548,1786950130.6800437
0.47199644125325396,2,4558,1786950131.0706637
0.4876372094991906,2,4568,1786950131.4674842
0.5011654926668088,2,4578,1786950131.8743215
0.5145642065854907,2,4588,1786950132.3379655
0.5259992367688667,2,4598,1786950132.74418
0.5389863365623575,2,4608,1786950133.1597242
0.5515534859672189,2,4618,1786950133.5569892
0.5644999436368019,2,4628,1786950133.9521754
0.5772638598726573,2,4638,1786950134.347161
0.5887123107301448,2,4648,1786950134.743454
0.5993180467106112,2,4658,1786950135.1362753
0.6099463344557632,2,4668,1786950135.5307055
2.0546133637428285,3,4687,1786950136.282042
2.041486841440201,3,4697,1786950136.6800327
2.0084678610165914,3,4707,1786950137.0762923
1.9845804154872895,3,4717,1786950137.472034
1.929944314956665,3,4727,1786950137.8572578
1.8718158463637034,3,4737,1786950138.247297
1.8635655965123858,3,4747,1786950138.6378357
1.8237863257527351,3,4757,1786950139.0367827
1.8134159564971923,3,4767,1786950139.4294128
1.8170963001251221,3,4777,1786950139.8191624
1.8267898440361023,3,4787,1786950140.2152805
1.855132719874382,3,4797,1786950140.6182563
1.8608723475382878,3,4807,1786950141.0120876
1.8658672477517808,3,4817,1786950141.4075809
1.8605706373850504,3,4827,1786950141.81137
1.854105945304036,3,4837,1786950142.2500443
1.8555661611697254,3,4847,1786950142.657887
1.8453485618035,3,4857,1786950143.0669062
1.8322564937566457,3,4867,1786950143.4636872
1.824601098895073,3,4877,1786950143.8568501
1.8209067231132872,3,4887,1786950144.247455
1.8071900289167058,3,4897,1786950144.6342099
1.8012256230997004,3,4907,1786950145.0281723
1.7981107525527478,3,4917,1786950145.4232464
1.802276682138443,3,4927,1786950145.810011
1.8004805631362475,3,4937,1786950146.2007878
1.7928047588577978,3,4947,1786950146.5932791
1.7950325663600648,3,4957,1786950146.982718
1.7862418296008276,3,4967,1786950147.3839855
1.7811847358942032,3,4977,1786950147.7682796
1.7742674779507421,3,4987,1786950148.1584907
1.7638386433944107,3,4997,1786950148.5484998
1.758659247376702,3,5007,1786950148.9431822
1.75442858180579,3,5017,1786950149.3472264
1.748507283585412,3,5027,1786950149.739937
1.7410751910673248,3,5037,1786950150.1501546
1.7310786137709746,3,5047,1786950150.5507128
1.719371690561897,3,5057,1786950150.950256
1.7146606472822337,3,5067,1786950151.3426197
1.709453436434269,3,5077,1786950151.7331526
1.7025783780144481,3,5087,1786950152.1707215
1.694111685809635,3,5097,1786950152.5711756
1.6813572338847227,3,5107,1786950152.9692552
1.673701849444346,3,5117,1786950153.3702164
1.6634027437369028,3,5127,1786950153.7649584
1.6542466551065445,3,5137,1786950154.162232
1.645018417340644,3,5147,1786950154.564254
1.6373764157916109,3,5157,1786950154.974141
1.6274117852352104,3,5167,1786950155.379765
1.6166971061825752,3,5177,1786950155.791385
1.6050985198979284,3,5187,1786950156.2124057
1.5957920383375424,3,5197,1786950156.6318395
1.5839828057671492,3,5207,1786950157.0506492
1.5769098658804541,3,5217,1786950157.4783
1.5726288099180568,3,5227,1786950157.8944216
1.5651248493897063,3,5237,1786950158.293654
1.5562453874893356,3,5247,1786950158.6887877
1.5478313174227187,3,5257,1786950159.0889728
1.538844068121102,3,5267,1786950159.4898963
1.5304168336093427,3,5277,1786950159.8860888
1.522181974131553,3,5287,1786950160.2886899
1.5137043932272543,3,5297,1786950160.6841733
1.5051720356657392,3,5307,1786950161.0807245
1.4971868013497442,3,5317,1786950161.4833663
1.4873510271310806,3,5327,1786950161.9056053
1.4792091908328462,3,5337,1786950162.3542817
1.47040960383949,3,5347,1786950162.7700388
1.4605590215938933,3,5357,1786950163.1929297
1.4512137439371884,3,5367,1786950163.5993102
1.441065619289875,3,5377,1786950164.0079606
1.429849428610063,3,5387,1786950164.4113085
1.4191836462666592,3,5397,1786950164.7964277
1.410817293884003,3,5407,1786950165.1789193
1.4008289067326365,3,5417,1786950165.588158
1.390338880777359,3,5427,1786950165.9982898
1.381366445437858,3,5437,1786950166.405976
1.3715239668047274,3,5447,1786950166.8095148
1.3618531426176046,3,5457,1786950167.2022254
1.351765367615072,3,5467,1786950167.5901048
1.341331343613565,3,5477,1786950167.984114
1.3313610939331997,3,5487,1786950168.3781233
1.3220805753295015,3,5497,1786950168.771398
1.3129290343408124,3,5507,1786950169.1712694
1.304157584515356,3,5517,1786950169.5662
1.2944019083065146,3,5527,1786950169.9624538
1.2857741764811583,3,5537,1786950170.3627396
1.2767419364603085,3,5547,1786950170.7674606
1.2683330956846475,3,5557,1786950171.1666768
1.2605115403620044,3,5567,1786950171.5901628
1.2516370519664552,3,5577,1786950172.0124197
1.244406999680367,3,5587,1786950172.458087
1.2360901766335186,3,5597,1786950172.8632658
1.2272849051702408,3,5607,1786950173.274958
1.2194568171621638,3,5617,1786950173.6671147
1.213069619865794,3,5627,1786950174.0640578
1.2061713615898042,3,5637,1786950174.4575906
1.198993297443562,3,5647,1786950174.859003
1.193250760664137,3,5657,1786950175.2682807
1.1867106053413767,3,5667,1786950175.6742377
1.1794654913693667,3,5677,1786950176.0831187
1.1724331079290644,3,5687,1786950176.5081658
1.1654707546765897,3,5697,1786950176.9188583
1.1582530095883943,3,5707,1786950177.3333716
1.1521832530171825,3,5717,1786950177.7368565
1.1472631585172244,3,5727,1786950178.1377704
1.1413037985141548,3,5737,1786950178.5322752
1.1348727407438732,3,5747,1786950178.930201
1.1290068836813723,3,5757,1786950179.3289587
1.122462960694908,3,5767,1786950179.7242057
1.1159174970605157,3,5777,1786950180.1231115
1.1102435422641737,3,5787,1786950180.529697
1.1043365287727542,3,5797,1786950180.934617
1.099550719730622,3,5807,1786950181.3437226
1.0944586330599952,3,5817,1786950181.73166
1.089050780793895,3,5827,1786950182.1729126
1.0829744928355876,3,5837,1786950182.581242
1.077778596832202,3,5847,1786950182.9887064
1.0723640120383036,3,5857,1786950183.3904924
1.0663962893876708,3,5867,1786950183.7880993
1.0608771321798365,3,5877,1786950184.2078862
1.0555180182634307,3,5887,1786950184.6317804
1.0502105482289048,3,5897,1786950185.0273886
1.045400061694587,3,5907,1786950185.4482768
1.0399081922106204,3,5917,1786950185.8562996
1.0348168442368508,3,5927,1786950186.2697802
1.0296790467249968,3,5937,1786950186.6758792
1.025074869077506,3,5947,1786950187.0916166
1.019798389065545,3,5957,1786950187.507633
1.0147968280800552,3,5967,1786950187.9159784
1.0099605320623288,3,5977,1786950188.3221107
1.0047361747112893,3,5987,1786950188.733257
1.000082985481078,3,5997,1786950189.1463907
0.9955119983930337,3,6007,1786950189.566219
0.9908729093510713,3,6017,1786950189.971722
0.9867021024889416,3,6027,1786950190.3896754
0.98228574276847,3,6037,1786950190.78837
0.9776812443768021,3,6047,1786950191.1802225
0.9735174147331196,3,6057,1786950191.5755155
0.9692385855231354,3,6067,1786950191.9797075
0.9651703892541783,3,6077,1786950192.412367
0.9605762479998541,3,6087,1786950192.8003685
0.9565212370434277,3,6097,1786950193.2168572
0.9523058191671238,3,6107,1786950193.610274
0.9485004741077622,3,6117,1786950194.0002723
0.9447608594031169,3,6127,1786950194.392137
0.9407513872605481,3,6137,1786950194.782495
0.9366547520063362,3,6147,1786950195.1735666
0.9328731594758259,3,6157,1786950195.5804293
0.9298844490275286,3,6167,1786950195.9690607
0.9272089219093322,3,6177,1786950196.370515
0.9237727168478713,3,6187,1786950196.7744384
0.9206413128560311,3,6197,1786950197.1808243
0.9172659094427146,3,6207,1786950197.5872312
0.913477402886787,3,6217,1786950197.9905384
0.9103944779596022,3,6227,1786950198.394664
0.40884522199630735,4,6246,1786950199.1734908
0.385378560423851,4,6256,1786950199.5788953
0.3833644539117813,4,6266,1786950199.976335
0.3901368945837021,4,6276,1786950200.3826673
0.38982220470905304,4,6286,1786950200.7836053
0.39223246077696483,4,6296,1786950201.1763844
0.3941397760595594,4,6306,1786950201.5749948
0.3924327315762639,4,6316,1786950201.984469
0.39240280240774156,4,6326,1786950202.42038
0.39393924102187156,4,6336,1786950202.8282607
0.3896865514191714,4,6346,1786950203.2370582
0.3917839261392752,4,6356,1786950203.6450756
0.3873216084562815,4,6366,1786950204.0549042
0.38820700592228347,4,6376,1786950204.4633124
0.38551036794980365,4,6386,1786950204.855021
0.3873027477413416,4,6396,1786950205.2504745
0.386102073858766,4,6406,1786950205.6731951
0.3828109082248476,4,6416,1786950206.072776
0.38258339198012103,4,6426,1786950206.4856281
0.38257384687662127,4,6436,1786950206.8976586
0.38025020105498175,4,6446,1786950207.2944849
0.38074737319892105,4,6456,1786950207.6941988
0.382206977515117,4,6466,1786950208.099574
0.38283964538325865,4,6476,1786950208.5052354
0.3821281970143318,4,6486,1786950208.9092214
0.38012890466130694,4,6496,1786950209.3180587
0.3820594726337327,4,6506,1786950209.7224662
0.3831017824688128,4,6516,1786950210.1341274
0.3839723479388089,4,6526,1786950210.558697
0.38627735557655496,4,6536,1786950210.9646418
0.38640078303794706,4,6546,1786950211.3673546
0.38674226447474214,4,6556,1786950211.7763624
0.38706132487365696,4,6566,1786950212.2113097
0.38502327753778764,4,6576,1786950212.6170847
0.38478932685085704,4,6586,1786950213.0115144
0.38313811787714563,4,6596,1786950213.4209816
0.3831982984132058,4,6606,1786950213.8202581
0.3831509723279037,4,6616,1786950214.2252622
0.3827832190081095,4,6626,1786950214.642786
0.38220912834629417,4,6636,1786950215.0512123
0.38293649566973126,4,6646,1786950215.456497
0.3829675344306798,4,6656,1786950215.858086
0.38189349734159406,4,6666,1786950216.266294
0.38090568447316236,4,6676,1786950216.6873882
0.3801641405787733,4,6686,1786950217.095321
0.37919418129908,4,6696,1786950217.5003555
0.37739446602286175,4,6706,1786950217.8984356
0.377059520361945,4,6716,1786950218.3113995
0.376879653471465,4,6726,1786950218.7142158
0.3767691479474306,4,6736,1786950219.1110923
0.3762198524878306,4,6746,1786950219.5140636
0.3761219137706436,4,6756,1786950219.9143214
0.3755872115914552,4,6766,1786950220.330259
0.3750915523066565,4,6776,1786950220.7320845
0.3745963042568077,4,6786,1786950221.1454458
0.37394586951871006,4,6796,1786950221.5690129
0.3731721673748995,4,6806,1786950221.9812531
0.3725461197952772,4,6816,1786950222.40841
0.3727761526607861,4,6826,1786950222.8008657
0.3727031517898043,4,6836,1786950223.2311888
0.3727178663626069,4,6846,1786950223.657296
0.37281873568652135,4,6856,1786950224.0640779
0.3728205453427065,4,6866,1786950224.4914858
0.3729884430882521,4,6876,1786950224.909312
0.3725261629430147,4,6886,1786950225.3241205
0.3720671976944714,4,6896,1786950225.738689
0.37211558359550007,4,6906,1786950226.155439
0.3721778318614644,4,6916,1786950226.5670285
0.37183724532740703,4,6926,1786950226.9698775
0.37190930627286434,4,6936,1786950227.371311
0.37202859524060305,4,6946,1786950227.7679453
0.37177093297036157,4,6956,1786950228.1757464
0.3712055030648839,4,6966,1786950228.5811005
0.37084106820056567,4,6976,1786950228.9862406
0.3706035625636578,4,6986,1786950229.4041228
0.37038646979551565,4,6996,1786950229.81642
0.36976736774305247,4,7006,1786950230.232328
0.36998642339156224,4,7016,1786950230.639063
0.36974821573571315,4,7026,1786950231.045417
0.36950148578733205,4,7036,1786950231.4603074
0.36997249413419653,4,7046,1786950231.8664818
0.3697744684611879,4,7056,1786950232.3053596
0.369718691060342,4,7066,1786950232.725317
0.36929249101806255,4,7076,1786950233.139235
0.3688556802097489,4,7086,1786950233.553439
0.369804696478816,4,7096,1786950233.9613247
0.3697264631760531,4,7106,1786950234.370234
0.37028726066716694,4,7116,1786950234.796438
0.370801945332061,4,7126,1786950235.2214606
0.37068411063816814,4,7136,1786950235.6440377
0.3706620747898961,4,7146,1786950236.052995
0.36997316220532295,4,7156,1786950236.456289
0.36929510027490636,4,7166,1786950236.855775
0.3689942404944846,4,7176,1786950237.2705042
0.3690990557482368,4,7186,1786950237.686281
0.3690387073749056,4,7196,1786950238.098301
0.36915476864453445,4,7206,1786950238.5099564
0.3688937956733363,4,7216,1786950238.9241214
0.3690722012008079,4,7226,1786950239.3286355
0.368973174020648,4,7236,1786950239.7251694
0.3688784365164171,4,7246,1786950240.1167016
0.3682244289739459,4,7256,1786950240.5313342
0.3679647406472743,4,7266,1786950240.9459856
0.3679190689411301,4,7276,1786950241.3571467
0.3679514933483941,4,7286,1786950241.7787364
0.36787467320572653,4,7296,1786950242.216136
0.36743694898959633,4,7306,1786950242.6322403
0.367266934434021,4,7316,1786950243.0363226
0.36741409756995125,4,7326,1786950243.443161
0.3676552474634214,4,7336,1786950243.8603625
0.36782827969338444,4,7346,1786950244.2723303
0.3675567035962428,4,7356,1786950244.680177
0.3679133585596507,4,7366,1786950245.0951204
0.36804497353079024,4,7376,1786950245.519235
0.3681769110068031,4,7386,1786950245.9383495
0.3682599579722717,4,7396,1786950246.3481545
0.3682186280432929,4,7406,1786950246.771433
0.3680733354793767,4,7416,1786950247.1902301
0.3686659150389062,4,7426,1786950247.602705
0.3685965633764863,4,7436,1786950247.9996295
0.3685298134103294,4,7446,1786950248.3950002
0.3686861090606353,4,7456,1786950248.8088324
0.3685164582559733,4,7466,1786950249.2321682
0.36839190874128575,4,7476,1786950249.6546257
0.3681269678592682,4,7486,1786950250.076706
0.3676585112535764,4,7496,1786950250.4946945
0.36765536934606674,4,7506,1786950250.904316
0.3676611340488307,4,7516,1786950251.31447
0.36760766961315805,4,7526,1786950251.727222
0.36732970926624076,4,7536,1786950252.1830366
0.3672683318835178,4,7546,1786950252.5884118
0.3674053450877016,4,7556,1786950252.998214
0.3671185907004471,4,7566,1786950253.4004033
0.3673694220163039,4,7576,1786950253.8274944
0.36716047252769823,4,7586,1786950254.232915
0.3675482460790697,4,7596,1786950254.6393034
0.36765046988743066,4,7606,1786950255.0381098
0.3676262078185876,4,7616,1786950255.439722
0.36766003379933265,4,7626,1786950255.8456638
0.36772191189229486,4,7636,1786950256.2627916
0.36743350619754045,4,7646,1786950256.666104
0.36867676533653704,4,7656,1786950257.064435
0.3692633616653356,4,7666,1786950257.4637675
0.3691632894695633,4,7676,1786950257.8695397
0.3694393348385548,4,7686,1786950258.2625005
0.3707749219279583,4,7696,1786950258.6711185
0.3722680713753311,4,7706,1786950259.0992103
0.37481303048899045,4,7716,1786950259.5137577
0.37625617103888687,4,7726,1786950259.9243376
0.3776039647559325,4,7736,1786950260.3187993
0.37793625041546414,4,7746,1786950260.7137077
0.3787559243311223,4,7756,1786950261.1094036
0.3791060153857555,4,7766,1786950261.5195928
0.3793894635392474,4,7776,1786950261.9320924
0.3799401797979109,4,7786,1786950262.3564482
0.46096115112304686,5,7805,1786950263.1282084
0.4145208053290844,5,7815,1786950263.5339684
0.4723613366484642,5,7825,1786950263.9375143
0.4794852454215288,5,7835,1786950264.3420405
0.4579339247941971,5,7845,1786950264.7432137
0.4518499011794726,5,7855,1786950265.143303
0.4429199819053922,5,7865,1786950265.5478425
0.4338061287999153,5,7875,1786950265.9691489
0.4232543792989519,5,7885,1786950266.3871415
0.42060739040374756,5,7895,1786950266.7846518
0.4160386245359074,5,7905,1786950267.180773
0.41639949157834055,5,7915,1786950267.5848706
0.40941741053874675,5,7925,1786950267.9829023
0.4070450946688652,5,7935,1786950268.3756266
0.40263887484868366,5,7945,1786950268.7710598
0.3965926463715732,5,7955,1786950269.1673243
0.3929373620187535,5,7965,1786950269.5652745
0.3894985841380225,5,7975,1786950269.9541376
0.3884704510632314,5,7985,1786950270.3495095
0.3869713842123747,5,7995,1786950270.7462425
0.3854863242734046,5,8005,1786950271.1484265
0.38391504016789524,5,8015,1786950271.555792
0.387982472518216,5,8025,1786950271.9666421
0.386646194010973,5,8035,1786950272.395982
0.38816005980968477,5,8045,1786950272.8046203
0.3912729632395964,5,8055,1786950273.2005022
0.3932337948569545,5,8065,1786950273.5996218
0.393992082881076,5,8075,1786950273.9954374
0.39351023415039327,5,8085,1786950274.3912451
0.39334712078173956,5,8095,1786950274.7831914
0.39223785708027503,5,8105,1786950275.177002
0.3919434474315494,5,8115,1786950275.5862625
0.3911973426287824,5,8125,1786950275.9858046
0.39088768766206855,5,8135,1786950276.406979
0.39039376842124124,5,8145,1786950276.797154
0.3904258381575346,5,8155,1786950277.2121406
0.3887555765944558,5,8165,1786950277.6138706
0.3884153773125849,5,8175,1786950278.0022628
0.3887169510126114,5,8185,1786950278.405886
0.38983252335339785,5,8195,1786950278.8064764
0.3898550726655053,5,8205,1786950279.2052119
0.3898405357485726,5,8215,1786950279.6018808
0.38963585360798725,5,8225,1786950279.9970188
0.3918960986828262,5,8235,1786950280.388629
0.3928590533799595,5,8245,1786950280.7857192
0.39389254201365553,5,8255,1786950281.179776
0.3940013440048441,5,8265,1786950281.5757196
0.39389331604664524,5,8275,1786950281.9810576
0.3939534799480925,5,8285,1786950282.4139209
0.394817647010088,5,8295,1786950282.801713
0.394420060310878,5,8305,1786950283.1899738
0.3942972871260001,5,8315,1786950283.5914006
0.3936053383462834,5,8325,1786950284.0031998
0.3930990155372355,5,8335,1786950284.395961
0.3929145737669685,5,8345,1786950284.7939017
0.39201139592166456,5,8355,1786950285.1998425
0.39108057181563294,5,8365,1786950285.5903172
0.3913913705482565,5,8375,1786950285.9775436
0.39036981736199333,5,8385,1786950286.3884854
0.3898930647969246,5,8395,1786950286.7772322
0.3895621863789246,5,8405,1786950287.1712785
0.38899469853889557,5,8415,1786950287.5663064
0.3892718297858087,5,8425,1786950287.965229
0.38770698122680186,5,8435,1786950288.3583066
0.3873095843654413,5,8445,1786950288.7558925
0.3864930169600429,5,8455,1786950289.1582172
0.3863142530864744,5,8465,1786950289.577866
0.385211977559854,5,8475,1786950289.9742727
0.3862389495191367,5,8485,1786950290.3776414
0.38619929933122227,5,8495,1786950290.77199
0.3860318435539662,5,8505,1786950291.1906834
0.3858438479610615,5,8515,1786950291.6059382
0.38615328067377824,5,8525,1786950292.0201495
0.3858720964072524,5,8535,1786950292.4642951
0.3854947167833646,5,8545,1786950292.8780458
0.38474928670023617,5,8555,1786950293.2787042
0.38460177297328974,5,8565,1786950293.6766853
0.38422242595981326,5,8575,1786950294.0741777
0.38362739493575276,5,8585,1786950294.4768572
0.3835012310557067,5,8595,1786950294.8808763
0.38290719847988197,5,8605,1786950295.2791662
0.38280767931080445,5,8615,1786950295.6874382
0.38248666582337343,5,8625,1786950296.0864892
0.3823550541486059,5,8635,1786950296.4970326
0.38199808073394437,5,8645,1786950296.889518
0.38169499795104184,5,8655,1786950297.2847521
0.3808086921942645,5,8665,1786950297.6809976
0.38007835546847096,5,8675,1786950298.0741029
0.3800546584922946,5,8685,1786950298.4763591
0.37993581732942,5,8695,1786950298.8617694
0.3796126292056435,5,8705,1786950299.253309
0.37939778631957977,5,8715,1786950299.652469
0.3792648788341271,5,8725,1786950300.050244
0.37881177336453126,5,8735,1786950300.4511864
0.3784026972635796,5,8745,1786950300.8515105
0.37782488998491315,5,8755,1786950301.2376964
0.377577402627038,5,8765,1786950301.6371078
0.3773598592120166,5,8775,1786950302.0502703
0.37671009182478443,5,8785,1786950302.4804819
0.37646698822826147,5,8795,1786950302.9004982
0.3759108732021091,5,8805,1786950303.3134878
0.3757718867896234,5,8815,1786950303.7278123
0.37557683398278013,5,8825,1786950304.132792
0.3753653776545364,5,8835,1786950304.5319695
0.3750445589210306,5,8845,1786950304.9386425
0.37468190348513847,5,8855,1786950305.3452036
0.37424202535614787,5,8865,1786950305.7385783
0.37353326521675895,5,8875,1786950306.1294785
0.373307032083426,5,8885,1786950306.526688
0.37295210066844114,5,8895,1786950306.927297
0.3728196401920941,5,8905,1786950307.320242
0.3723093594224857,5,8915,1786950307.713328
0.3722323532059657,5,8925,1786950308.1136062
0.37181488494470455,5,8935,1786950308.5116174
0.3715840965185476,5,8945,1786950308.9299207
0.3718719898562493,5,8955,1786950309.340397
0.371875121902961,5,8965,1786950309.7613935
0.3722075050854582,5,8975,1786950310.1662138
0.3722738281706301,5,8985,1786950310.5712292
0.3716470706400772,5,8995,1786950310.9683986
0.37119723881694894,5,9005,1786950311.375418
0.3712408061459905,5,9015,1786950311.7910378
0.3709414687280248,5,9025,1786950312.2199175
0.3711719264606795,5,9035,1786950312.6346424
0.37082128271460535,5,9045,1786950313.0371146
0.3706004832649515,5,9055,1786950313.4412472
0.3704264027103195,5,9065,1786950313.8493266
0.37029540888615886,5,9075,1786950314.257461
0.3697593915947648,5,9085,1786950314.670268
0.36926979255217773,5,9095,1786950315.0724733
0.3689702456006567,5,9105,1786950315.4639676
0.3695841694420034,5,9115,1786950315.8809104
0.36939514194216044,5,9125,1786950316.2775917
0.36917903307658523,5,9135,1786950316.6779819
0.3689084080082399,5,9145,1786950317.0725126
0.3687961825553109,5,9155,1786950317.4720893
0.36874692163763256,5,9165,1786950317.87634
0.3687687311699425,5,9175,1786950318.2773476
0.36853579625808935,5,9185,1786950318.6744673
0.3686352916487626,5,9195,1786950319.0797915
0.3682733774396545,5,9205,1786950319.4704614
0.3677311864432315,5,9215,1786950319.8555088
0.3676211896580416,5,9225,1786950320.2412953
0.36718442051981887,5,9235,1786950320.6440506
0.3671229359404794,5,9245,1786950321.0455112
0.36734780267085115,5,9255,1786950321.448996
0.3672857112118176,5,9265,1786950321.86636
0.36708985275110684,5,9275,1786950322.312223
0.3673920353587042,5,9285,1786950322.724934
0.36728639269868535,5,9295,1786950323.1277587
0.3677553286220854,5,9305,1786950323.5288632
0.3674237354805595,5,9315,1786950323.9331312
0.36711681705284743,5,9325,1786950324.3329415
0.3671596337932271,5,9335,1786950324.7414033
0.36712408201348395,5,9345,1786950325.1537244
0.3602786958217621,6,9364,1786950325.9443097
0.37617201507091524,6,9374,1786950326.3452291
0.3626590723792712,6,9384,1786950326.7538815
0.3547783475369215,6,9394,1786950327.15057
0.3672140827775002,6,9404,1786950327.5446157
0.3652068008979162,6,9414,1786950327.9411075
0.358912413247994,6,9424,1786950328.3352041
0.35524090081453324,6,9434,1786950328.7424748
0.3535247854060597,6,9444,1786950329.1619327
0.35078439965844155,6,9454,1786950329.5700088
0.3484694923866879,6,9464,1786950329.9892507
0.3484488495935996,6,9474,1786950330.4068897
0.35299001049536927,6,9484,1786950330.8230493
0.35463630418692316,6,9494,1786950331.2279391
0.35359385788440706,6,9504,1786950331.6278772
0.35476017612963917,6,9514,1786950332.0433497
0.35339506163316614,6,9524,1786950332.476052
0.3573691005508105,6,9534,1786950332.8815267
0.3582186374225115,6,9544,1786950333.2911284
0.3584598045051098,6,9554,1786950333.7015224
0.3575337242512476,6,9564,1786950334.0995128
0.3577539574016224,6,9574,1786950334.4971557
0.35711375598026357,6,9584,1786950334.8943932
0.3572688642889261,6,9594,1786950335.2822564
0.355455322265625,6,9604,1786950335.6739337
0.3535694318895157,6,9614,1786950336.08042
0.35502620328355716,6,9624,1786950336.4856343
0.35810854328530173,6,9634,1786950336.90209
0.3580147986782008,6,9644,1786950337.3146458
0.35745250498255093,6,9654,1786950337.7210746
0.35604098232523085,6,9664,1786950338.1261573
0.3551361599005759,6,9674,1786950338.5326216
0.3535784902897748,6,9684,1786950338.94902
0.35294298761907744,6,9694,1786950339.3581421
0.35338605374097826,6,9704,1786950339.7673109
0.3530955021166139,6,9714,1786950340.159169
0.3536447115041114,6,9724,1786950340.552802
0.3535295997011034,6,9734,1786950340.9493077
0.3537394830813775,6,9744,1786950341.341074
0.35261776704341175,6,9754,1786950341.7357986
0.3527635421331336,6,9764,1786950342.1574454
0.35163974385885965,6,9774,1786950342.5498753
0.3513204911073973,6,9784,1786950342.9498563
0.35219265131110494,6,9794,1786950343.3523886
0.3526538775033421,6,9804,1786950343.763631
0.3522195009757643,6,9814,1786950344.161446
0.35223662488638086,6,9824,1786950344.5496137
0.35232845597590007,6,9834,1786950344.9501452
0.35392566849382556,6,9844,1786950345.3504982
0.35358497324585914,6,9854,1786950345.7531722
0.3534523408786923,6,9864,1786950346.1591134
0.3528685778666001,6,9874,1786950346.5540018
0.3527444010073284,6,9884,1786950346.9707003
0.3517192455077613,6,9894,1786950347.3728259
0.3521325041760098,6,9904,1786950347.7752566
0.35264969893864223,6,9914,1786950348.172678
0.35313680315749685,6,9924,1786950348.5698674
0.35327759721669655,6,9934,1786950348.968645
0.3535752532593274,6,9944,1786950349.3752983
0.3550205648690462,6,9954,1786950349.7722218
0.3550830900913379,6,9964,1786950350.165464
0.35517359034669016,6,9974,1786950350.5609062
0.3557123003971009,6,9984,1786950350.9635403
0.3557513391366228,6,9994,1786950351.3710372
0.35594518429957905,6,10004,1786950351.816062
0.3554974793936267,6,10014,1786950352.266291
0.3550377853770754,6,10024,1786950352.6800544
0.3554393500527915,6,10034,1786950353.0884552
0.3558372077734574,6,10044,1786950353.4852977
0.35641611644199916,6,10054,1786950353.8826866
0.35600011520822283,6,10064,1786950354.279997
0.35637510716915133,6,10074,1786950354.6649027
0.35656734947880653,6,10084,1786950355.059348
0.356836831066254,6,10094,1786950355.4753566
0.3575456510980924,6,10104,1786950355.874304
0.35794246433988997,6,10114,1786950356.281439
0.3579076172469498,6,10124,1786950356.7051957
0.3578888157239327,6,10134,1786950357.1293433
0.35758741424430773,6,10144,1786950357.5380373
0.35729948185384275,6,10154,1786950357.9396691
0.3576124264502231,6,10164,1786950358.3505774
0.35758619055878826,6,10174,1786950358.7541718
0.357319378134716,6,10184,1786950359.1590278
0.3574274764884086,6,10194,1786950359.5574102
0.35658990803886864,6,10204,1786950359.951189
0.3563501944029054,6,10214,1786950360.362501
0.3563292206361376,6,10224,1786950360.7510195
0.35593052917922086,6,10234,1786950361.1458051
0.35611729462829866,6,10244,1786950361.5398571
0.3563688791294893,6,10254,1786950361.9423578
0.3558967024906651,6,10264,1786950362.3719625
0.3561964061111212,6,10274,1786950362.7611365
0.3561284315361771,6,10284,1786950363.1605146
0.356028474027172,6,10294,1786950363.561179
0.35612460106611254,6,10304,1786950363.954869
0.3566261308422933,6,10314,1786950364.3472073
0.35661789163486246,6,10324,1786950364.7413325
0.35669925433336475,6,10334,1786950365.1479752
0.35628736812357953,6,10344,1786950365.5388455
0.35607351452112196,6,10354,1786950365.928538
0.3563410196563985,6,10364,1786950366.3322926
0.35661689104402766,6,10374,1786950366.7349222
0.3566570075391566,6,10384,1786950367.1450646
0.3565635620688017,6,10394,1786950367.5486276
0.3566671105793544,6,10404,1786950367.9389946
0.35678984248694384,6,10414,1786950368.3355696
0.3569032179975064,6,10424,1786950368.723069
0.3568593562477165,6,10434,1786950369.128994
0.3569899378019735,6,10444,1786950369.5284739
0.3580497245626016,6,10454,1786950369.9259589
0.35965793422750525,6,10464,1786950370.3282228
0.3603019787264722,6,10474,1786950370.721279
0.36058609707165606,6,10484,1786950371.128336
0.3609841985922111,6,10494,1786950371.5369377
0.3611384748635085,6,10504,1786950371.958442
0.3616302173199325,6,10514,1786950372.4184659
0.3618255184883745,6,10524,1786950372.830277
0.3620225845630896,6,10534,1786950373.2474215
0.36256833197940297,6,10544,1786950373.6618006
0.3630520178501805,6,10554,1786950374.0699327
0.3638553786499441,6,10564,1786950374.4878786
0.3643571512987379,6,10574,1786950374.8952932
0.36496621240687566,6,10584,1786950375.2969174
0.36509074262313307,6,10594,1786950375.6924
0.3659684399485588,6,10604,1786950376.106217
0.3659020917164901,6,10614,1786950376.4974897
0.3661665873851363,6,10624,1786950376.8801947
0.3660391657031141,6,10634,1786950377.286114
0.36621547113786374,6,10644,1786950377.7020733
0.36643281776171466,6,10654,1786950378.128037
0.3664734535544883,6,10664,1786950378.554909
0.3658970470229785,6,10674,1786950378.9695995
0.3661774013051413,6,10684,1786950379.382652
0.3659062039273888,6,10694,1786950379.7750347
0.3656756282735754,6,10704,1786950380.1857972
0.36593854872181136,6,10714,1786950380.589077
0.36567561569875173,6,10724,1786950381.0072653
0.36560036324072576,6,10734,1786950381.4200876
0.3654159667037374,6,10744,1786950381.8298693
0.36505081410918916,6,10754,1786950382.256019
0.36521935532701777,6,10764,1786950382.6457403
0.3650386048979323,6,10774,1786950383.0419757
0.36516698681182796,6,10784,1786950383.4418404
0.36494294616083306,6,10794,1786950383.839714
0.36482350554959525,6,10804,1786950384.2334335
0.3649061055624322,6,10814,1786950384.6385179
0.3651791920872773,6,10824,1786950385.042925
0.365038640877685,6,10834,1786950385.4519417
0.3647294851657528,6,10844,1786950385.8688855
0.36515032943089804,6,10854,1786950386.2717006
0.3650027584753289,6,10864,1786950386.66644
0.3646971911976212,6,10874,1786950387.0620427
0.3646338116791513,6,10884,1786950387.466978
0.3642668438712498,6,10894,1786950387.8554208
0.36441427389460224,6,10904,1786950388.2553053
0.462600976228714,7,10923,1786950389.0179868
0.43596316054463385,7,10933,1786950389.413625
0.421512645483017,7,10943,1786950389.8042998
0.4157656140625477,7,10953,1786950390.1959481
0.4077335450053215,7,10963,1786950390.5911357
0.39838359182079636,7,10973,1786950390.989222
0.3975168409092086,7,10983,1786950391.4092994
0.4011496787890792,7,10993,1786950391.8089824
0.3959592049320539,7,11003,1786950392.2460089
0.3940758925676346,7,11013,1786950392.6531458
0.3879946229132739,7,11023,1786950393.0527625
0.38522873980303607,7,11033,1786950393.461231
0.38087620597619276,7,11043,1786950393.8569536
0.37664882561990193,7,11053,1786950394.2572622
0.37416084577639896,7,11063,1786950394.6552508
0.3695041802711785,7,11073,1786950395.0501785
0.3693101571763263,7,11083,1786950395.45962
0.37017350238230495,7,11093,1786950395.8578944
0.37085444997800027,7,11103,1786950396.2560666
0.3694726773351431,7,11113,1786950396.6508474
0.36990960531291506,7,11123,1786950397.048027
0.3689800771122629,7,11133,1786950397.4559531
0.3689428497267806,7,11143,1786950397.8588023
0.3681040632848938,7,11153,1786950398.2490258
0.3679572342038155,7,11163,1786950398.647109
0.3682889906832805,7,11173,1786950399.0454218
0.3681314951291791,7,11183,1786950399.4645696
0.36775920811508384,7,11193,1786950399.8579721
0.36663158520542344,7,11203,1786950400.2484753
0.3672179951270421,7,11213,1786950400.6402931
0.36625351905822756,7,11223,1786950401.0326352
0.3654731672257185,7,11233,1786950401.4261389
0.3643454118660002,7,11243,1786950401.825294
0.36392562078202473,7,11253,1786950402.2572184
0.3635251881820815,7,11263,1786950402.6499994
0.36392352196077504,7,11273,1786950403.0413182
0.3634731090149364,7,11283,1786950403.4416924
0.363212638348341,7,11293,1786950403.8497121
0.36274750171563563,7,11303,1786950404.2574754
0.3617179335653782,7,11313,1786950404.6546485
0.36081617979741676,7,11323,1786950405.0467122
0.3593949592894032,7,11333,1786950405.5377207
0.35907227500926614,7,11343,1786950405.9296484
0.35814463299783794,7,11353,1786950406.3263714
0.35752995477782357,7,11363,1786950406.7176118
0.3575609474078469,7,11373,1786950407.107261
0.35740717646289377,7,11383,1786950407.5048604
0.3592313138457636,7,11393,1786950407.8924072
0.3602223083376884,7,11403,1786950408.287674
0.36428269669413565,7,11413,1786950408.6857991
0.3815397873520851,7,11423,1786950409.0847523
0.40067702930134075,7,11433,1786950409.4843094
0.4113234385848045,7,11443,1786950409.875622
0.4357934449281957,7,11453,1786950410.268924
0.4578323078968308,7,11463,1786950410.649982
0.485012567229569,7,11473,1786950411.0417836
0.5303048503764889,7,11483,1786950411.449939
0.5773982966511414,7,11493,1786950411.845301
0.6181507661938668,7,11503,1786950412.2764044
0.6493249970426163,7,11513,1786950412.6832702
0.6756451428669398,7,11523,1786950413.0911934
0.6952728798072184,7,11533,1786950413.4905303
0.7187982528692201,7,11543,1786950413.8814104
0.7425825308775529,7,11553,1786950414.2780952
0.7647866577139267,7,11563,1786950414.6769805
0.7831362756590049,7,11573,1786950415.0662158
0.7986008393008317,7,11583,1786950415.4656775
0.8130342658609152,7,11593,1786950415.8574145
0.8214032489104547,7,11603,1786950416.2544403
0.8314186029561929,7,11613,1786950416.6571097
0.8410577933343364,7,11623,1786950417.0564106
0.8461326459008787,7,11633,1786950417.457092
0.8497043801292982,7,11643,1786950417.8522167
0.8511981352559618,7,11653,1786950418.2506595
0.8505361787279447,7,11663,1786950418.6628344
0.8521969528770761,7,11673,1786950419.0686564
0.8553311473556927,7,11683,1786950419.4723003
0.8554847005277108,7,11693,1786950419.8712335
0.8557906661041176,7,11703,1786950420.2648273
0.8541076205857098,7,11713,1786950420.6679478
0.8512440958324774,7,11723,1786950421.0641408
0.8494901601315998,7,11733,1786950421.486167
0.8464536719113948,7,11743,1786950421.893943
0.8432653555380446,7,11753,1786950422.326171
0.8395453036357374,7,11763,1786950422.7265227
0.8353017413858758,7,11773,1786950423.1347103
0.8327480032354936,7,11783,1786950423.5396557
0.8294724404642527,7,11793,1786950423.9351566
0.8261087209153711,7,11803,1786950424.3382933
0.8232884995308187,7,11813,1786950424.7563555
0.8203090261135783,7,11823,1786950425.157749
0.8166051094460747,7,11833,1786950425.5605931
0.812518989286756,7,11843,1786950425.953385
0.8090914257821885,7,11853,1786950426.3590934
0.8058555701688717,7,11863,1786950426.7592747
0.8026749603605519,7,11873,1786950427.1527033
0.7999785896275461,7,11883,1786950427.5530188
0.7990056920264449,7,11893,1786950427.953194
0.7963504610489113,7,11903,1786950428.347429
0.7939904178828001,7,11913,1786950428.7410421
0.7910126631065171,7,11923,1786950429.1444426
0.788486954204592,7,11933,1786950429.5521443
0.7859555885195733,7,11943,1786950429.9514017
0.7834505524343023,7,11953,1786950430.3483484
0.7805881632935433,7,11963,1786950430.7537324
0.7779102213118436,7,11973,1786950431.1478648
0.776299517887218,7,11983,1786950431.550102
0.7736854495549643,7,11993,1786950431.9529865
0.7711439711511682,7,12003,1786950432.372545
0.7687958198785781,7,12013,1786950432.7683358
0.7666082385424021,7,12023,1786950433.1630485
0.7648660681343504,7,12033,1786950433.5639038
0.7628443818440479,7,12043,1786950433.9563584
0.7604811549709555,7,12053,1786950434.3493423
0.7596941472136456,7,12063,1786950434.7529743
0.7581626163474444,7,12073,1786950435.1492739
0.7575567627055013,7,12083,1786950435.5467024
0.7561648918663041,7,12093,1786950435.9430707
0.7536703484148538,7,12103,1786950436.34733
0.7516918187091748,7,12113,1786950436.7456915
0.7498649499140495,7,12123,1786950437.1424932
0.7478403265603253,7,12133,1786950437.5458777
0.746265421601815,7,12143,1786950437.9472806
0.7439697785483252,7,12153,1786950438.3427272
0.7412085747241974,7,12163,1786950438.7498534
0.7389582743483877,7,12173,1786950439.147995
0.7372945058533525,7,12183,1786950439.550257
0.738775284588337,7,12193,1786950439.9582934
0.7393608553002972,7,12203,1786950440.356798
0.7387460151085486,7,12213,1786950440.7629502
0.7387876909652739,7,12223,1786950441.157065
0.7378870013762604,7,12233,1786950441.5550842
0.7373105083865331,7,12243,1786950441.9689748
0.7364284116607993,7,12253,1786950442.3981807
0.7355563203272996,7,12263,1786950442.7943072
0.7339669077711947,7,12273,1786950443.1969652
0.7324420874571278,7,12283,1786950443.5989687
0.7303166579509127,7,12293,1786950443.9929988
0.7290075755591016,7,12303,1786950444.3870225
0.7278031151422433,7,12313,1786950444.78504
0.7256948976546315,7,12323,1786950445.179257
0.724008290490634,7,12333,1786950445.5716183
0.7219792128651292,7,12343,1786950445.9633682
0.7197418361488316,7,12353,1786950446.3629324
0.7175825945570551,7,12363,1786950446.7644925
0.7151671998202801,7,12373,1786950447.1577332
0.7131862852545011,7,12383,1786950447.5772572
0.7111905957093916,7,12393,1786950448.0082211
0.7090908661484718,7,12403,1786950448.4223082
0.70688092075785,7,12413,1786950448.827041
0.7047376481409104,7,12423,1786950449.2317224
0.7026967195205782,7,12433,1786950449.63401
0.7006932711192205,7,12443,1786950450.031211
0.699272165253952,7,12453,1786950450.4253604
0.6977387351855155,7,12463,1786950450.8112707
0.385149909555912,8,12482,1786950451.5491166
0.38649493977427485,8,12492,1786950451.938046
0.4119638259212176,8,12502,1786950452.3552194
0.43079087845981123,8,12512,1786950452.7522016
0.462366609275341,8,12522,1786950453.1501389
0.47719696884353957,8,12532,1786950453.5479522
0.47295774838754107,8,12542,1786950453.954313
0.48141230177134275,8,12552,1786950454.3626938
0.4855103176501062,8,12562,1786950454.78134
0.48148743823170664,8,12572,1786950455.1973646
0.4836052004586567,8,12582,1786950455.592062
0.48364382100601994,8,12592,1786950455.9909315
0.4863072639474502,8,12602,1786950456.4065204
0.48492755304489815,8,12612,1786950456.8048582
0.4779149185617765,8,12622,1786950457.202467
0.4741989948786795,8,12632,1786950457.6030269
0.4696965339429238,8,12642,1786950457.999978
0.4645641975932651,8,12652,1786950458.4016767
0.45658568684992035,8,12662,1786950458.7993014
0.455733774676919,8,12672,1786950459.1951785
0.45674832676138194,8,12682,1786950459.595054
0.45502250655130905,8,12692,1786950459.992653
0.4591743615658387,8,12702,1786950460.3978388
0.4611568974951903,8,12712,1786950460.7934473
0.45956205451488497,8,12722,1786950461.1949232
0.4562436423622645,8,12732,1786950461.59718
0.4538404218576573,8,12742,1786950461.9969475
0.4521023086139134,8,12752,1786950462.4175494
0.44953673132534683,8,12762,1786950462.8144925
0.44710392465194065,8,12772,1786950463.2071443
0.44598985227846333,8,12782,1786950463.6051552
0.44206224400550126,8,12792,1786950464.0087183
0.4381754952849764,8,12802,1786950464.4072316
0.4364043992231874,8,12812,1786950464.8054671
0.43398604793207984,8,12822,1786950465.202107
0.4320794044269456,8,12832,1786950465.6101973
0.42911347489099244,8,12842,1786950466.0003085
0.42689637275118575,8,12852,1786950466.394276
0.42423202915069386,8,12862,1786950466.7903001
0.4228767118230462,8,12872,1786950467.185634
0.42057263320539057,8,12882,1786950467.586115
0.4184525764059453,8,12892,1786950467.9796746
0.4165553144937338,8,12902,1786950468.3908052
0.41546253050592813,8,12912,1786950468.7753932
0.41440889838669037,8,12922,1786950469.173617
0.41248404017609097,8,12932,1786950469.5655007
0.41110447645187376,8,12942,1786950469.9505072
0.4099232969184717,8,12952,1786950470.3389754
0.40958120555293803,8,12962,1786950470.739688
0.4086566613912582,8,12972,1786950471.1348
0.4084532371338676,8,12982,1786950471.5491261
0.4069799291972931,8,12992,1786950471.9570675
0.4065015438030351,8,13002,1786950472.391209
0.40569072431988185,8,13012,1786950472.7898138
0.40443971945480867,8,13022,1786950473.1855752
0.4033976185534682,8,13032,1786950473.576042
0.4028850468104346,8,13042,1786950473.9819803
0.4023842215538025,8,13052,1786950474.3851845
0.40249108838832987,8,13062,1786950474.7998676
0.401440474341313,8,13072,1786950475.2321188
0.400704032280406,8,13082,1786950475.636479
0.4002367053541445,8,13092,1786950476.027321
0.3989765141454954,8,13102,1786950476.4156663
0.39777715764939786,8,13112,1786950476.8139896
0.3978552545492466,8,13122,1786950477.2113395
0.39696733899640313,8,13132,1786950477.615439
0.3955749478802752,8,13142,1786950478.0161366
0.3950011270449442,8,13152,1786950478.4257092
0.3944217369824216,8,13162,1786950478.8202362
0.3941238000350339,8,13172,1786950479.2240322
0.3932028676632425,8,13182,1786950479.6200526
0.3924502284369535,8,13192,1786950480.0149872
0.39193527386204835,8,13202,1786950480.4143517
0.39114354496469367,8,13212,1786950480.811459
0.3906173117756844,8,13222,1786950481.2147195
0.39034725402138737,8,13232,1786950481.6297145
0.38977605311514496,8,13242,1786950482.0479007
0.3891255677701571,8,13252,1786950482.473369
0.38863302539043787,8,13262,1786950482.8695304
0.3886367628723383,8,13272,1786950483.2713966
0.38813754080990215,8,13282,1786950483.6659265
0.3874036202706942,8,13292,1786950484.0470235
0.38765773963497346,8,13302,1786950484.4328182
0.3875234675194536,8,13312,1786950484.836599
0.3871179331400815,8,13322,1786950485.2355726
0.3867625255397586,8,13332,1786950485.6347575
0.3864440908891031,8,13342,1786950486.040885
0.3857869601893154,8,13352,1786950486.4436889
0.38508661046121895,8,13362,1786950486.8727596
0.38452787196470634,8,13372,1786950487.2849407
0.3836385723899354,8,13382,1786950487.6806216
0.3832468918727144,8,13392,1786950488.0753207
0.3826963778384911,8,13402,1786950488.466879
0.38272809767501154,8,13412,1786950488.8613837
0.3827853289638695,8,13422,1786950489.2822075
0.3823384845862165,8,13432,1786950489.6997025
0.38217207862390684,8,13442,1786950490.0996325
0.38197803162038324,8,13452,1786950490.5036266
0.3816729694078065,8,13462,1786950490.898862
0.38123510893434287,8,13472,1786950491.2993917
0.3808112031973825,8,13482,1786950491.692219
0.38058210920323343,8,13492,1786950492.1288002
0.3806142369158638,8,13502,1786950492.5229275
0.38041908592702106,8,13512,1786950492.9091096
0.37983148626628377,8,13522,1786950493.3061674
0.3796784584322628,8,13532,1786950493.7033532
0.37935176960357997,8,13542,1786950494.0929637
0.37880141023822406,8,13552,1786950494.489706
0.37852748346027976,8,13562,1786950494.8836575
0.3782475788688118,8,13572,1786950495.2784405
0.3778780160924873,8,13582,1786950495.6719413
0.3772380109676825,8,13592,1786950496.061661
0.3768007956972692,8,13602,1786950496.4580276
0.3766535756553997,8,13612,1786950496.8536355
0.37674522855359577,8,13622,1786950497.2484868
0.3773477979453987,8,13632,1786950497.6496518
0.3777319308211151,8,13642,1786950498.0418355
0.3779862504326186,8,13652,1786950498.4352815
0.37826794662019786,8,13662,1786950498.830685
0.3782010427179436,8,13672,1786950499.228043
0.3781913307641656,8,13682,1786950499.629701
0.37829852790006846,8,13692,1786950500.0231864
0.378057567260372,8,13702,1786950500.4281244
0.3781136567854593,8,13712,1786950500.834941
0.3776823349058628,8,13722,1786950501.2306473
0.3777405423600049,8,13732,1786950501.6220949
0.37735958348695686,8,13742,1786950502.0382
0.37747635738342067,8,13752,1786950502.4637024
0.3779178459457187,8,13762,1786950502.8511891
0.378697858401216,8,13772,1786950503.2505853
0.37880791875583525,8,13782,1786950503.6627846
0.37897853785279123,8,13792,1786950504.0650213
0.3796735603054215,8,13802,1786950504.4572914
0.38012154562148587,8,13812,1786950504.8459654
0.3809632722040017,8,13822,1786950505.2363818
0.3817715137923027,8,13832,1786950505.646623
0.38215600745412553,8,13842,1786950506.0381863
0.38192921280321,8,13852,1786950506.4401925
0.386225571086724,8,13862,1786950506.8418903
0.3920615645338382,8,13872,1786950507.2398493
0.3982070283211292,8,13882,1786950507.6462643
0.40172912263849253,8,13892,1786950508.0338953
0.4043584904835357,8,13902,1786950508.4276083
0.40656296163279976,8,13912,1786950508.821319
0.40844573055361877,8,13922,1786950509.219681
0.4101530320585182,8,13932,1786950509.6163392
0.41280438952198645,8,13942,1786950510.0112753
0.4139990512533365,8,13952,1786950510.4162087
0.41526060831926814,8,13962,1786950510.8211927
0.4165584064871073,8,13972,1786950511.2177367
0.41756095891658046,8,13982,1786950511.6156807
0.41794811376909674,8,13992,1786950512.0241842
0.4182141730841858,8,14002,1786950512.4563684
0.41967079568315635,8,14012,1786950512.8513608
0.42055170919145307,8,14022,1786950513.2491457
0.5369543194770813,9,14041,1786950514.0106783
0.5444590538740158,9,14051,1786950514.4097862
0.5068500459194183,9,14061,1786950514.8119137
0.49941756427288053,9,14071,1786950515.2051103
0.49493170946836473,9,14081,1786950515.6063056
0.4794079127411048,9,14091,1786950516.0060976
0.48534688161952155,9,14101,1786950516.4108286
0.4949934070929885,9,14111,1786950516.8280966
0.4980221372511652,9,14121,1786950517.2251794
0.49724736079573634,9,14131,1786950517.6270888
0.5024441517212174,9,14141,1786950518.018664
0.4968942151715358,9,14151,1786950518.4110513
0.5000660434365273,9,14161,1786950518.8065279
0.4979463729475226,9,14171,1786950519.2106962
0.49001593599716825,9,14181,1786950519.6319404
0.4883940945379436,9,14191,1786950520.0197144
0.4883503487004953,9,14201,1786950520.4142153
0.4862172130909231,9,14211,1786950520.8071647
0.48138893583887504,9,14221,1786950521.1951401
0.47903935484588145,9,14231,1786950521.5890367
0.47506757364386604,9,14241,1786950521.9860187
0.4728831322355704,9,14251,1786950522.4132812
0.46974706967239793,9,14261,1786950522.816275
0.47326237689703704,9,14271,1786950523.2102394
0.4797817940115929,9,14281,1786950523.6113
0.4820913411103762,9,14291,1786950524.0092747
0.4811251533528169,9,14301,1786950524.4089584
0.4821660714756165,9,14311,1786950524.8021007
0.48366280488412955,9,14321,1786950525.2016916
0.482345700537165,9,14331,1786950525.6087918
0.4797839542310084,9,14341,1786950526.0040753
0.4772874597227201,9,14351,1786950526.404005
0.4739995070253358,9,14361,1786950526.7989056
0.4727208132033839,9,14371,1786950527.1995122
0.4702534468472004,9,14381,1786950527.5991223
0.4724916370999482,9,14391,1786950528.0068288
0.47336199555445363,9,14401,1786950528.4107394
0.4735448350051516,9,14411,1786950528.8193634
0.4709570318269424,9,14421,1786950529.2206354
0.46799013821408153,9,14431,1786950529.6217241
0.46494108429405745,9,14441,1786950530.0225964
0.4640960383805491,9,14451,1786950530.4362555
0.4755279186679873,9,14461,1786950530.838345
0.48656787823208353,9,14471,1786950531.2313988
0.4894788289566835,9,14481,1786950531.649635
0.49355585774325805,9,14491,1786950532.0531275
0.5060643067226765,9,14501,1786950532.4767494
0.5161898266989737,9,14511,1786950532.8941982
0.5193296373346631,9,14521,1786950533.2962916
0.5197961577624083,9,14531,1786950533.6969018
0.5203213208300226,9,14541,1786950534.0928109
0.5207070489772238,9,14551,1786950534.4976764
0.5204291820385546,9,14561,1786950534.9171612
0.5204466321264152,9,14571,1786950535.339009
0.5186633329906247,9,14581,1786950535.7601602
0.5160881068956639,9,14591,1786950536.1710856
0.5141011526579397,9,14601,1786950536.5802243
0.511578871322603,9,14611,1786950536.989348
0.5102069567952116,9,14621,1786950537.4008493
0.5077972410991788,9,14631,1786950537.7968323
0.5057368400521943,9,14641,1786950538.1990876
0.5036264289410844,9,14651,1786950538.6243505
0.5036162638829814,9,14661,1786950539.0578024
0.5022160174208693,9,14671,1786950539.4832551
0.4998713715832967,9,14681,1786950539.893581
0.4990905742189198,9,14691,1786950540.298656
0.49796851000456666,9,14701,1786950540.700954
0.4966073969598202,9,14711,1786950541.1023636
0.4956651624454104,9,14721,1786950541.5067213
0.4976288855395147,9,14731,1786950541.9203038
0.49796698518412214,9,14741,1786950542.351948
0.49708917680092984,9,14751,1786950542.757725
0.4975231516953201,9,14761,1786950543.1574817
0.49725808598906607,9,14771,1786950543.5968392
0.49626053401827813,9,14781,1786950544.0049622
0.49509163841016984,9,14791,1786950544.4086182
0.49381784346777124,9,14801,1786950544.8101146
0.4925024333386085,9,14811,1786950545.2130582
0.49034989099902443,9,14821,1786950545.6096332
0.4882688984740525,9,14831,1786950546.0029867
0.4870785320706574,9,14841,1786950546.4080665
0.48522888799084396,9,14851,1786950546.8104796
0.48401964007910475,9,14861,1786950547.2002742
0.48253754309068125,9,14871,1786950547.6055627
0.48185671863310475,9,14881,1786950548.01277
0.48006247691810133,9,14891,1786950548.4202626
0.47918622700133545,9,14901,1786950548.8292944
0.4777819771742956,9,14911,1786950549.2497032
0.4772320325203826,9,14921,1786950549.6552517
0.4759936728825172,9,14931,1786950550.0633483
0.4748850373530781,9,14941,1786950550.478637
0.47363692205399277,9,14951,1786950550.889052
0.47250055376720684,9,14961,1786950551.303098
0.4709092945573812,9,14971,1786950551.7111564
0.46970011605243933,9,14981,1786950552.1432118
0.4683278591760124,9,14991,1786950552.5490396
0.46735524890809943,9,15001,1786950552.9505582
0.4658172296398148,9,15011,1786950553.3428497
0.4648160763837472,9,15021,1786950553.7389302
0.4632493534013629,9,15031,1786950554.1333623
0.46243404734990384,9,15041,1786950554.5370572
0.46134203075632163,9,15051,1786950554.9352577
0.46031357151935404,9,15061,1786950555.3326597
0.45933454756696634,9,15071,1786950555.7332432
0.45832452316369326,9,15081,1786950556.131028
0.4575346355238613,9,15091,1786950556.5397348
0.4567402915489451,9,15101,1786950556.9466968
0.4559590014387612,9,15111,1786950557.3618221
0.4551087477680193,9,15121,1786950557.7690606
0.4541625326533209,9,15131,1786950558.175287
0.4534336663111373,9,15141,1786950558.5788856
0.4526121221283185,9,15151,1786950558.9806607
0.4516445751277219,9,15161,1786950559.3972733
0.4505443603911421,9,15171,1786950559.7982118
0.4496150631554749,9,15181,1786950560.1973593
0.4487634460281195,9,15191,1786950560.606254
0.4481039460716594,9,15201,1786950561.030204
0.44715123150687097,9,15211,1786950561.4539356
0.4466164618667935,9,15221,1786950561.8876522
0.4456593304313719,9,15231,1786950562.3306956
0.4450184764633001,9,15241,1786950562.7468889
0.44442302576708986,9,15251,1786950563.161792
0.4436935933564252,9,15261,1786950563.5692341
0.44330746814488403,9,15271,1786950563.9962204
0.44293128549456595,9,15281,1786950564.4295135
0.4420671419550975,9,15291,1786950564.8385088
0.441636466211456,9,15301,1786950565.257381
0.4409855423786212,9,15311,1786950565.6682003
0.4406191823152147,9,15321,1786950566.0682182
0.4400883620003095,9,15331,1786950566.482153
0.4393719949738215,9,15341,1786950566.8809695
0.4392574953931299,9,15351,1786950567.276968
0.43852618533305654,9,15361,1786950567.6828785
0.4381446382614659,9,15371,1786950568.0903225
0.4378568275162467,9,15381,1786950568.487602
0.43773934131707337,9,15391,1786950568.8870394
0.4372411391867773,9,15401,1786950569.296932
0.43654668001269087,9,15411,1786950569.7079456
0.43581986406402623,9,15421,1786950570.1029422
0.4350877578290445,9,15431,1786950570.4940343
0.43433575563079924,9,15441,1786950570.8744962
0.43381521150364843,9,15451,1786950571.2719135
0.43328979011703206,9,15461,1786950571.6631014
0.4329479397843695,9,15471,1786950572.0960512
0.4325824395490104,9,15481,1786950572.5106938
0.4315312554728087,9,15491,1786950572.9076145
0.43089114358129144,9,15501,1786950573.2916772
0.43023804865676807,9,15511,1786950573.6810195
0.42962451961716547,9,15521,1786950574.0721674
0.42925060519079367,9,15531,1786950574.4683979
0.4288128347043565,9,15541,1786950574.8861024
0.42851317021505614,9,15551,1786950575.291222
0.4281666677323432,9,15561,1786950575.694088
0.4278755959123373,9,15571,1786950576.0941963
0.4272359808750691,9,15581,1786950576.5002136
2.0818357706069945,0,10,1786957371.2184176
1.4016792863607406,0,20,1786957371.6291232
1.1331161191066106,0,30,1786957372.0573192
0.9720319293439388,0,40,1786957372.4921417
0.8616323524713516,0,50,1786957372.887622
0.8173189798990885,0,60,1786957373.308204
0.7730817432914462,0,70,1786957373.7370226
0.7420625682920218,0,80,1786957374.1528409
0.7118386993805568,0,90,1786957374.5685349
0.6916208004951477,0,100,1786957374.994176
0.6760369341481816,0,110,1786957375.4206235
0.6584008149802685,0,120,1786957375.8421109
0.6421054115662208,0,130,1786957376.261876
0.6247169477599007,0,140,1786957376.6831
0.6112680864334107,0,150,1786957377.100459
0.6019950293004512,0,160,1786957377.516971
0.5930331247694353,0,170,1786957377.9307394
0.5863071529401673,0,180,1786957378.3553686
0.5794810736649915,0,190,1786957378.7702274
0.5766164030879736,0,200,1786957379.1860645
0.5708631597104527,0,210,1786957379.6037874
0.5652277833358808,0,220,1786957380.0127075
0.5593876729192941,0,230,1786957380.4381773
0.5541832611585656,0,240,1786957380.8552458
0.5477145183682441,0,250,1786957381.288457
0.5435015319058528,0,260,1786957381.7179043
0.5389491297028682,0,270,1786957382.177989
0.5344589751213789,0,280,1786957382.6124883
0.5305275992586695,0,290,1786957383.0320966
0.5277390555044015,0,300,1786957383.453334
0.5254373777777918,0,310,1786957383.893356
0.5232125540729612,0,320,1786957384.3194034
0.5216338183392178,0,330,1786957384.742374
0.5185100512907785,0,340,1786957385.152716
0.5146694188884327,0,350,1786957385.5787008
0.5111381083312961,0,360,1786957386.0074902
0.5082192306180258,0,370,1786957386.4326992
0.5071100772603562,0,380,1786957386.8514383
0.504783552694015,0,390,1786957387.2608173
0.502861206419766,0,400,1786957387.684289
0.5015690247096667,0,410,1786957388.1186619
0.4996645843344075,0,420,1786957388.5664172
0.4969440712138664,0,430,1786957388.9975479
0.4951237295500257,0,440,1786957389.4479272
0.4948873025510046,0,450,1786957389.892971
0.49303115797431574,0,460,1786957390.3232138
0.49118505687789715,0,470,1786957390.7410083
0.4885317126599451,0,480,1786957391.1648707
0.4873857699182569,0,490,1786957391.5934925
0.4859264554679394,0,500,1786957392.0269282
0.4850696119315484,0,510,1786957392.4793372
0.4845892881258176,0,520,1786957392.9114354
0.4835020382730466,0,530,1786957393.3383217
0.482728400412533,0,540,1786957393.7730343
0.4811776448108933,0,550,1786957394.2010262
0.4807055212823408,0,560,1786957394.6246252
0.48090145846730786,0,570,1786957395.0479426
0.48045131828764387,0,580,1786957395.4878447
0.4793310135855513,0,590,1786957395.9153087
0.4791041676948468,0,600,1786957396.3366668
0.47898720852175697,0,610,1786957396.7576675
0.47846201920220927,0,620,1786957397.1649728
0.47741520052391384,0,630,1786957397.600467
0.4758847489254549,0,640,1786957398.0637457
0.474656524176781,0,650,1786957398.5079114
0.47382184612480077,0,660,1786957398.9477558
0.473739849297858,0,670,1786957399.3791869
0.4724732003010371,0,680,1786957399.8106575
0.4718457959484363,0,690,1786957400.2502925
0.4714202865319593,0,700,1786957400.677559
0.4705831072070229,0,710,1786957401.1144965
0.4693645871554812,0,720,1786957401.5428994
0.468113815437441,0,730,1786957401.9920542
0.46751821558620477,0,740,1786957402.44085
0.4666351076165835,0,750,1786957402.869936
0.46571533658394687,0,760,1786957403.301095
0.465085538660551,0,770,1786957403.7196233
0.4648368436174515,0,780,1786957404.1292465
0.46439862492718276,0,790,1786957404.5422115
0.4634644166380167,0,800,1786957404.9583766
0.46331937184304367,0,810,1786957405.3841465
0.4627088422818882,0,820,1786957405.8030396
0.46217500922909704,0,830,1786957406.2221384
0.46143750314201626,0,840,1786957406.6342318
0.4601805160676732,0,850,1786957407.050943
0.4590633676668932,0,860,1786957407.4664164
0.4587920708046562,0,870,1786957407.8883717
0.45920695945281875,0,880,1786957408.2981133
0.4582021776712343,0,890,1786957408.7197216
0.45775000441405506,0,900,1786957409.13815
0.4573545599540511,0,910,1786957409.5522962
0.45723491830994256,0,920,1786957409.966559
0.4565494315438373,0,930,1786957410.3846753
0.45655880264462306,0,940,1786957410.805635
0.45611020444255124,0,950,1786957411.2136912
0.4557103970864167,0,960,1786957411.6335828
0.45542625623572736,0,970,1786957412.0863922
0.45479181769246957,0,980,1786957412.5237498
0.4543431326445907,0,990,1786957412.9631932
0.4535850477665663,0,1000,1786957413.3891747
0.452852295044035,0,1010,1786957413.816788
0.45254754513209944,0,1020,1786957414.245174
0.45251189775547934,0,1030,1786957414.6938102
0.45196842641498036,0,1040,1786957415.1132512
0.4517020942057882,0,1050,1786957415.535391
0.45119830101447284,0,1060,1786957415.949773
0.4505895364925126,0,1070,1786957416.3762918
0.45039914867116343,0,1080,1786957416.797996
0.45006574721784764,0,1090,1786957417.2167428
0.44968506291508675,0,1100,1786957417.6414397
0.4497875447611551,0,1110,1786957418.062546
0.4491645171307027,0,1120,1786957418.4824734
0.4489361493329031,0,1130,1786957418.9094303
0.44863151802044166,0,1140,1786957419.3403986
0.44816886993853944,0,1150,1786957419.7687416
0.44832830998147355,0,1160,1786957420.1901484
0.448071475352487,0,1170,1786957420.606624
0.4474931483425326,0,1180,1786957421.0245118
0.44770729355201,0,1190,1786957421.4489205
0.44743594526002806,0,1200,1786957421.8811822
0.4470193005420945,0,1210,1786957422.333753
0.44688638073743364,0,1220,1786957422.7449648
0.4469834403172741,0,1230,1786957423.1705174
0.44662460580227836,0,1240,1786957423.59197
0.447117407476902,0,1250,1786957424.0086892
0.4466263749888019,0,1260,1786957424.427038
0.44632511630537003,0,1270,1786957424.8457057
0.4461123235872947,0,1280,1786957425.2631621
0.4460143458820129,0,1290,1786957425.6791728
0.445772564216302,0,1300,1786957426.1021657
0.44645364178728514,0,1310,1786957426.5189016
0.4466356981997237,0,1320,1786957426.9316194
0.44649987788800904,0,1330,1786957427.3425124
0.44637660563214504,0,1340,1786957427.76047
0.4461242608781214,0,1350,1786957428.1741977
0.44586983733974833,0,1360,1786957428.5895998
0.44604876081656364,0,1370,1786957429.0100687
0.44607711558540664,0,1380,1786957429.4282196
0.446273669075194,0,1390,1786957429.8424418
0.44654120895479404,0,1400,1786957430.2691894
0.44634870266449367,0,1410,1786957430.7035239
0.44592179262512166,0,1420,1786957431.1366549
0.44611059096934913,0,1430,1786957431.5808983
0.4458896373398602,0,1440,1786957432.025727
0.44559566613929025,0,1450,1786957432.4794617
0.4454905748469372,0,1460,1786957432.9123387
0.44564893175752796,0,1470,1786957433.3475716
0.4460770813899266,0,1480,1786957433.7760246
0.44777722463711794,0,1490,1786957434.1992505
0.44859741096695266,0,1500,1786957434.6317115
0.44938320198793286,0,1510,1786957435.058652
0.4500693640132484,0,1520,1786957435.4803066
0.450433942023056,0,1530,1786957435.8901412
0.4506885315981004,0,1540,1786957436.3060615
0.4509817660143298,0,1550,1786957436.715762
0.5244099080562592,1,1569,1786957437.513033
0.4904979407787323,1,1579,1786957437.902508
0.4713134964307149,1,1589,1786957438.2987902
0.4751537568867207,1,1599,1786957438.6917083
0.48049409925937653,1,1609,1786957439.0851715
0.47031325151522957,1,1619,1786957439.4841373
0.4589961907693318,1,1629,1786957439.8730614
0.45645193941891193,1,1639,1786957440.2777944
0.4546067304081387,1,1649,1786957440.678815
0.44805037587881086,1,1659,1786957441.0766947
0.4513306972655383,1,1669,1786957441.4811013
0.4496084662775199,1,1679,1786957441.8902996
0.44682871401309965,1,1689,1786957442.3203278
0.4437865659594536,1,1699,1786957442.7169557
0.4376786873737971,1,1709,1786957443.1204264
0.4395136607810855,1,1719,1786957443.5234463
0.43847908921101514,1,1729,1786957443.931612
0.43984781901041664,1,1739,1786957444.3291035
0.4403525661481054,1,1749,1786957444.7179604
0.43795653969049453,1,1759,1786957445.1144989
0.4390711744626363,1,1769,1786957445.52108
0.4366891225630587,1,1779,1786957445.9166417
0.43660082959610486,1,1789,1786957446.319765
0.4338957557454705,1,1799,1786957446.7571714
0.43574330538511274,1,1809,1786957447.1715107
0.4411012941255019,1,1819,1786957447.5705042
0.44165982477090976,1,1829,1786957447.974986
0.4416129572583096,1,1839,1786957448.3748035
0.4412339487466319,1,1849,1786957448.7815366
0.4451796081165473,1,1859,1786957449.1953664
0.44398670143658114,1,1869,1786957449.6171122
0.4450968788471073,1,1879,1786957450.0251248
0.4429494880817153,1,1889,1786957450.4269001
0.4435792358044316,1,1899,1786957450.819279
0.44272168436220716,1,1909,1786957451.214314
0.440561118018296,1,1919,1786957451.6316628
0.4402431277407182,1,1929,1786957452.0843341
0.4388029782003478,1,1939,1786957452.4963882
0.43820932732942774,1,1949,1786957452.8950887
0.43984141256660225,1,1959,1786957453.2973392
0.4412165213285423,1,1969,1786957453.6997344
0.44251586060438836,1,1979,1786957454.1254327
0.44297392004451086,1,1989,1786957454.542428
0.44282138100401924,1,1999,1786957454.9466684
0.4445292142695851,1,2009,1786957455.343223
0.44516552074447924,1,2019,1786957455.7352726
0.444966384609963,1,2029,1786957456.1279006
0.44406566585724555,1,2039,1786957456.524435
0.44336610658436404,1,2049,1786957456.923112
0.442899621039629,1,2059,1786957457.3240604
0.4437934838381468,1,2069,1786957457.7162254
0.4440425423761973,1,2079,1786957458.1123745
0.44330721697155034,1,2089,1786957458.518437
0.44369948177977847,1,2099,1786957458.9149942
0.44284873287786136,1,2109,1786957459.3196392
0.44277473765292336,1,2119,1786957459.7229643
0.4416284680105092,1,2129,1786957460.1146767
0.44062279100561963,1,2139,1786957460.5103106
0.4402098401370695,1,2149,1786957460.9034946
0.4401730826745431,1,2159,1786957461.3037212
0.43961381719249193,1,2169,1786957461.7255177
0.4398704896290456,1,2179,1786957462.163476
0.4397150022406427,1,2189,1786957462.5565057
0.4394649476977065,1,2199,1786957462.9526007
0.4383660966845659,1,2209,1786957463.3483617
0.43911451812494884,1,2219,1786957463.743054
0.43871024422236343,1,2229,1786957464.1342146
0.4377409887445324,1,2239,1786957464.5292137
0.43719161828790887,1,2249,1786957464.9252048
0.43640804177948406,1,2259,1786957465.3230639
0.4359147431355127,1,2269,1786957465.7105365
0.43511925376951693,1,2279,1786957466.1136918
0.4348304329669639,1,2289,1786957466.5128314
0.4342995236451561,1,2299,1786957466.9050586
0.4341024717092514,1,2309,1786957467.298746
0.43403725275083593,1,2319,1786957467.6913404
0.4334704122760079,1,2329,1786957468.0910296
0.43301852960617115,1,2339,1786957468.490116
0.4328340995160839,1,2349,1786957468.8845952
0.43318914536386727,1,2359,1786957469.277828
0.432938434569924,1,2369,1786957469.6802833
0.4330967769753642,1,2379,1786957470.0780396
0.4333316802978516,1,2389,1786957470.481607
0.432886178756044,1,2399,1786957470.8814473
0.4333619681877248,1,2409,1786957471.2829514
0.4338216495028762,1,2419,1786957471.6878455
0.43333061022320013,1,2429,1786957472.118425
0.4332060308957642,1,2439,1786957472.5184317
0.43299058163433934,1,2449,1786957472.9213793
0.433124496837457,1,2459,1786957473.332456
0.4326107417816644,1,2469,1786957473.739041
0.43224269880548766,1,2479,1786957474.1501317
0.43211027976646216,1,2489,1786957474.5612545
0.43139752992924224,1,2499,1786957474.9790668
0.4312896073962513,1,2509,1786957475.3718824
0.43115987138201795,1,2519,1786957475.7647521
0.43118101346124077,1,2529,1786957476.154053
0.43085514979094874,1,2539,1786957476.5443084
0.43073468665883996,1,2549,1786957476.943347
0.43001118007302286,1,2559,1786957477.3382819
0.4292172448469861,1,2569,1786957477.7314718
0.42875397307615654,1,2579,1786957478.1239817
0.4280554537634248,1,2589,1786957478.5242405
0.4277100030332804,1,2599,1786957478.9208071
0.42854856431484223,1,2609,1786957479.3152018
0.4286603249187739,1,2619,1786957479.751258
0.4288542728000712,1,2629,1786957480.149315
0.42874937700452626,1,2639,1786957480.557704
0.42841764036395136,1,2649,1786957480.9473426
0.4285466452213851,1,2659,1786957481.3453047
0.42791080172802953,1,2669,1786957481.7621238
0.4275523685051927,1,2679,1786957482.1989617
0.4279429569840431,1,2689,1786957482.6022356
0.4278135650121329,1,2699,1786957483.0081887
0.4275433187510656,1,2709,1786957483.4150615
0.4278126550260289,1,2719,1786957483.8321538
0.42764813132010976,1,2729,1786957484.2388256
0.4278315940777124,1,2739,1786957484.6459594
0.42793342454844163,1,2749,1786957485.0490005
0.4280876503760616,1,2759,1786957485.4481049
0.4277056047369626,1,2769,1786957485.8495142
0.4284513154845746,1,2779,1786957486.2460394
0.42868389830114395,1,2789,1786957486.6493316
0.428965391543123,1,2799,1786957487.0452452
0.4287427739739418,1,2809,1786957487.444395
0.42853066127688166,1,2819,1786957487.846247
0.42887456167166627,1,2829,1786957488.242298
0.42908568246057255,1,2839,1786957488.6476018
0.4293775429905847,1,2849,1786957489.0517237
0.42949613916186186,1,2859,1786957489.4530237
0.42940453872198364,1,2869,1786957489.8504372
0.4291479313576763,1,2879,1786957490.250156
0.4288738147320604,1,2889,1786957490.6529891
0.4284918298361017,1,2899,1786957491.052283
0.4282863763416255,1,2909,1786957491.4603305
0.42802664369125576,1,2919,1786957491.860626
0.4280342312081017,1,2929,1786957492.287469
0.4278270740763865,1,2939,1786957492.6862264
0.42778044614217264,1,2949,1786957493.0834496
0.4278998256474733,1,2959,1786957493.4857779
0.427614549447036,1,2969,1786957493.888691
0.42794717356142864,1,2979,1786957494.2891564
0.42750267714678825,1,2989,1786957494.6804388
0.4275193533446226,1,2999,1786957495.0804965
0.4271996918320656,1,3009,1786957495.4708803
0.4271234032327998,1,3019,1786957495.8732708
0.4270306511497011,1,3029,1786957496.273618
0.42707457422606043,1,3039,1786957496.6781464
0.4270913691428684,1,3049,1786957497.070432
0.4267860754628976,1,3059,1786957497.4652398
0.42715110996898437,1,3069,1786957497.8682966
0.4268947528086995,1,3079,1786957498.2616549
0.42634299821129035,1,3089,1786957498.6669528
0.426452267489263,1,3099,1786957499.066863
0.42635263576622934,1,3109,1786957499.4645894
0.4378905087709427,2,3128,1786957500.2128882
0.41537071019411087,2,3138,1786957500.6264307
0.4163261204957962,2,3148,1786957501.0271525
0.41656931936740876,2,3158,1786957501.421433
0.4184674268960953,2,3168,1786957501.8170407
0.4125738799571991,2,3178,1786957502.2386415
0.40556939457144053,2,3188,1786957502.641955
0.4071762576699257,2,3198,1786957503.037975
0.40780588885148367,2,3208,1786957503.440132
0.40567900002002716,2,3218,1786957503.8415282
0.41089089106429705,2,3228,1786957504.2379274
0.4080749027431011,2,3238,1786957504.6362286
0.4088936489361983,2,3248,1786957505.0350626
0.4090211333973067,2,3258,1786957505.4356754
0.4086762454112371,2,3268,1786957505.835778
0.4103870106860995,2,3278,1786957506.2309332
0.4086744271657046,2,3288,1786957506.6273885
0.40781553669108284,2,3298,1786957507.028409
0.40687347870124013,2,3308,1786957507.4299326
0.40726211965084075,2,3318,1786957507.8244817
0.4050897019250052,2,3328,1786957508.2072957
0.40389400977980006,2,3338,1786957508.5913904
0.4054821699857712,2,3348,1786957508.9813988
0.4055342602233092,2,3358,1786957509.3910978
0.40660020053386686,2,3368,1786957509.803275
0.40607462181494786,2,3378,1786957510.1965363
0.4069896641704771,2,3388,1786957510.5934067
0.40766436297978675,2,3398,1786957510.9924877
0.40658244213153577,2,3408,1786957511.3764927
0.4062375671664874,2,3418,1786957511.778599
0.4059868891392985,2,3428,1786957512.1861227
0.4059295739978552,2,3438,1786957512.598442
0.405723757093603,2,3448,1786957513.0183017
0.406698741895311,2,3458,1786957513.4213924
0.4055150259392602,2,3468,1786957513.8141117
0.40525142343507875,2,3478,1786957514.204114
0.4061721187991065,2,3488,1786957514.602082
0.4058950282241169,2,3498,1786957514.99407
0.4057291539051594,2,3508,1786957515.3943768
0.40663142323493956,2,3518,1786957515.7964213
0.40631199777126314,2,3528,1786957516.1922214
0.40587823277428037,2,3538,1786957516.5829072
0.4056318066840948,2,3548,1786957516.982024
0.40562316274101085,2,3558,1786957517.3638527
0.404663471546438,2,3568,1786957517.7510746
0.40555500974473746,2,3578,1786957518.1355026
0.40654649823269945,2,3588,1786957518.52605
0.40560298996667066,2,3598,1786957518.9146926
0.40621272343762066,2,3608,1786957519.2977183
0.40632467329502103,2,3618,1786957519.7002478
0.4062038123023276,2,3628,1786957520.1100864
0.4070508067424481,2,3638,1786957520.5073
0.4072400861753608,2,3648,1786957520.9052823
0.4070422198485445,2,3658,1786957521.3033319
0.40815211090174586,2,3668,1786957521.6931767
0.4081050546573741,2,3678,1786957522.1418428
0.40768878501758243,2,3688,1786957522.5368922
0.4076942863135502,2,3698,1786957522.9412484
0.4075329202716633,2,3708,1786957523.3303664
0.40661113619804384,2,3718,1786957523.7199974
0.40611722796666816,2,3728,1786957524.114208
0.4058471493182644,2,3738,1786957524.511471
0.4057439891118852,2,3748,1786957524.9137378
0.40612795958295467,2,3758,1786957525.3048875
0.4057856264481178,2,3768,1786957525.7050347
0.4059331151572141,2,3778,1786957526.1042936
0.40595479723232897,2,3788,1786957526.504266
0.40628515052444797,2,3798,1786957526.903954
0.4065749193015306,2,3808,1786957527.2888494
0.4062202979411398,2,3818,1786957527.6797
0.4059911833262779,2,3828,1786957528.0654242
0.4061361098455058,2,3838,1786957528.4606502
0.4054353862592619,2,3848,1786957528.8523023
0.40563565794680567,2,3858,1786957529.2393198
0.40552647757530214,2,3868,1786957529.6356947
0.40516031807974767,2,3878,1786957530.033268
0.40466604546293033,2,3888,1786957530.4289093
0.40469273313497883,2,3898,1786957530.826199
0.4051745230261284,2,3908,1786957531.2292056
0.4061809004843235,2,3918,1786957531.628243
0.4059512244698442,2,3928,1786957532.0339046
0.40569409124734923,2,3938,1786957532.4553769
0.4061048431568835,2,3948,1786957532.8456998
0.4059493166350183,2,3958,1786957533.237184
0.4055948713947745,2,3968,1786957533.6342442
0.40639272006445154,2,3978,1786957534.0401485
0.40672306562292165,2,3988,1786957534.437934
0.4082715577022596,2,3998,1786957534.8361707
0.4101256693012259,2,4008,1786957535.2406745
0.4128757148981094,2,4018,1786957535.6293712
0.41856491284056024,2,4028,1786957536.0273197
0.4246391768040864,2,4038,1786957536.4295332
0.4385285496711731,2,4048,1786957536.829901
0.45163544733473593,2,4058,1786957537.2388728
0.462505133402975,2,4068,1786957537.6339478
0.4695008521278699,2,4078,1786957538.0403593
0.4730235925040294,2,4088,1786957538.4578912
0.4740799036257121,2,4098,1786957538.8634021
0.47574581976490793,2,4108,1786957539.273317
0.4774435033202171,2,4118,1786957539.6792662
0.47819133135351805,2,4128,1786957540.0817497
0.4791356098125963,2,4138,1786957540.4852486
0.47885382360625034,2,4148,1786957540.8918934
0.47871524144250616,2,4158,1786957541.3114297
0.47896204077062154,2,4168,1786957541.7150881
0.47946992285971374,2,4178,1786957542.1437278
0.47946146420229263,2,4188,1786957542.5457587
0.48018950778577063,2,4198,1786957542.942058
0.4802385840667497,2,4208,1786957543.3463707
0.48009565491567957,2,4218,1786957543.7486582
0.48155523192238164,2,4228,1786957544.1512897
0.48168907293251584,2,4238,1786957544.5421314
0.48188252873652804,2,4248,1786957544.9396331
0.4816395424959952,2,4258,1786957545.3577793
0.4811419263611669,2,4268,1786957545.7994413
0.4811563384173245,2,4278,1786957546.2218614
0.4810356662568883,2,4288,1786957546.6202025
0.4806866149781114,2,4298,1786957547.0211732
0.4808046016622992,2,4308,1786957547.4289694
0.481751728951931,2,4318,1786957547.8225305
0.4840474797181847,2,4328,1786957548.2263439
0.4843407838070979,2,4338,1786957548.6301782
0.48430394280732164,2,4348,1786957549.0367439
0.48395897702824686,2,4358,1786957549.432113
0.4837466128587723,2,4368,1786957549.8232908
0.48314425472229244,2,4378,1786957550.2223835
0.4829102565453747,2,4388,1786957550.6217225
0.4823636578395963,2,4398,1786957551.0089555
0.4817191192346026,2,4408,1786957551.4184935
0.4816814985871315,2,4418,1786957551.8269134
0.4810646659545316,2,4428,1786957552.251169
0.4810456441207366,2,4438,1786957552.64435
0.4807389115144436,2,4448,1786957553.041069
0.48068516738156775,2,4458,1786957553.4351246
0.4801154892422535,2,4468,1786957553.8319886
0.47942465318038185,2,4478,1786957554.2251549
0.4788226081724585,2,4488,1786957554.6256585
0.47834795940181485,2,4498,1786957555.022341
0.47796901743189035,2,4508,1786957555.4212425
0.47726292716605323,2,4518,1786957555.8140042
0.4765405512236534,2,4528,1786957556.2081702
0.4766492315791023,2,4538,1786957556.6008878
0.4761751910189649,2,4548,1786957556.9971328
0.47562653521696724,2,4558,1786957557.3953767
0.47503201443573523,2,4568,1786957557.7872543
0.474431744381173,2,4578,1786957558.1773767
0.4737149373203719,2,4588,1786957558.5736647
0.47341701422591465,2,4598,1786957558.9664779
0.47283016737275474,2,4608,1786957559.381271
0.472119066298008,2,4618,1786957559.7938387
0.4717033524979029,2,4628,1786957560.2082646
0.4712865333023824,2,4638,1786957560.6059742
0.47093489485628465,2,4648,1786957561.0004387
0.4702883013270118,2,4658,1786957561.3942535
0.46976448801255993,2,4668,1786957561.792891
0.41392156183719636,3,4687,1786957562.562242
0.43181544095277785,3,4697,1786957562.9497006
0.4421247601509094,3,4707,1786957563.3443131
0.4414514310657978,3,4717,1786957563.736376
0.43406775414943694,3,4727,1786957564.1233108
0.44214016050100324,3,4737,1786957564.521987
0.4426740923098155,3,4747,1786957564.912989
0.44093632884323597,3,4757,1786957565.3054295
0.4386436038547092,3,4767,1786957565.6974285
0.4396461546421051,3,4777,1786957566.1032543
0.43287364623763347,3,4787,1786957566.4950306
0.42958106522758804,3,4797,1786957566.904216
0.42510374257197747,3,4807,1786957567.3044417
0.4264600970915386,3,4817,1786957567.6941462
0.4262393897771835,3,4827,1786957568.081159
0.427208799123764,3,4837,1786957568.4782648
0.4253203036154018,3,4847,1786957568.8679082
0.42693569395277237,3,4857,1786957569.2817316
0.4285106638544484,3,4867,1786957569.6851203
0.42480296432971953,3,4877,1786957570.0782256
0.4247818452971322,3,4887,1786957570.469105
0.4233529043468562,3,4897,1786957570.8618743
0.42147668768530305,3,4907,1786957571.2573445
0.42183914395670097,3,4917,1786957571.6529422
0.4227089022397995,3,4927,1786957572.0463274
0.4216993996730218,3,4937,1786957572.4585054
0.42095099676538394,3,4947,1786957572.8501952
0.42109488280756135,3,4957,1786957573.2453358
0.42010736187984205,3,4967,1786957573.645636
0.4206569139162699,3,4977,1786957574.035645
0.4215486971601363,3,4987,1786957574.435294
0.42013890352100136,3,4997,1786957574.8305454
0.41873932616277176,3,5007,1786957575.226456
0.4190589946859023,3,5017,1786957575.6266994
0.41846558911459786,3,5027,1786957576.030653
0.41771239042282104,3,5037,1786957576.429912
0.41663835926635845,3,5047,1786957576.8277383
0.41785406211489123,3,5057,1786957577.2277045
0.4171787224518947,3,5067,1786957577.6232748
0.4163338866829872,3,5077,1786957578.014521
0.4164808747245044,3,5087,1786957578.4063573
0.4153040078424272,3,5097,1786957578.8154886
0.41615314317304036,3,5107,1786957579.2210765
0.4160543024539948,3,5117,1786957579.6150446
0.41660027480787704,3,5127,1786957580.0077143
0.4159813120637251,3,5137,1786957580.4083922
0.4161618735879026,3,5147,1786957580.803376
0.4156475830512742,3,5157,1786957581.196081
0.41499932472194945,3,5167,1786957581.5893054
0.4150023958981037,3,5177,1786957582.000992
0.415603748256085,3,5187,1786957582.4243975
0.4162412025607549,3,5197,1786957582.823745
0.4154775197213551,3,5207,1786957583.216604
0.41555767986509534,3,5217,1786957583.6122043
0.4161127612807534,3,5227,1786957584.0083644
0.4155975154467991,3,5237,1786957584.398794
0.41639664842371354,3,5247,1786957584.7963815
0.41657580846342546,3,5257,1786957585.1880374
0.4163564785304716,3,5267,1786957585.581639
0.41673188634216785,3,5277,1786957585.9791117
0.416914028100303,3,5287,1786957586.374245
0.4170215559822898,3,5297,1786957586.766191
0.4175253883950294,3,5307,1786957587.1549282
0.4179230296285823,3,5317,1786957587.5466325
0.4174916050755061,3,5327,1786957587.9364257
0.4169023372458689,3,5337,1786957588.329754
0.4167903360146195,3,5347,1786957588.7250035
0.4159277244964067,3,5357,1786957589.1120389
0.4156867235467054,3,5367,1786957589.5072916
0.4159247252345085,3,5377,1786957589.9071229
0.41606288636234445,3,5387,1786957590.3007436
0.41536164809432297,3,5397,1786957590.693668
0.41566113743880023,3,5407,1786957591.0771708
0.4150458478041597,3,5417,1786957591.4754796
0.41524867260456083,3,5427,1786957591.871334
0.414652506732627,3,5437,1786957592.2943976
0.4140321818265048,3,5447,1786957592.690476
0.4143854334950447,3,5457,1786957593.0841148
0.4147464114276669,3,5467,1786957593.4942853
0.4154901134222746,3,5477,1786957593.8869681
0.4161422906466472,3,5487,1786957594.2778354
0.4168398152037365,3,5497,1786957594.6719103
0.41748317889420383,3,5507,1786957595.0673275
0.4177781778786864,3,5517,1786957595.4609022
0.41751550050342784,3,5527,1786957595.8480613
0.4173650357265805,3,5537,1786957596.2404544
0.41722142559358444,3,5547,1786957596.6372292
0.41798540211536667,3,5557,1786957597.0360682
0.4180637175782343,3,5567,1786957597.4363635
0.41833693395058313,3,5577,1786957597.8200428
0.41870546891139104,3,5587,1786957598.2126775
0.4192472598798897,3,5597,1786957598.6014273
0.41951258230593896,3,5607,1786957598.9972107
0.41916625081224645,3,5617,1786957599.3923714
0.41935386274990283,3,5627,1786957599.7925153
0.41926744729280474,3,5637,1786957600.188599
0.4196493459423793,3,5647,1786957600.5851238
0.41947375648483937,3,5657,1786957600.983835
0.4190896503251008,3,5667,1786957601.3864515
0.4192848530113697,3,5677,1786957601.7864563
0.41884795766655764,3,5687,1786957602.2190886
0.41885971818484513,3,5697,1786957602.6172283
0.4188504072936993,3,5707,1786957603.0121338
0.41918505034767667,3,5717,1786957603.4052086
0.4187539853084655,3,5727,1786957603.8107164
0.41880965103518286,3,5737,1786957604.1994832
0.4199017660918637,3,5747,1786957604.592258
0.4202171826804126,3,5757,1786957604.9830878
0.420140542295001,3,5767,1786957605.3771737
0.419744907671755,3,5777,1786957605.7731247
0.42096054443904946,3,5787,1786957606.1696248
0.4206375689910991,3,5797,1786957606.5663645
0.4205981418358541,3,5807,1786957606.9723172
0.42112700727425123,3,5817,1786957607.3701127
0.42160366102405217,3,5827,1786957607.7703106
0.42179586555937243,3,5837,1786957608.1726818
0.4224668555534803,3,5847,1786957608.5732093
0.42260435806997754,3,5857,1786957608.980515
0.4224621315212811,3,5867,1786957609.382763
0.4223516731709242,3,5877,1786957609.78327
0.4223178227332013,3,5887,1786957610.183372
0.4222539661849131,3,5897,1786957610.5782502
0.42222995195931534,3,5907,1786957610.9724627
0.4221835401990721,3,5917,1786957611.37853
0.4221041732788086,3,5927,1786957611.79274
0.4220577582243889,3,5937,1786957612.2169738
0.42249719247104617,3,5947,1786957612.614101
0.4227945405058563,3,5957,1786957613.0019462
0.4226521503093631,3,5967,1786957613.397244
0.42262479197520475,3,5977,1786957613.7971814
0.42315631015155153,3,5987,1786957614.1866672
0.4228518035827261,3,5997,1786957614.5791357
0.4226759851202929,3,6007,1786957614.9776325
0.42274162715940333,3,6017,1786957615.3748448
0.42242639270093707,3,6027,1786957615.782113
0.42250216314021277,3,6037,1786957616.1866643
0.4227411609931584,3,6047,1786957616.5745926
0.42248105834359706,3,6057,1786957616.9621906
0.42238101903483166,3,6067,1786957617.3547733
0.4221520416119269,3,6077,1786957617.7534983
0.4221908860489832,3,6087,1786957618.150426
0.42183222081249866,3,6097,1786957618.5493405
0.4217215175707857,3,6107,1786957618.9462018
0.4215725858695805,3,6117,1786957619.3417394
0.4214287507842327,3,6127,1786957619.730536
0.4210807357442706,3,6137,1786957620.1241872
0.42050234747379006,3,6147,1786957620.516326
0.4201569679721787,3,6157,1786957620.9196625
0.41999691713776366,3,6167,1786957621.3154755
0.42001798902948695,3,6177,1786957621.7122903
0.4201129416460233,3,6187,1786957622.1359923
0.4205578528638733,3,6197,1786957622.5360248
0.42039619926728455,3,6207,1786957622.932718
0.42054530967559134,3,6217,1786957623.3271415
0.4208441615200812,3,6227,1786957623.725638
0.39275130033493044,4,6246,1786957624.4717026
0.38774496614933013,4,6256,1786957624.8661962
0.37238943378130596,4,6266,1786957625.2662463
0.3811591573059559,4,6276,1786957625.6599436
0.3821981436014175,4,6286,1786957626.0523798
0.3848687618970871,4,6296,1786957626.4453967
0.3853416021381106,4,6306,1786957626.849605
0.3865354210138321,4,6316,1786957627.245317
0.38712841305467816,4,6326,1786957627.6430259
0.38814226984977723,4,6336,1786957628.039749
0.38874002559618515,4,6346,1786957628.436648
0.3919373591740926,4,6356,1786957628.8316886
0.39457824436517863,4,6366,1786957629.236081
0.3955042346247605,4,6376,1786957629.6342387
0.397588296631972,4,6386,1786957630.0367358
0.39731516083702445,4,6396,1786957630.4344275
0.39847333930871065,4,6406,1786957630.835985
0.399124075886276,4,6416,1786957631.2326856
0.4000372818426082,4,6426,1786957631.630102
0.4002323808521032,4,6436,1786957632.032696
0.4006546832975887,4,6446,1786957632.4537282
0.4017283085394989,4,6456,1786957632.8508961
0.400659546709579,4,6466,1786957633.2390032
0.40171675017724434,4,6476,1786957633.6204169
0.4028635089993477,4,6486,1786957634.0046523
0.40248168426064346,4,6496,1786957634.392249
0.4027440593750389,4,6506,1786957634.7883074
0.40151634540941034,4,6516,1786957635.176074
0.4020251254069394,4,6526,1786957635.5642633
0.403660656362772,4,6536,1786957635.945432
0.4034221806353138,4,6546,1786957636.3404784
0.40310773500241337,4,6556,1786957636.7369883
0.40353719208276634,4,6566,1786957637.1269186
0.4033945391721585,4,6576,1786957637.5163233
0.4021937358379364,4,6586,1786957637.905652
0.40374165193902123,4,6596,1786957638.297816
0.40353832897302266,4,6606,1786957638.6874685
0.4050265272981242,4,6616,1786957639.0796368
0.40509474965242237,4,6626,1786957639.474007
0.40523238725960253,4,6636,1786957639.8663073
0.4056067043688239,4,6646,1786957640.252899
0.4055752788271223,4,6656,1786957640.6418092
0.40514246585757235,4,6666,1786957641.032618
0.4048289412801916,4,6676,1786957641.4307237
0.4048815409342448,4,6686,1786957641.8454072
0.40632201718247457,4,6696,1786957642.2712955
0.40683855801186664,4,6706,1786957642.673084
0.4068777575468024,4,6716,1786957643.075081
0.4071966113788741,4,6726,1786957643.4733305
0.40703661969304084,4,6736,1786957643.8771403
0.40718327962300355,4,6746,1786957644.2754598
0.4075267289406978,4,6756,1786957644.6830602
0.4070217998241479,4,6766,1786957645.0979912
0.4064655522229495,4,6776,1786957645.491325
0.40609669119119646,4,6786,1786957645.8839443
0.40613509105252366,4,6796,1786957646.2848508
0.40748749126990635,4,6806,1786957646.6785352
0.4083270011533951,4,6816,1786957647.0721824
0.4078207742612241,4,6826,1786957647.4629653
0.4075203341990709,4,6836,1786957647.8581653
0.4075426731686123,4,6846,1786957648.2589703
0.4063669954817141,4,6856,1786957648.648237
0.4060284208920267,4,6866,1786957649.0433989
0.40618130748625847,4,6876,1786957649.435192
0.40687812857902966,4,6886,1786957649.8200948
0.4065635249244444,4,6896,1786957650.2115388
0.4068019499752059,4,6906,1786957650.6067336
0.4070357198881752,4,6916,1786957651.0045516
0.40773533571889436,4,6926,1786957651.39793
0.4073873562685081,4,6936,1786957651.796207
0.40715705267560315,4,6946,1786957652.216832
0.40685394805752567,4,6956,1786957652.6069663
0.40683160928422457,4,6966,1786957653.0008645
0.4063281070340324,4,6976,1786957653.390854
0.40655822906891503,4,6986,1786957653.785171
0.4063855561574823,4,6996,1786957654.1753595
0.4064294690242061,4,7006,1786957654.5716
0.40664046038037693,4,7016,1786957654.9687676
0.4065079555292673,4,7026,1786957655.3647392
0.40602456191554664,4,7036,1786957655.7616782
0.4060339037834862,4,7046,1786957656.1627185
0.40606162706162874,4,7056,1786957656.5615869
0.4063696600766067,4,7066,1786957656.9739332
0.407057434551063,4,7076,1786957657.372185
0.4075116216259844,4,7086,1786957657.7637362
0.40752881351251935,4,7096,1786957658.1503773
0.4077209901706926,4,7106,1786957658.5406904
0.4083589394492182,4,7116,1786957658.9353936
0.4089607724145557,4,7126,1786957659.32918
0.40932620735632047,4,7136,1786957659.7241676
0.4097087466618517,4,7146,1786957660.1101673
0.4096594649974419,4,7156,1786957660.502728
0.4095955663310584,4,7166,1786957660.890323
0.4101090411715051,4,7176,1786957661.2824576
0.41022786060446187,4,7186,1786957661.677969
0.4112089736231913,4,7196,1786957662.0993416
0.4113654756668917,4,7206,1786957662.501828
0.41144484518742075,4,7216,1786957662.8975964
0.4111373966089403,4,7226,1786957663.2883418
0.4106734215915203,4,7236,1786957663.6861901
0.41127734945552186,4,7246,1786957664.0742126
0.41175985426879397,4,7256,1786957664.46677
0.41191277509754143,4,7266,1786957664.8599834
0.412131051088755,4,7276,1786957665.2531538
0.4117357988016946,4,7286,1786957665.6461034
0.41140827238559724,4,7296,1786957666.0301335
0.4116646382296197,4,7306,1786957666.4174073
0.4116264273171072,4,7316,1786957666.8033602
0.4112524747575095,4,7326,1786957667.212186
0.4122374651919712,4,7336,1786957667.6005986
0.4121413812175527,4,7346,1786957667.992168
0.4117990382015705,4,7356,1786957668.378799
0.41186583967862933,4,7366,1786957668.7701964
0.41222268776935445,4,7376,1786957669.1631901
0.41231042170006293,4,7386,1786957669.554526
0.4126524921378185,4,7396,1786957669.9403229
0.41276814395036454,4,7406,1786957670.3330674
0.4125178686137927,4,7416,1786957670.7243786
0.41253719735546274,4,7426,1786957671.1122003
0.41254720437029996,4,7436,1786957671.5191524
0.41250089022738873,4,7446,1786957671.9306087
0.4127053689028396,4,7456,1786957672.3533084
0.412642213023775,4,7466,1786957672.7473369
0.4123770847676262,4,7476,1786957673.144171
0.412400719165802,4,7486,1786957673.5424643
0.4123349376141079,4,7496,1786957673.9435234
0.4123049991102669,4,7506,1786957674.3312922
0.4122545275022276,4,7516,1786957674.729829
0.41195228747850243,4,7526,1786957675.1284108
0.41190969282617934,4,7536,1786957675.5250816
0.41179846972227097,4,7546,1786957675.923411
0.4119161667810245,4,7556,1786957676.3233361
0.4123959649214171,4,7566,1786957676.7176118
0.41195920666874347,4,7576,1786957677.1151576
0.4122764276906296,4,7586,1786957677.5036843
0.41254243080449454,4,7596,1786957677.9073498
0.4123954851153123,4,7606,1786957678.3051088
0.412404299656982,4,7616,1786957678.7018611
0.41269722026672295,4,7626,1786957679.1009562
0.4125331157765218,4,7636,1786957679.5008957
0.4122983240806465,4,7646,1786957679.899299
0.4123743080861971,4,7656,1786957680.2926366
0.4123785877457032,4,7666,1786957680.6861024
0.41214824030175806,4,7676,1786957681.0884762
0.4119650212135808,4,7686,1786957681.475971
0.41221011228961485,4,7696,1786957681.8648295
0.411911233702079,4,7706,1786957682.2854784
0.41173663261170323,4,7716,1786957682.6815953
0.41142790150522385,4,7726,1786957683.0730739
0.4111984824041526,4,7736,1786957683.4648428
0.41085772406778587,4,7746,1786957683.8584473
0.4109759872387114,4,7756,1786957684.260979
0.41085138577066993,4,7766,1786957684.6513872
0.41081217065840575,4,7776,1786957685.0424218
0.4108513760278302,4,7786,1786957685.436622
0.3982336908578873,5,7805,1786957686.1670535
0.41903013437986375,5,7815,1786957686.5532231
0.41933275361855826,5,7825,1786957686.944841
0.41303752437233926,5,7835,1786957687.3365192
0.41128682374954223,5,7845,1786957687.7282097
0.40569789210955304,5,7855,1786957688.1294558
0.40251272661345344,5,7865,1786957688.5320542
0.39855066128075123,5,7875,1786957688.922491
0.4025475349691179,5,7885,1786957689.321779
0.40162032276391985,5,7895,1786957689.7306764
0.4001254672353918,5,7905,1786957690.133127
0.3989197749644518,5,7915,1786957690.5315917
0.3981278124910135,5,7925,1786957690.9270115
0.40010258736354964,5,7935,1786957691.3169777
0.40121154993772506,5,7945,1786957691.7033696
0.40156867960467935,5,7955,1786957692.1258063
0.40317484902984957,5,7965,1786957692.5214615
0.4028010456926293,5,7975,1786957692.9145932
0.4016207314635578,5,7985,1786957693.3111827
0.40261749930679797,5,7995,1786957693.7020385
0.40162948675098875,5,8005,1786957694.1006331
0.39983890063383365,5,8015,1786957694.4992027
0.39842448824125787,5,8025,1786957694.8920414
0.39751283793399733,5,8035,1786957695.2831511
0.3978769126534462,5,8045,1786957695.676228
0.39804643684854873,5,8055,1786957696.0745137
0.39918452473702254,5,8065,1786957696.464247
0.3976277679737125,5,8075,1786957696.8533394
0.398875082515437,5,8085,1786957697.2478876
0.39998971079786616,5,8095,1786957697.633141
0.39947005072909014,5,8105,1786957698.0183318
0.40122257876209916,5,8115,1786957698.4200914
0.4004018076893055,5,8125,1786957698.8213596
0.40045457153635866,5,8135,1786957699.2264304
0.4021622762084007,5,8145,1786957699.6208441
0.4007969498220417,5,8155,1786957700.0154207
0.401525087694864,5,8165,1786957700.4133568
0.40004307808060396,5,8175,1786957700.816183
0.3997634368065076,5,8185,1786957701.222172
0.3995806608349085,5,8195,1786957701.6251228
0.40071440568057504,5,8205,1786957702.053408
0.40205139684535207,5,8215,1786957702.4770384
0.4016602749394816,5,8225,1786957702.8882303
0.40172915550118143,5,8235,1786957703.2873747
0.40269670555988946,5,8245,1786957703.6811998
0.4031204030241655,5,8255,1786957704.075192
0.40286588792471173,5,8265,1786957704.4733233
0.402811843684564,5,8275,1786957704.87594
0.40292055895742107,5,8285,1786957705.2803066
0.4049025414288044,5,8295,1786957705.685642
0.4049938593132823,5,8305,1786957706.0755436
0.40640420813400013,5,8315,1786957706.4774327
0.4089137831105376,5,8325,1786957706.8759336
0.40972998967325247,5,8335,1786957707.2704043
0.4126877090334892,5,8345,1786957707.6661162
0.4149451983560409,5,8355,1786957708.057435
0.4158078452212769,5,8365,1786957708.4597197
0.4167904436845204,5,8375,1786957708.8791826
0.4190920515838316,5,8385,1786957709.274376
0.4200850740323464,5,8395,1786957709.6765058
0.42177712499606806,5,8405,1786957710.07486
0.4235746315169719,5,8415,1786957710.474154
0.42632487844380124,5,8425,1786957710.892746
0.427679380425252,5,8435,1786957711.2919984
0.42990213804520094,5,8445,1786957711.6959429
0.4304964587769725,5,8455,1786957712.1263647
0.4301745233473493,5,8465,1786957712.5358927
0.42992882169783114,5,8475,1786957712.9403737
0.4323005261412565,5,8485,1786957713.3490894
0.43344857460686137,5,8495,1786957713.7668908
0.43388101846819194,5,8505,1786957714.1803136
0.4336061173222131,5,8515,1786957714.587721
0.433295675928462,5,8525,1786957714.9869199
0.433740531572619,5,8535,1786957715.389385
0.4342592521707217,5,8545,1786957715.785382
0.4337823332336388,5,8555,1786957716.1816437
0.4344489587785362,5,8565,1786957716.582425
0.4345959326968743,5,8575,1786957716.9762754
0.43486222162654126,5,8585,1786957717.3702505
0.43558654030784966,5,8595,1786957717.7622032
0.4352061892917127,5,8605,1786957718.1480682
0.43558185840161834,5,8615,1786957718.541162
0.43661205849374635,5,8625,1786957718.9415123
0.43715939310689766,5,8635,1786957719.340023
0.4368058208682958,5,8645,1786957719.7323945
0.43799875564006874,5,8655,1786957720.124255
0.43913812012165443,5,8665,1786957720.5196216
0.43922287813303146,5,8675,1786957720.917192
0.4391179564126422,5,8685,1786957721.3147526
0.4389030199746291,5,8695,1786957721.7111223
0.43802588819474964,5,8705,1786957722.1314034
0.43774837027101415,5,8715,1786957722.524415
0.43717751700070595,5,8725,1786957722.9251394
0.4369352767600658,5,8735,1786957723.3259532
0.4363429712464935,5,8745,1786957723.7243614
0.43612363206533095,5,8755,1786957724.1140673
0.43614625108917965,5,8765,1786957724.5085957
0.43556750615944667,5,8775,1786957724.8986764
0.4348972995624398,5,8785,1786957725.2878098
0.4343715472072363,5,8795,1786957725.6823678
0.4336020000352718,5,8805,1786957726.0814095
0.43365411724822195,5,8815,1786957726.4796352
0.43398949062650644,5,8825,1786957726.883631
0.43342360503111893,5,8835,1786957727.314616
0.43279619661115465,5,8845,1786957727.7530437
0.432661706616856,5,8855,1786957728.1516867
0.432351718090962,5,8865,1786957728.5679193
0.4322665197567807,5,8875,1786957728.9811645
0.43213822681696046,5,8885,1786957729.3876188
0.4318040662597526,5,8895,1786957729.7925897
0.43181085716765205,5,8905,1786957730.1933308
0.43189925379785044,5,8915,1786957730.5944521
0.43118597722686497,5,8925,1786957730.9920816
0.4309740479055204,5,8935,1786957731.402605
0.430867960271628,5,8945,1786957731.815694
0.4308729513965804,5,8955,1786957732.250805
0.4309863993754754,5,8965,1786957732.6514497
0.4310784296716674,5,8975,1786957733.0563776
0.43101436873944865,5,8985,1786957733.458403
0.4305701067795356,5,8995,1786957733.8527088
0.4303745209431845,5,9005,1786957734.256311
0.4302386183230603,5,9015,1786957734.6621852
0.4298937982175408,5,9025,1786957735.0607622
0.42938764979762417,5,9035,1786957735.4597938
0.42906745057106016,5,9045,1786957735.849205
0.4288062922774799,5,9055,1786957736.2466478
0.4284297850188308,5,9065,1786957736.640243
0.42790391682647166,5,9075,1786957737.0420032
0.42803413022396175,5,9085,1786957737.4451323
0.4284831790282176,5,9095,1786957737.8450704
0.4287717837641257,5,9105,1786957738.232175
0.42846125276251273,5,9115,1786957738.6283948
0.42811737499738994,5,9125,1786957739.0246263
0.4282814949083684,5,9135,1786957739.415498
0.4279748986827003,5,9145,1786957739.804876
0.42755895802641614,5,9155,1786957740.2004943
0.4276183939545694,5,9165,1786957740.598807
0.42739940426055933,5,9175,1786957740.9892871
0.42768758014380504,5,9185,1786957741.3861256
0.4274804873338767,5,9195,1786957741.787423
0.42732189849336094,5,9205,1786957742.2070315
0.4270859539718695,5,9215,1786957742.603115
0.4270265597146708,5,9225,1786957742.993391
0.42697682720091606,5,9235,1786957743.3944042
0.4269377669794806,5,9245,1786957743.8027434
0.42628546557197833,5,9255,1786957744.2190804
0.4259851549758392,5,9265,1786957744.6203327
0.4259611615659417,5,9275,1786957745.0322437
0.42603125086166715,5,9285,1786957745.447237
0.42579978075623515,5,9295,1786957745.8492084
0.42575963085258245,5,9305,1786957746.262284
0.425660572112783,5,9315,1786957746.6661458
0.42570018868625553,5,9325,1786957747.073005
0.425760250596644,5,9335,1786957747.483818
0.42602946205485254,5,9345,1786957747.8972275
0.38767230212688447,6,9364,1786957748.6783762
0.4132475793361664,6,9374,1786957749.0939019
0.4238643030325572,6,9384,1786957749.500937
0.4198369935154915,6,9394,1786957749.9071896
0.43148461759090423,6,9404,1786957750.3007936
0.44388936311006544,6,9414,1786957750.691082
0.4461760201624462,6,9424,1786957751.0850565
0.45766929127275946,6,9434,1786957751.4817238
0.4600740846660402,6,9444,1786957751.884481
0.45705326497554777,6,9454,1786957752.303994
0.45490160638635807,6,9464,1786957752.6967251
0.4559154850741228,6,9474,1786957753.0893862
0.45245110048697545,6,9484,1786957753.480748
0.4499916794044631,6,9494,1786957753.8695836
0.4468340156475703,6,9504,1786957754.2620919
0.44427829813212155,6,9514,1786957754.6608586
0.44073033262701594,6,9524,1786957755.0663514
0.43965790934032867,6,9534,1786957755.4661484
0.43714851266459415,6,9544,1786957755.8597312
0.4328026431053877,6,9554,1786957756.2539616
0.43258246516897564,6,9564,1786957756.6531615
0.4314201573756608,6,9574,1786957757.0506663
0.42952334900265154,6,9584,1786957757.4551792
0.42952592639873427,6,9594,1786957757.8642755
0.4293939957022667,6,9604,1786957758.25922
0.4283937458235484,6,9614,1786957758.6572669
0.4281881891466953,6,9624,1786957759.0557911
0.42804444139557224,6,9634,1786957759.4543848
0.4268129569189302,6,9644,1786957759.8492684
0.4258623281617959,6,9654,1786957760.241214
0.42558108890248886,6,9664,1786957760.6403766
0.42512711440213025,6,9674,1786957761.0393097
0.4255623441302415,6,9684,1786957761.4567504
0.42526128270170266,6,9694,1786957761.8738055
0.42387253254652024,6,9704,1786957762.2937863
0.42607188212374847,6,9714,1786957762.690303
0.42602616246487646,6,9724,1786957763.0816638
0.4257033401021832,6,9734,1786957763.479316
0.42547937566653277,6,9744,1786957763.8795888
0.42523695055395366,6,9754,1786957764.2777984
0.42703130946653645,6,9764,1786957764.6697927
0.4264725818165711,6,9774,1786957765.0509338
0.4267126410159954,6,9784,1786957765.4434261
0.42678782706233587,6,9794,1786957765.8384295
0.4256056930952602,6,9804,1786957766.2316804
0.4260802749382413,6,9814,1786957766.6299741
0.42624517549225627,6,9824,1786957767.013306
0.425734089470158,6,9834,1786957767.4096665
0.4256392894654858,6,9844,1786957767.796649
0.42471666672825814,6,9854,1786957768.1861198
0.42473824576419944,6,9864,1786957768.5854704
0.4242612843043529,6,9874,1786957768.9680068
0.42354334545023037,6,9884,1786957769.3631604
0.42371875497478023,6,9894,1786957769.7544076
0.4240922018343752,6,9904,1786957770.1437151
0.4242059963356171,6,9914,1786957770.5310452
0.42387933948060924,6,9924,1786957770.9223676
0.42307823647199005,6,9934,1786957771.3214097
0.42234442974046127,6,9944,1786957771.7117448
0.42180114892621834,6,9954,1786957772.1393666
0.42192748973115546,6,9964,1786957772.5411546
0.42204018809622335,6,9974,1786957772.9448228
0.4226222914599237,6,9984,1786957773.3479874
0.4228183295810595,6,9994,1786957773.747887
0.4230762319152172,6,10004,1786957774.1431918
0.4228142958924626,6,10014,1786957774.5444186
0.42271266946596886,6,10024,1786957774.9365976
0.4217918205568019,6,10034,1786957775.330948
0.4212770455773326,6,10044,1786957775.7320018
0.4205242737914835,6,10054,1786957776.1330035
0.4200377786453341,6,10064,1786957776.5418766
0.42003162012745937,6,10074,1786957776.9571624
0.4201951822393561,6,10084,1786957777.3584907
0.4195754185520314,6,10094,1786957777.7581935
0.4188909477988879,6,10104,1786957778.1525884
0.41899941357734954,6,10114,1786957778.553064
0.4190415653121936,6,10124,1786957778.9533355
0.4197344996799261,6,10134,1786957779.357075
0.4199807808934888,6,10144,1786957779.7460074
0.4193219265528023,6,10154,1786957780.1353898
0.4188367284190508,6,10164,1786957780.535724
0.41882692271979843,6,10174,1786957780.9253557
0.41915952931326556,6,10184,1786957781.3309503
0.4185207358960594,6,10194,1786957781.7450697
0.41848033363328263,6,10204,1786957782.184632
0.41792339064007583,6,10214,1786957782.590323
0.41773726493120195,6,10224,1786957782.984356
0.4175412260165269,6,10234,1786957783.3779151
0.4170254474108139,6,10244,1786957783.7843018
0.4166173403627343,6,10254,1786957784.1811516
0.41628100526529355,6,10264,1786957784.586156
0.41577464042474394,6,10274,1786957784.9760337
0.41543737920702145,6,10284,1786957785.3792043
0.41502348446148507,6,10294,1786957785.7781005
0.41470849172065133,6,10304,1786957786.1698165
0.4142049710576733,6,10314,1786957786.5814846
0.4142592234402588,6,10324,1786957786.9925978
0.41379780188506965,6,10334,1786957787.4179556
0.41392728993386935,6,10344,1786957787.8262272
0.41400239917635917,6,10354,1786957788.2407906
0.4136796949228438,6,10364,1786957788.652124
0.4135798870932822,6,10374,1786957789.0512779
0.41350109409360053,6,10384,1786957789.4775276
0.41340493138592976,6,10394,1786957789.890268
0.41322875349294574,6,10404,1786957790.2879746
0.41346814972612095,6,10414,1786957790.696844
0.4133779198766869,6,10424,1786957791.084306
0.413027733867919,6,10434,1786957791.5019305
0.4130748189917398,6,10444,1786957791.9048245
0.4131170496073636,6,10454,1786957792.3464484
0.4130413005480895,6,10464,1786957792.7594094
0.4125860618427396,6,10474,1786957793.16126
0.4121563756756023,6,10484,1786957793.5660436
0.41238245178471533,6,10494,1786957793.9651492
0.4126434153707131,6,10504,1786957794.366357
0.4127142707720913,6,10514,1786957794.7688656
0.41248758734546154,6,10524,1786957795.17019
0.41238818164851704,6,10534,1786957795.5801919
0.4123143073766171,6,10544,1786957795.9761422
0.41206406674037377,6,10554,1786957796.3704028
0.41196277724070984,6,10564,1786957796.7655447
0.4119737453270154,6,10574,1786957797.1506429
0.4114873342518884,6,10584,1786957797.545623
0.411781613805121,6,10594,1786957797.9398909
0.41179813739061355,6,10604,1786957798.343273
0.41193272538837933,6,10614,1786957798.747008
0.41197030930303213,6,10624,1786957799.1343296
0.4116456703166477,6,10634,1786957799.534123
0.4116348448072293,6,10644,1786957799.9242835
0.4112490193775067,6,10654,1786957800.3244596
0.4110793020092804,6,10664,1786957800.7222874
0.4112230588879549,6,10674,1786957801.1128318
0.41108319800823256,6,10684,1786957801.5221171
0.4110178897963531,6,10694,1786957801.9266422
0.4107602285566153,6,10704,1786957802.3535748
0.41066716259674113,6,10714,1786957802.7592788
0.41068095559403844,6,10724,1786957803.1562939
0.4106275097615477,6,10734,1786957803.5541615
0.4106518611847926,6,10744,1786957803.9458463
0.41060974821448326,6,10754,1786957804.3390374
0.41055057488434704,6,10764,1786957804.7392547
0.41024928147524176,6,10774,1786957805.130471
0.41018182298728634,6,10784,1786957805.5334542
0.4098059029525353,6,10794,1786957805.9248571
0.4096783434419796,6,10804,1786957806.3107996
0.40938845818785774,6,10814,1786957806.7112553
0.4093645707583752,6,10824,1786957807.114865
0.4092596253531205,6,10834,1786957807.514253
0.4093259485075938,6,10844,1786957807.9146535
0.4095634604593118,6,10854,1786957808.3120773
0.40944656332004936,6,10864,1786957808.7173357
0.4094870029605533,6,10874,1786957809.1267154
0.40934400187403547,6,10884,1786957809.5340676
0.40914705727588047,6,10894,1786957809.950258
0.4090155560643442,6,10904,1786957810.3570218
0.37724887430667875,7,10923,1786957811.110639
0.38246975392103194,7,10933,1786957811.5124726
0.3767351537942886,7,10943,1786957812.0033567
0.38634092956781385,7,10953,1786957812.4273775
0.39202008664608,7,10963,1786957812.822622
0.38577648748954135,7,10973,1786957813.22766
0.38661606226648604,7,10983,1786957813.629167
0.38584775775671004,7,10993,1786957814.0233116
0.3836798402998183,7,11003,1786957814.416907
0.3833399897813797,7,11013,1786957814.805318
0.3866535032337362,7,11023,1786957815.194633
0.3893343202769756,7,11033,1786957815.5929637
0.3903722570492671,7,11043,1786957815.9891417
0.387981604039669,7,11053,1786957816.3867095
0.38735744237899783,7,11063,1786957816.782543
0.3903826721012592,7,11073,1786957817.1765506
0.3906132016111823,7,11083,1786957817.5793967
0.3920139965083864,7,11093,1786957817.9923637
0.3939416115221224,7,11103,1786957818.4213424
0.3956545297801495,7,11113,1786957818.827001
0.3949159359648114,7,11123,1786957819.2299554
0.39620470892299303,7,11133,1786957819.6356096
0.39556005882180256,7,11143,1786957820.0459895
0.3946502830212315,7,11153,1786957820.4459226
0.395234957754612,7,11163,1786957820.8421047
0.3943535307852121,7,11173,1786957821.23948
0.39550938998107554,7,11183,1786957821.6557696
0.3954323872391667,7,11193,1786957822.114658
0.39544627794931675,7,11203,1786957822.5371687
0.3949319064120452,7,11213,1786957822.9478354
0.3951018333915741,7,11223,1786957823.356181
0.39688893337734044,7,11233,1786957823.7824574
0.3974218946063157,7,11243,1786957824.2032368
0.39664543591001455,7,11253,1786957824.6211064
0.3967445595349584,7,11263,1786957825.0295944
0.39764447315699525,7,11273,1786957825.4425585
0.39753096679577954,7,11283,1786957825.8528147
0.39660338457477723,7,11293,1786957826.2616906
0.39706037629109164,7,11303,1786957826.6596603
0.3968570486083627,7,11313,1786957827.054457
0.39680445917495866,7,11323,1786957827.4527047
0.3978446144078459,7,11333,1786957827.8622663
0.3978949653201325,7,11343,1786957828.2731967
0.3973508827726949,7,11353,1786957828.691144
0.39713070223728814,7,11363,1786957829.093608
0.3987202147102874,7,11373,1786957829.5083973
0.39878764980016873,7,11383,1786957829.915325
0.3988850149946908,7,11393,1786957830.3174648
0.39967864237877787,7,11403,1786957830.732288
0.4000675548017025,7,11413,1786957831.1437366
0.3999768627917065,7,11423,1786957831.56136
0.40061390270980507,7,11433,1786957831.975045
0.39933666617802854,7,11443,1786957832.4126892
0.39838735670955094,7,11453,1786957832.809528
0.39865743788805874,7,11463,1786957833.2044802
0.3985152733645269,7,11473,1786957833.607915
0.39866898091215835,7,11483,1786957834.0082808
0.39898026986368773,7,11493,1786957834.40702
0.39930434125964925,7,11503,1786957834.8175132
0.40057691141963003,7,11513,1786957835.2026615
0.40248255876244093,7,11523,1786957835.5979788
0.4027932342021696,7,11533,1786957835.9956148
0.40579881199768614,7,11543,1786957836.3917122
0.4084781155455858,7,11553,1786957836.792973
0.413876400910891,7,11563,1786957837.1859305
0.4172168171767032,7,11573,1786957837.5925992
0.4202914659656695,7,11583,1786957838.0019865
0.42248970362193444,7,11593,1786957838.4011261
0.4248539231393648,7,11603,1786957838.8336217
0.4260230550169945,7,11613,1786957839.2385015
0.42624253832118614,7,11623,1786957839.6439514
0.4272327486011717,7,11633,1786957840.0475159
0.4279904176519342,7,11643,1786957840.458214
0.42895210784029314,7,11653,1786957840.8563514
0.42998970321814217,7,11663,1786957841.2581286
0.4309751110249444,7,11673,1786957841.6640964
0.43229525507270516,7,11683,1786957842.087407
0.4332089487558756,7,11693,1786957842.5015233
0.4342098613705816,7,11703,1786957842.914166
0.43419723875820637,7,11713,1786957843.3148093
0.43440569981380744,7,11723,1786957843.718883
0.43558673298940426,7,11733,1786957844.1218529
0.4378236937953765,7,11743,1786957844.5223703
0.4387492207544191,7,11753,1786957844.9204004
0.4404162897783167,7,11763,1786957845.3187068
0.4412806216713994,7,11773,1786957845.7190623
0.4427342121628509,7,11783,1786957846.1133392
0.4442532721229575,7,11793,1786957846.508057
0.44407665233933524,7,11803,1786957846.9088469
0.4447841115130319,7,11813,1786957847.310697
0.4453038455693276,7,11823,1786957847.705127
0.44586710094109827,7,11833,1786957848.1063664
0.44626297652721403,7,11843,1786957848.5078135
0.44698075747236293,7,11853,1786957848.9150066
0.4468794994918924,7,11863,1786957849.3226068
0.4471508594850699,7,11873,1786957849.7677367
0.4472720482607478,7,11883,1786957850.1621833
0.44698704402057493,7,11893,1786957850.5624437
0.44750102842696987,7,11903,1786957850.9509304
0.44823772716522214,7,11913,1786957851.34672
0.4480735978277603,7,11923,1786957851.7386384
0.44842962684000237,7,11933,1786957852.1603427
0.4485430114766926,7,11943,1786957852.5544713
0.4483797445606727,7,11953,1786957852.9502177
0.4484460067465192,7,11963,1786957853.34145
0.44832228110083994,7,11973,1786957853.7548103
0.44892670765658405,7,11983,1786957854.1576128
0.44905462427823634,7,11993,1786957854.5618243
0.4488001019036004,7,12003,1786957854.9792135
0.4488562489097769,7,12013,1786957855.394454
0.4484767767223152,7,12023,1786957855.8091645
0.44765344645295824,7,12033,1786957856.2272897
0.44760199368527503,7,12043,1786957856.6407416
0.44694382297365287,7,12053,1786957857.0591483
0.4467164548324502,7,12063,1786957857.46318
0.44656215420570866,7,12073,1786957857.8793695
0.4468878480868462,7,12083,1786957858.284663
0.4465207515884254,7,12093,1786957858.7067518
0.4468641477222202,7,12103,1786957859.1177692
0.44657220765948297,7,12113,1786957859.5254009
0.44611631521016115,7,12123,1786957859.945
0.4462336428097037,7,12133,1786957860.3682618
0.44616602957248686,7,12143,1786957860.7837934
0.4459573290280757,7,12153,1786957861.1884687
0.44566955752372744,7,12163,1786957861.6081765
0.44560555673780894,7,12173,1786957862.023987
0.4451025122497964,7,12183,1786957862.484903
0.4451165415812284,7,12193,1786957862.9080298
0.44463370673416197,7,12203,1786957863.333654
0.44469553112983706,7,12213,1786957863.756347
0.4442712079022677,7,12223,1786957864.1889586
0.44431534960414426,7,12233,1786957864.5939386
0.4439001594270979,7,12243,1786957864.995226
0.44376524339860945,7,12253,1786957865.4059818
0.44330718161883176,7,12263,1786957865.817079
0.44300161863074583,7,12273,1786957866.23146
0.4429825887192775,7,12283,1786957866.6496482
0.4428500797869503,7,12293,1786957867.07365
0.44242449527164157,7,12303,1786957867.4959228
0.4426381509431771,7,12313,1786957867.924226
0.44220298904899163,7,12323,1786957868.3554773
0.44232189384564546,7,12333,1786957868.7750182
0.4425013015528659,7,12343,1786957869.2027826
0.4427182878057162,7,12353,1786957869.6218014
0.4434284521176897,7,12363,1786957870.0420015
0.44342952727863233,7,12373,1786957870.4613764
0.44350558320681255,7,12383,1786957870.878135
0.4436799673816642,7,12393,1786957871.2906997
0.44355551216426314,7,12403,1786957871.6889014
0.44327229662736256,7,12413,1786957872.1401434
0.44297492626487023,7,12423,1786957872.5582695
0.4447700168349241,7,12433,1786957872.9756687
0.44895150419933344,7,12443,1786957873.3892186
0.4503983018073169,7,12453,1786957873.799208
0.4510165264914113,7,12463,1786957874.2110903
0.6181955009698867,8,12482,1786957874.9900045
0.6009765565395355,8,12492,1786957875.3972402
0.588982492685318,8,12502,1786957875.8144794
0.5717572785913945,8,12512,1786957876.2390823
0.5711907857656479,8,12522,1786957876.6451747
0.5668850387136142,8,12532,1786957877.0565088
0.568866515159607,8,12542,1786957877.4721498
0.5705500181764365,8,12552,1786957877.8833113
0.5691124684280819,8,12562,1786957878.3053658
0.5714088532328606,8,12572,1786957878.725018
0.5763664822686803,8,12582,1786957879.134601
0.566912100960811,8,12592,1786957879.5424218
0.5655057932321842,8,12602,1786957879.96314
0.5717841776353972,8,12612,1786957880.3760462
0.5743244369824727,8,12622,1786957880.7977886
0.5725002773106098,8,12632,1786957881.2144756
0.5719812070622163,8,12642,1786957881.6386342
0.5704250297612614,8,12652,1786957882.0940943
0.5650415588366358,8,12662,1786957882.525329
0.5603849440813065,8,12672,1786957882.9382384
0.5597219420330865,8,12682,1786957883.3439753
0.5569651117379015,8,12692,1786957883.75554
0.5536860411581785,8,12702,1786957884.1641529
0.5499165520071984,8,12712,1786957884.5841846
0.5447832316160202,8,12722,1786957884.9975312
0.5401704252912448,8,12732,1786957885.4139876
0.5363262045162696,8,12742,1786957885.8274586
0.5355632579752377,8,12752,1786957886.2310193
0.5357232598395183,8,12762,1786957886.6501942
0.5368859974543253,8,12772,1786957887.0635254
0.5356484168960202,8,12782,1786957887.4767747
0.5324764131568372,8,12792,1786957887.8891628
0.5302292886105451,8,12802,1786957888.2970583
0.5287038320127655,8,12812,1786957888.7180598
0.5248901726518358,8,12822,1786957889.1167068
0.5216186169121001,8,12832,1786957889.53715
0.5191649473196751,8,12842,1786957889.9613793
0.518012568040898,8,12852,1786957890.384793
0.5180814445018769,8,12862,1786957890.8030593
0.5162778232991695,8,12872,1786957891.213702
0.5145168553038342,8,12882,1786957891.6202543
0.5126280910912014,8,12892,1786957892.0290725
0.5113182558569798,8,12902,1786957892.473928
0.5098250622776421,8,12912,1786957892.8910472
0.5091026623381508,8,12922,1786957893.3043346
0.5080525954132494,8,12932,1786957893.7291386
0.506770414304226,8,12942,1786957894.1406596
0.5047046422958374,8,12952,1786957894.5491433
0.5042036836852832,8,12962,1786957894.963739
0.5039630392193795,8,12972,1786957895.378924
0.5019181950419557,8,12982,1786957895.8017998
0.5012339277909352,8,12992,1786957896.215804
0.5002884272134529,8,13002,1786957896.6334088
0.5008412817562068,8,13012,1786957897.053848
0.4996387295831333,8,13022,1786957897.478795
0.49821955263614653,8,13032,1786957897.8906677
0.49678668039932583,8,13042,1786957898.3008747
0.4960315669918882,8,13052,1786957898.7215197
0.4944435734364946,8,13062,1786957899.1386092
0.4929955812295278,8,13072,1786957899.5542736
0.4923373740716059,8,13082,1786957899.958463
0.492388945385333,8,13092,1786957900.362929
0.491065755249962,8,13102,1786957900.7679622
0.49043455976061523,8,13112,1786957901.1770012
0.4893381461271873,8,13122,1786957901.5917258
0.4880769038290689,8,13132,1786957902.0162275
0.4866266580215141,8,13142,1786957902.462143
0.48487422404920355,8,13152,1786957902.882479
0.48368499209915383,8,13162,1786957903.2906852
0.48307314574718474,8,13172,1786957903.7143195
0.48221197224838636,8,13182,1786957904.1252277
0.48205601957937083,8,13192,1786957904.541876
0.4807694622506834,8,13202,1786957904.9674087
0.48066215495000014,8,13212,1786957905.3816109
0.4795779658555985,8,13222,1786957905.7851613
0.4787042169782676,8,13232,1786957906.193582
0.47827790621426197,8,13242,1786957906.5971406
0.47816949874544756,8,13252,1786957907.0047314
0.47664703291050997,8,13262,1786957907.4079733
0.4761192568577826,8,13272,1786957907.8212779
0.47518216174693756,8,13282,1786957908.2393847
0.4740620561670966,8,13292,1786957908.6433172
0.4731451774397528,8,13302,1786957909.063835
0.47325936795345375,8,13312,1786957909.4748096
0.4723065927975318,8,13322,1786957909.8937588
0.4724270823909793,8,13332,1786957910.305404
0.4729601066859289,8,13342,1786957910.720661
0.4731443318961696,8,13352,1786957911.1280303
0.4728505205070035,8,13362,1786957911.551399
0.47248415928747917,8,13372,1786957911.9707196
0.4726183430342884,8,13382,1786957912.4117963
0.47198664816501346,8,13392,1786957912.8362758
0.4717863539053548,8,13402,1786957913.248899
0.47145479947645613,8,13412,1786957913.6652665
0.47116866988571066,8,13422,1786957914.0831206
0.4708107955288142,8,13432,1786957914.4961479
0.4706941547928397,8,13442,1786957914.904724
0.470131760972495,8,13452,1786957915.3229423
0.46971458712912567,8,13462,1786957915.741665
0.4696335910409689,8,13472,1786957916.1544316
0.4691923715543039,8,13482,1786957916.5679355
0.46831708066895894,8,13492,1786957916.9960837
0.46778808197060834,8,13502,1786957917.4135218
0.46751245562560284,8,13512,1786957917.8262641
0.467337687710921,8,13522,1786957918.2409346
0.4667453744923169,8,13532,1786957918.6554406
0.4667241907983183,8,13542,1786957919.06809
0.4659517921369385,8,13552,1786957919.4864104
0.46540093518998643,8,13562,1786957919.9103467
0.46492720542983573,8,13572,1786957920.3317606
0.46454613666545164,8,13582,1786957920.7345324
0.4643626209481486,8,13592,1786957921.1433444
0.46392094367637043,8,13602,1786957921.5516868
0.46352058396789064,8,13612,1786957921.9773722
0.46321213295926217,8,13622,1786957922.4281723
0.4627319095592047,8,13632,1786957922.8554463
0.46207478190334433,8,13642,1786957923.268511
0.46129972670795555,8,13652,1786957923.6787016
0.46137077431468404,8,13662,1786957924.0889244
0.4608478449160854,8,13672,1786957924.4862626
0.4602772837704863,8,13682,1786957924.9019172
0.45998432564197994,8,13692,1786957925.3054798
0.45976159127989435,8,13702,1786957925.7244298
0.45951697781922357,8,13712,1786957926.1419768
0.45925654891729356,8,13722,1786957926.552118
0.4589678386019336,8,13732,1786957926.9648805
0.45919424676754345,8,13742,1786957927.373153
0.45919676414923744,8,13752,1786957927.7927563
0.45905831787706347,8,13762,1786957928.2090347
0.4587286862387107,8,13772,1786957928.622425
0.4591155627642879,8,13782,1786957929.0379384
0.45904734318680834,8,13792,1786957929.45512
0.45894401330024676,8,13802,1786957929.878874
0.45902315630619206,8,13812,1786957930.2841628
0.4585061826860463,8,13822,1786957930.6946201
0.4587392481482204,8,13832,1786957931.1096075
0.4588520219182446,8,13842,1786957931.524388
0.4583922517148481,8,13852,1786957931.9573982
0.4589712284987779,8,13862,1786957932.394985
0.45858397689248837,8,13872,1786957932.8063302
0.4582882136634901,8,13882,1786957933.2218788
0.4579984945415611,8,13892,1786957933.6264727
0.45776277148015015,8,13902,1786957934.0356202
0.4575572087119023,8,13912,1786957934.4497979
0.45728749795206663,8,13922,1786957934.8764474
0.45699875744646545,8,13932,1786957935.2862618
0.4569826563604835,8,13942,1786957935.6990438
0.4574661317306596,8,13952,1786957936.1209137
0.4576995817806897,8,13962,1786957936.533037
0.45793199545145036,8,13972,1786957936.9566329
0.45800969831596144,8,13982,1786957937.3752952
0.4576692142376774,8,13992,1786957937.7930534
0.4576005637450935,8,14002,1786957938.201263
0.4574102505848005,8,14012,1786957938.6138365
0.45733102929207586,8,14022,1786957939.0172246
0.48634557127952577,9,14041,1786957939.7982316
0.5508591696619988,9,14051,1786957940.233993
0.5185543914635976,9,14061,1786957940.6693769
0.5135048411786556,9,14071,1786957941.0836322
0.5150549018383026,9,14081,1786957941.4813578
0.5281789456804593,9,14091,1786957941.9064493
0.5214264908007213,9,14101,1786957942.367004
0.5142863642424345,9,14111,1786957942.7923331
0.5102672517299652,9,14121,1786957943.212474
0.5124211457371711,9,14131,1786957943.6345725
0.5103705324909904,9,14141,1786957944.0464242
0.5105109877884388,9,14151,1786957944.4514637
0.507684001326561,9,14161,1786957944.8763962
0.5031840286084583,9,14171,1786957945.3027453
0.5011444900433223,9,14181,1786957945.727904
0.4987795053049922,9,14191,1786957946.1562574
0.4996891412664862,9,14201,1786957946.5797315
0.49606943163606854,9,14211,1786957946.9976258
0.49560019593489796,9,14221,1786957947.4054854
0.4902573046088219,9,14231,1786957947.8174329
0.48827315540540783,9,14241,1786957948.2320912
0.4847670663486828,9,14251,1786957948.6539001
0.48450222896493,9,14261,1786957949.0672197
0.4822194361438354,9,14271,1786957949.4842455
0.4817878303527832,9,14281,1786957949.8927276
0.48238112662847227,9,14291,1786957950.3040347
0.4805732593492225,9,14301,1786957950.7171288
0.4800903311797551,9,14311,1786957951.1314323
0.4783842324182905,9,14321,1786957951.5434425
0.4764664454261462,9,14331,1786957951.9651346
0.4752293960702035,9,14341,1786957952.4031277
0.47585204904899003,9,14351,1786957952.8210287
0.4749005202994202,9,14361,1786957953.2322094
0.47558381434749153,9,14371,1786957953.6466982
0.47514728571687426,9,14381,1786957954.0631042
0.4744082812633779,9,14391,1786957954.4760287
0.47567678496644306,9,14401,1786957954.8909352
0.4735166882213793,9,14411,1786957955.307786
0.473506135512621,9,14421,1786957955.7222946
0.47246781408786775,9,14431,1786957956.1352587
0.47140721918606177,9,14441,1786957956.5426764
0.47141239501181104,9,14451,1786957956.9628527
0.47135910842307777,9,14461,1786957957.373264
0.4713535497134382,9,14471,1786957957.7873306
0.46907919420136346,9,14481,1786957958.2039008
0.4679595246911049,9,14491,1786957958.6274135
0.4671850475225043,9,14501,1786957959.046924
0.4672570583721002,9,14511,1786957959.4548578
0.46794170858908674,9,14521,1786957959.8658488
0.4680604273676872,9,14531,1786957960.2821124
0.4681720218822068,9,14541,1786957960.696711
0.4677820498553606,9,14551,1786957961.1196957
0.4685305279943178,9,14561,1786957961.524391
0.4703349873423576,9,14571,1786957961.9414535
0.4706887199120088,9,14581,1786957962.391896
0.4702379784945931,9,14591,1786957962.796325
0.46942491520915114,9,14601,1786957963.204583
0.46891434064199183,9,14611,1786957963.6221824
0.46843528712199906,9,14621,1786957964.0497468
0.4681791403392951,9,14631,1786957964.4574246
0.4672373431139305,9,14641,1786957964.8678794
0.4667129988151212,9,14651,1786957965.2778678
0.46660036222329215,9,14661,1786957965.6832988
0.4656427168752998,9,14671,1786957966.101808
0.4637993526000243,9,14681,1786957966.513381
0.46312677390647655,9,14691,1786957966.9254491
0.46316908426694015,9,14701,1786957967.3465354
0.4638863686472178,9,14711,1786957967.7513785
0.46337286542723144,9,14721,1786957968.171245
0.4630957177494253,9,14731,1786957968.5786011
0.46253623053641385,9,14741,1786957968.9901488
0.4622925343405869,9,14751,1786957969.4002957
0.46209436995934133,9,14761,1786957969.8397274
0.46145767064110654,9,14771,1786957970.2601218
0.46031985074281695,9,14781,1786957970.6676388
0.45942047475592085,9,14791,1786957971.0733914
0.45863060786739573,9,14801,1786957971.495224
0.4577175801954208,9,14811,1786957971.9191692
0.4576325697046292,9,14821,1786957972.3707895
0.45678821878507736,9,14831,1786957972.7827559
0.4562299456677319,9,14841,1786957973.2044754
0.4556866073572054,9,14851,1786957973.6175935
0.45503690330738045,9,14861,1786957974.03472
0.45444991207193763,9,14871,1786957974.4560184
0.4543581677710309,9,14881,1786957974.890993
0.4545375544837741,9,14891,1786957975.3359878
0.4543762828255522,9,14901,1786957975.7552667
0.4540570943700996,9,14911,1786957976.189472
0.4531947545958369,9,14921,1786957976.6193643
0.45304870050814416,9,14931,1786957977.051275
0.4529553886789542,9,14941,1786957977.4679372
0.4517567483789247,9,14951,1786957977.8755372
0.45087270353750514,9,14961,1786957978.2924318
0.45095127261382467,9,14971,1786957978.7048924
0.4507889263724026,9,14981,1786957979.121451
0.45119910542853175,9,14991,1786957979.5407948
0.450967986205804,9,15001,1786957979.9565
0.45092961099378914,9,15011,1786957980.3753881
0.45139534444821,9,15021,1786957980.783114
0.451232090100646,9,15031,1786957981.19049
0.4507205448085719,9,15041,1786957981.6014974
0.4505701377841772,9,15051,1786957982.0170999
0.4497554021408257,9,15061,1786957982.4613376
0.4492186782595057,9,15071,1786957982.8762949
0.4484046061266036,9,15081,1786957983.303026
0.4475624588581751,9,15091,1786957983.7220633
0.4469546630003742,9,15101,1786957984.1362045
0.44657731047934957,9,15111,1786957984.55333
0.44711930270588723,9,15121,1786957984.9708428
0.4475644415075129,9,15131,1786957985.3972788
0.44747090938391987,9,15141,1786957985.8037174
0.44716381675430705,9,15151,1786957986.230673
0.44663685692095123,9,15161,1786957986.6396496
0.4465772842628914,9,15171,1786957987.048912
0.4459972362673801,9,15181,1786957987.4546785
0.44578854713974325,9,15191,1786957987.850097
0.4457635221827743,9,15201,1786957988.2615883
0.4455437168226404,9,15211,1786957988.6818974
0.4462367788583291,9,15221,1786957989.108051
0.4456475074713429,9,15231,1786957989.515586
0.4454155868119445,9,15241,1786957989.9182675
0.4450152120995717,9,15251,1786957990.326279
0.4451871649884596,9,15261,1786957990.7401652
0.44646656355790554,9,15271,1786957991.174019
0.4465112225651741,9,15281,1786957991.5929356
0.4469065479461163,9,15291,1786957992.0217934
0.44712872907636675,9,15301,1786957992.4654934
0.44682536931941286,9,15311,1786957992.870685
0.4469580310837243,9,15321,1786957993.2781553
0.4468981503408689,9,15331,1786957993.6905084
0.4476428186734214,9,15341,1786957994.0966587
0.4474286859347062,9,15351,1786957994.5071561
0.44694591055911287,9,15361,1786957994.9205253
0.44724451720492164,9,15371,1786957995.342842
0.4472977729528039,9,15381,1786957995.7541513
0.44791675612111304,9,15391,1786957996.1649635
0.4475001624139556,9,15401,1786957996.5669124
0.4479427506202373,9,15411,1786957996.9609344
0.44738047089722516,9,15421,1786957997.3770237
0.44717305539974145,9,15431,1786957997.7854116
0.447637961762594,9,15441,1786957998.2030659
0.4476713101313987,9,15451,1786957998.6056316
0.4474944368004799,9,15461,1786957999.0064037
0.4476839565154579,9,15471,1786957999.4116821
0.4481570261305776,9,15481,1786957999.8181336
0.4479250795833052,9,15491,1786958000.2368402
0.4476398102685708,9,15501,1786958000.651252
0.44780867953558223,9,15511,1786958001.0599055
0.44836534975759135,9,15521,1786958001.4680886
0.44825700277090075,9,15531,1786958001.887963
0.44849124529109097,9,15541,1786958002.316349
0.44845914332882353,9,15551,1786958002.7288141
0.44852235734073165,9,15561,1786958003.138885
0.44834595092318275,9,15571,1786958003.5561073
0.44823220137626896,9,15581,1786958003.9677393
